player_name,team,position,assists,goals,minutes_played,red_cards,yellow_cards,season
Aarón Escandell,Granada CF,Goalkeeper,,,283.0,1.0,1.0,s2122
Abdelkabir Abqar,Deportivo Alavés,Defender,,,,,,s2122
Abdessamad Ezzalzouli,FC Barcelona,Forward,,1.0,581.0,,4.0,s2122
Abdón Prats,RCD Mallorca,Forward,,3.0,633.0,,4.0,s2122
Adama Traoré,FC Barcelona,Forward,2.0,,378.0,,,s2122
Adnan Januzaj,Real Sociedad,Midfielder,,3.0,1625.0,,5.0,s2122
Adrià Pedrosa,RCD Espanyol de Barcelona,Defender,1.0,1.0,2722.0,,8.0,s2122
Adrián Butzke,,,,,,,,s2122
Adrián De la Fuente,Villarreal CF,Defender,,,,,,s2122
Adrián Embarba,RCD Espanyol de Barcelona,Forward,2.0,,1995.0,,4.0,s2122
Adrián Quintela,Rayo Vallecano,Goalkeeper,,,,,,s2122
Adrián Rodríguez,Deportivo Alavés,Goalkeeper,,,,,,s2122
Aihen Muñoz,Real Sociedad,Defender,,,1344.0,1.0,2.0,s2122
Aitor Fernández,Levante UD,Goalkeeper,,,1167.0,1.0,1.0,s2122
Aitor Paredes,Athletic Club,Defender,,,,,,s2122
Aitor Ruibal,Real Betis,Forward,,,858.0,,6.0,s2122
Alan Godoy,Deportivo Alavés,Forward,,,,,,s2122
Alberto Flores,Sevilla FC,Goalkeeper,,,,,,s2122
Alberto Moreno,Villarreal CF,Defender,2.0,3.0,1222.0,,3.0,s2122
Alberto Moreno Rebanal,Atlético de Madrid,Midfielder,,,,,,s2122
Alberto Perea,Cádiz CF,Midfielder,1.0,,775.0,,2.0,s2122
Alberto Soro,Granada CF,Midfielder,,,575.0,,,s2122
Aleix Febas,Málaga CF,Midfielder,1.0,2.0,1414.0,,2.0,s2122
Aleix Gorjón,RCD Espanyol de Barcelona,Forward,,,,,,s2122
Aleix Vidal,RCD Espanyol de Barcelona,Defender,,2.0,1905.0,,10.0,s2122
Alejandro Pérez Cea,RCD Espanyol de Barcelona,Midfielder,,,,,,s2122
Alejandro Asensio,Rayo Vallecano,Forward,,,12.0,,,s2122
Alejandro Cantero,Levante UD,Forward,1.0,,595.0,,1.0,s2122
Alejandro Catena,Rayo Vallecano,Defender,2.0,2.0,3240.0,,8.0,s2122
Alejandro Pozo,UD Almería,Midfielder,3.0,3.0,3174.0,,1.0,s2122
Alejandro Primo,Levante UD,Goalkeeper,,,90.0,,,s2122
Aleksander Sedlar,RCD Mallorca,Defender,,,401.0,1.0,3.0,s2122
Alessandro Burlamaqui,Valencia CF,Midfielder,,,,,,s2122
Alejandro Berenguer Remiro,Athletic Club,Forward,6.0,3.0,2172.0,,8.0,s2122
Alex Petxarroman,Athletic Club,Defender,,,401.0,,4.0,s2122
Alexandru Mircea Tirlea,Deportivo Alavés,Midfielder,,,14.0,,,s2122
Alexander Isak,Real Sociedad,Forward,2.0,6.0,2155.0,,6.0,s2122
Alexander Sørloth,Real Sociedad,Forward,,4.0,1760.0,,2.0,s2122
Alfonso González Martínez,RC Celta,Forward,,,,,,s2122
Alfonso Espino,Cádiz CF,Defender,2.0,2.0,3329.0,,6.0,s2122
Alfonso Pastor,Sevilla FC,Goalkeeper,,,,,,s2122
Alfonso Pedraza,Villarreal CF,Forward,4.0,4.0,1703.0,,2.0,s2122
Allan-Roméo Nyom,CD Leganés,Defender,1.0,1.0,1263.0,,5.0,s2122
Amath Ndiaye,RCD Mallorca,Forward,1.0,,884.0,,5.0,s2122
Ander Barrenetxea,Real Sociedad,Forward,1.0,1.0,548.0,,,s2122
Ander Capa,Athletic Club,Defender,,,3.0,,,s2122
Ander Guevara,Real Sociedad,Midfielder,,,870.0,,2.0,s2122
Ander Iruarrizaga,Athletic Club,Goalkeeper,,,,,,s2122
Ander Martín,Real Sociedad,Forward,,,85.0,,,s2122
Andoni Gorosabel,Real Sociedad,Defender,4.0,,2296.0,,4.0,s2122
Andrii Lunin,Real Madrid,Goalkeeper,,,180.0,,,s2122
Andrés Guardado,Real Betis,Midfielder,1.0,,1394.0,,4.0,s2122
Andrés Martín,CD Tenerife,Forward,2.0,2.0,699.0,,1.0,s2122
Anssumane Fati Vieira,FC Barcelona,Forward,,4.0,331.0,,,s2122
Ante Budimir,CA Osasuna,Forward,2.0,8.0,1742.0,,3.0,s2122
Anthony Lozano,Cádiz CF,Forward,2.0,7.0,1677.0,,8.0,s2122
Anthony Martial,Sevilla FC,Forward,1.0,,495.0,,1.0,s2122
Antoine Griezmann,Atlético de Madrid,Forward,4.0,3.0,1706.0,,3.0,s2122
Antonio Barragán,Elche CF,Defender,,,1022.0,,5.0,s2122
Antonio Blanco,Real Madrid,Midfielder,,,30.0,,,s2122
Antonio Gomís Alemañ,Atlético de Madrid,Goalkeeper,,,,,,s2122
Antonio Leal,,,,,,,,s2122
Antonio Marchena,Real Betis,Midfielder,,,,,,s2122
Antonio Pacheco,Villarreal CF,Midfielder,,,,,,s2122
José Antonio Rodríguez Díaz,Granada CF,Midfielder,1.0,6.0,2270.0,,4.0,s2122
Antonio Raíllo,RCD Mallorca,Defender,,2.0,1530.0,,8.0,s2122
Antonio Sivera,Deportivo Alavés,Goalkeeper,,,276.0,,1.0,s2122
Antonio Sánchez,RCD Mallorca,Midfielder,,1.0,1622.0,,3.0,s2122
Antonio Zarzana,Sevilla FC,Forward,,,,,,s2122
Aridane Hernández,CA Osasuna,Defender,,,1159.0,,1.0,s2122
Aritz Elustondo,Real Sociedad,Defender,1.0,4.0,2102.0,1.0,3.0,s2122
Arnau Comas,FC Barcelona,Defender,,,,,,s2122
Arnau Tenas,FC Barcelona,Goalkeeper,,,,,,s2122
Arnaut Danjuma,Villarreal CF,Midfielder,3.0,10.0,1477.0,,2.0,s2122
Asier Illarramendi,Real Sociedad,Midfielder,,,377.0,,1.0,s2122
Asier Villalibre,Athletic Club,Forward,,2.0,538.0,,,s2122
Augusto Solari,RC Celta,Midfielder,,,698.0,,5.0,s2122
Axel Werner,,,,,,,,s2122
Aïssa Mandi,Villarreal CF,Defender,,1.0,1374.0,,3.0,s2122
Alejandro Balde Martínez,FC Barcelona,Defender,,,187.0,,,s2122
Iván Martínez Gonzálvez,CA Osasuna,Forward,,,16.0,,,s2122
Tiago Manuel Dias Correia,Rayo Vallecano,Forward,2.0,1.0,851.0,,2.0,s2122
Benjamin Lecomte,Atlético de Madrid,Goalkeeper,,,,,1.0,s2122
Beñat Turrientes,R. Sociedad B,Midfielder,1.0,,1751.0,,4.0,s2122
Borja Iglesias,Real Betis,Forward,,10.0,1570.0,,4.0,s2122
Borja Mayoral,Getafe CF,Forward,1.0,6.0,1046.0,,3.0,s2122
Boulaye Dia,Villarreal CF,Forward,5.0,5.0,1266.0,,3.0,s2122
Brais Méndez,RC Celta,Midfielder,5.0,4.0,3036.0,,8.0,s2122
Brian Oliván,RCD Mallorca,Defender,,1.0,2188.0,,7.0,s2122
Bryan Gil,Valencia CF,Forward,1.0,,755.0,,3.0,s2122
Bryan Zaragoza,Granada CF,Midfielder,,,,,,s2122
Carles Aleñá,Getafe CF,Midfielder,2.0,1.0,2339.0,1.0,6.0,s2122
Carles Marco,Elche CF,Defender,,,,,,s2122
Carlo García,Villarreal CF,Midfielder,,,6.0,,,s2122
Carlos Akapo Martínez,Cádiz CF,Defender,,,1847.0,,4.0,s2122
Carlos Bacca,Granada CF,Forward,1.0,,508.0,,3.0,s2122
Carlos Benítez Royo,Levante UD,Midfielder,,,,,,s2122
Carlos Clerc,Levante UD,Defender,,,1517.0,,6.0,s2122
Carlos Domínguez,RC Celta,Defender,,,341.0,,1.0,s2122
Carlos Giménez,Levante UD,Defender,,,,,,s2122
Carlos Martín Domínguez,Atlético de Madrid,Midfielder,,,5.0,,1.0,s2122
Carlos Neva,Granada CF,Defender,,,2115.0,,1.0,s2122
Carlos Soler,Valencia CF,Midfielder,5.0,11.0,2480.0,,4.0,s2122
Carlos Henrique Casimiro,Real Madrid,Midfielder,3.0,1.0,2575.0,,11.0,s2122
Cesar Fernandez,RC Celta,Goalkeeper,,,,,,s2122
Carlos Manuel Pérez Sánchez,Valencia CF,Goalkeeper,,,,,,s2122
Cheikh Kane Sarr,Granada CF,Goalkeeper,,,,,,s2122
José Manuel Rodríguez Benito,SD Eibar,Defender,,1.0,1117.0,,5.0,s2122
Ezequiel Ávila,CA Osasuna,Forward,1.0,6.0,1873.0,1.0,7.0,s2122
Diego Trueba Chinchurreta,Getafe CF,Defender,,,,,,s2122
Claudio Bravo,Real Betis,Goalkeeper,,,1457.0,,2.0,s2122
Clément Grenier,RCD Mallorca,Midfielder,,1.0,56.0,,1.0,s2122
Clément Lenglet,FC Barcelona,Defender,1.0,,818.0,,4.0,s2122
Jorge Andújar Moreno,Levante UD,Defender,,1.0,114.0,,1.0,s2122
Jorge Carrillo Balea,RC Celta,Goalkeeper,,,,,,s2122
José Ángel Valdés Díaz,CA Osasuna,Defender,1.0,1.0,1084.0,1.0,2.0,s2122
Cristhian Mosquera,Valencia CF,Defender,,,209.0,,1.0,s2122
Cristian Rivero,AD Alcorcón,Goalkeeper,,,270.0,,,s2122
Cristian Tello,Real Betis,Forward,2.0,2.0,807.0,,2.0,s2122
Cristiano Piccini,,,,,,,,s2122
Cristo Romero,Real Sociedad,Defender,,,16.0,,,s2122
Cesar Moreno,,,,,,,,s2122
César Tárrega,Valencia CF,Defender,,,,,,s2122
Damián Rodríguez,RC Celta,Midfielder,,,,,,s2122
Damián Suárez,Getafe CF,Defender,3.0,,2720.0,,13.0,s2122
Daniel Alves da Silva,FC Barcelona,Defender,3.0,1.0,1103.0,1.0,2.0,s2122
Dani Ceballos,Real Madrid,Midfielder,,,267.0,,1.0,s2122
Daniel García Carrillo,Athletic Club,Midfielder,,,2190.0,,9.0,s2122
Daniel Gómez Alcón,Levante UD,Forward,2.0,4.0,1060.0,,1.0,s2122
Daniel Raba Antolín,Granada CF,Forward,,,24.0,,,s2122
Daniel José Rodríguez Vázquez,RCD Mallorca,Midfielder,3.0,3.0,2838.0,,7.0,s2122
Daniel Vivian,Athletic Club,Defender,1.0,2.0,1985.0,,2.0,s2122
Daniel Carvajal,Real Madrid,Defender,3.0,1.0,1549.0,,1.0,s2122
Daniel Cárdenas,Levante UD,Goalkeeper,,,2160.0,,3.0,s2122
Daniel Parejo,Villarreal CF,Midfielder,10.0,2.0,2708.0,,3.0,s2122
Daniel Rebollo,Real Betis,Goalkeeper,,,,,,s2122
Daniel Villahermosa,RCD Espanyol de Barcelona,Midfielder,,,22.0,,,s2122
Daniel Wass,Atlético de Madrid,Midfielder,,,45.0,,1.0,s2122
Darko Brašanac,CA Osasuna,Midfielder,2.0,1.0,2412.0,,9.0,s2122
Darwin Machís,Granada CF,Forward,2.0,4.0,1381.0,,2.0,s2122
Darío Benedetto,,,,,,,,s2122
Darío Poveda,SD Huesca,Forward,,2.0,788.0,,1.0,s2122
Darío Ramos,CA Osasuna,Goalkeeper,,,,,,s2122
David Alaba,Real Madrid,Defender,3.0,2.0,2644.0,,2.0,s2122
David García,CA Osasuna,Defender,,4.0,3105.0,,8.0,s2122
David Gil,Cádiz CF,Goalkeeper,,,,,,s2122
David López,RCD Espanyol de Barcelona,Midfielder,,,743.0,,1.0,s2122
David Silva,Real Sociedad,Midfielder,4.0,2.0,1731.0,1.0,4.0,s2122
David Soria,Getafe CF,Goalkeeper,,,3415.0,,4.0,s2122
David Timor,SD Huesca,Midfielder,,,1307.0,,6.0,s2122
Denis Cheryshev,Valencia CF,Forward,1.0,,555.0,,1.0,s2122
Denis Suárez,RC Celta,Midfielder,6.0,4.0,2835.0,,4.0,s2122
Diego Bri,Elche CF,Midfielder,,,,,,s2122
Diego Carlos Santos Silva,,,,,,,,s2122
Diego Conde,Getafe CF,Goalkeeper,,,5.0,,,s2122
Diego González,Elche CF,Defender,,,1788.0,1.0,3.0,s2122
Diego Lainez,Real Betis,Midfielder,,,135.0,,,s2122
Diego López,Valencia CF,Forward,,,,,,s2122
Diego López,RCD Espanyol de Barcelona,Goalkeeper,,,3178.0,,4.0,s2122
Diego López,Getafe CF,Midfielder,,,,,,s2122
Diego Piñeiro del Álamo,Real Madrid,Goalkeeper,,,,,,s2122
Diego Rico,Real Sociedad,Defender,,,1646.0,,4.0,s2122
Dimitri Foulquier,Valencia CF,Defender,1.0,,2339.0,,11.0,s2122
Djené Dakonam,Getafe CF,Defender,1.0,,3117.0,1.0,11.0,s2122
Domingos de Sousa Coutinho Meneses Duarte,Granada CF,Defender,,1.0,1689.0,1.0,7.0,s2122
Dominik Greif,RCD Mallorca,Goalkeeper,,,90.0,,,s2122
Dídac Vilá,RCD Espanyol de Barcelona,Defender,,,197.0,,3.0,s2122
Eden Hazard,Real Madrid,Forward,1.0,,713.0,,2.0,s2122
Éder Gabriel Militão,Real Madrid,Defender,2.0,1.0,3033.0,,5.0,s2122
Edgar Badia,Elche CF,Goalkeeper,,,2160.0,,2.0,s2122
Edgar González,Real Betis,Midfielder,1.0,1.0,1457.0,,6.0,s2122
Edgar Méndez,Deportivo Alavés,Forward,1.0,1.0,1614.0,,6.0,s2122
Eduardo Camavinga,Real Madrid,Midfielder,1.0,2.0,1229.0,,9.0,s2122
Emerson Aparecido Leite de Souza Junior,Spurs,Defender,1.0,1.0,2289.0,,5.0,s2122
Enes Ünal,Getafe CF,Forward,1.0,16.0,2809.0,,8.0,s2122
Enis Bardhi,Levante UD,Midfielder,3.0,3.0,1700.0,,3.0,s2122
Enric Franquesa,Levante UD,Midfielder,,,616.0,,1.0,s2122
Enzo Roco,Elche CF,Defender,,1.0,2555.0,,10.0,s2122
Eray Cömert,Valencia CF,Defender,,,408.0,,2.0,s2122
Eric García,FC Barcelona,Defender,,,2041.0,1.0,5.0,s2122
Erick Cabaco,Getafe CF,Defender,1.0,,403.0,,3.0,s2122
Erik Lamela,Sevilla FC,Midfielder,2.0,5.0,1014.0,,5.0,s2122
Estanislau Pedrola Fortuny,FC Barcelona,Forward,,,10.0,,,s2122
Esteban Saveljich,Rayo Vallecano,Defender,,,1707.0,,4.0,s2122
Étienne Capoue,Villarreal CF,Midfielder,1.0,1.0,2295.0,,9.0,s2122
Ezequiel Ponce,Elche CF,Forward,,1.0,662.0,1.0,1.0,s2122
Facundo Pellistri,Deportivo Alavés,Forward,,,663.0,,,s2122
Rafael Jiménez Jarque,Cádiz CF,Defender,2.0,,1810.0,,6.0,s2122
Federico San Emeterio Díaz,Cádiz CF,Midfielder,,,836.0,,3.0,s2122
Federico Valverde,Real Madrid,Midfielder,1.0,,1832.0,,2.0,s2122
Felipe Augusto de Almeida Monteiro,Atlético de Madrid,Defender,1.0,2.0,1499.0,1.0,5.0,s2122
Ferland Mendy,Real Madrid,Defender,1.0,2.0,1738.0,,4.0,s2122
Fernando Francisco Reges,Sevilla FC,Midfielder,1.0,1.0,1850.0,,6.0,s2122
Fernando Calero,RCD Espanyol de Barcelona,Defender,,,1089.0,,3.0,s2122
Fernando Medrano,RC Celta,Defender,,,,,,s2122
Fernando Niño,RCD Mallorca,Forward,,2.0,879.0,,2.0,s2122
Fernando Pacheco,Deportivo Alavés,Goalkeeper,,,3054.0,,1.0,s2122
Ferran Jutglà,FC Barcelona,Forward,,1.0,303.0,,1.0,s2122
Ferrán Torres,FC Barcelona,Midfielder,4.0,4.0,1417.0,,1.0,s2122
Ferrán Quetglás,RCD Mallorca,Goalkeeper,,,,,,s2122
Fidel Chaves de la Torre,Elche CF,Forward,6.0,5.0,2280.0,,9.0,s2122
Filip Jörgensen,Villarreal CF,Goalkeeper,,,,,,s2122
Florentino Ibrain Morris Luís,Getafe CF,Midfielder,1.0,,984.0,,2.0,s2122
Florian Lejeune,Deportivo Alavés,Defender,,,2699.0,1.0,7.0,s2122
Florin Andone,Cádiz CF,Forward,,,173.0,,1.0,s2122
Francisco Beltrán,RC Celta,Midfielder,,1.0,2608.0,,4.0,s2122
Francisco Delgado,Real Betis,Defender,,,,,,s2122
Francisco José García Torres,Rayo Vallecano,Defender,,1.0,3027.0,,4.0,s2122
Francisco Mérida Pérez,RCD Espanyol de Barcelona,Midfielder,,,262.0,1.0,2.0,s2122
Francis Coquelin,Villarreal CF,Midfielder,1.0,2.0,826.0,,3.0,s2122
Franco Cervi,RC Celta,Forward,3.0,4.0,1804.0,,6.0,s2122
Franco Russo,RCD Mallorca,Defender,,1.0,1464.0,2.0,3.0,s2122
Frenkie de Jong,FC Barcelona,Midfielder,3.0,3.0,2486.0,1.0,5.0,s2122
Gabriel Armando de Abreu,Valencia CF,Defender,1.0,2.0,1596.0,,2.0,s2122
Gabriel Veiga,RC Celta,Midfielder,,,102.0,,,s2122
Gaizka Ayesa,R. Sociedad B,Goalkeeper,,,1857.0,,,s2122
Gaizka Campos,RC Celta,Goalkeeper,,,,,,s2122
Gareth Bale,Real Madrid,Forward,,1.0,283.0,,2.0,s2122
Gastón Álvarez,Getafe CF,Defender,,,,,,s2122
Pablo Martín Páez,FC Barcelona,Midfielder,5.0,2.0,2329.0,1.0,9.0,s2122
Geoffrey Kondogbia,Atlético de Madrid,Midfielder,2.0,1.0,1883.0,2.0,9.0,s2122
Gerard Gumbau,Elche CF,Midfielder,4.0,,1889.0,1.0,8.0,s2122
Gerard Moreno,Villarreal CF,Forward,3.0,9.0,1194.0,,2.0,s2122
Gerard Piqué,FC Barcelona,Defender,,1.0,2095.0,1.0,8.0,s2122
Germán Pezzella,Real Betis,Defender,,1.0,1991.0,1.0,5.0,s2122
Germán Sánchez,Granada CF,Defender,1.0,2.0,2296.0,1.0,9.0,s2122
Germán Valera,Real Sociedad,Forward,,,49.0,,,s2122
Gerónimo Rulli,Villarreal CF,Goalkeeper,,,2880.0,,2.0,s2122
Giorgi Gagua,Deportivo Alavés,Forward,,,,,,s2122
Giorgi Kochorashvili,Levante UD,Midfielder,,,,,,s2122
Giorgi Mamardashvili,Valencia CF,Goalkeeper,,,1620.0,,2.0,s2122
Giovani Lo Celso,,,,,,,,s2122
Giovanni González,RCD Mallorca,Defender,,1.0,363.0,,1.0,s2122
Giuliano Simeone,Atlético de Madrid,Forward,,,1.0,,,s2122
Gonzalo Escalante,Deportivo Alavés,Midfielder,,5.0,1305.0,1.0,6.0,s2122
Gonzalo Melero,Levante UD,Midfielder,2.0,7.0,1696.0,,5.0,s2122
Gonzalo Montiel,Sevilla FC,Defender,2.0,1.0,1068.0,,7.0,s2122
Gonzalo Verdú,Elche CF,Defender,,,1387.0,,11.0,s2122
Gonzalo Villar,Getafe CF,Midfielder,1.0,,291.0,,,s2122
Gonçalo Manuel Ganchinho Guedes,Valencia CF,Midfielder,6.0,11.0,2613.0,,3.0,s2122
Gregorio Gracia Sánchez,RCD Espanyol de Barcelona,Defender,,,8.0,,1.0,s2122
Guido Carrillo,Elche CF,Forward,,2.0,1157.0,,3.0,s2122
Guido Rodríguez,Real Betis,Midfielder,2.0,1.0,2533.0,1.0,7.0,s2122
Guillem Jaime,FC Barcelona,Defender,,,,,,s2122
Helibelton Palacios Zapata,Elche CF,Defender,,,1931.0,,6.0,s2122
Hernâni Jorge Santos Fortes,UD Las Palmas,Forward,,,91.0,,,s2122
Hugo Duro,Valencia CF,Forward,1.0,7.0,1844.0,1.0,2.0,s2122
Hugo González,Valencia CF,Midfielder,,,,,,s2122
Hugo Guillamón,Valencia CF,Defender,,1.0,2366.0,2.0,8.0,s2122
Hugo Mallo,RC Celta,Defender,1.0,1.0,1828.0,2.0,3.0,s2122
Hugo Sotelo,RC Celta,Midfielder,,,1.0,,,s2122
Hugo Álvarez,RC Celta,Midfielder,,,10.0,,,s2122
Héctor Bellerín,Real Betis,Defender,2.0,,1979.0,1.0,2.0,s2122
Héctor Herrera,Atlético de Madrid,Midfielder,,,852.0,,4.0,s2122
Hélder Wander Sousa de Azevedo e Costa,Valencia CF,Midfielder,1.0,,1117.0,,3.0,s2122
Iago Aspas,RC Celta,Forward,6.0,18.0,3093.0,,8.0,s2122
Ibrahima Vaniel Cámara Silva,Atlético de Madrid,Defender,,,,,,s2122
Iddrisu Baba,RCD Mallorca,Midfielder,1.0,1.0,1943.0,,9.0,s2122
Ignasi Miquel,SD Huesca,Defender,,4.0,2902.0,1.0,8.0,s2122
Igor Zubeldia,Real Sociedad,Midfielder,1.0,,1648.0,,7.0,s2122
Iker Benito,CA Osasuna,Forward,,,116.0,,1.0,s2122
Iker Muniain,Athletic Club,Forward,10.0,4.0,2802.0,,3.0,s2122
Iker Recio,Rayo Vallecano,Defender,,,,,,s2122
Iker Álvarez de Eulate Molne,Villarreal CF,Goalkeeper,,,,,,s2122
Moriba Kourouma Kourouma,Valencia CF,Midfielder,,,817.0,1.0,7.0,s2122
Ilias Akhomach,FC Barcelona,Forward,,,125.0,,,s2122
Francisco Román Alarcón Suárez,Real Madrid,Midfielder,,1.0,323.0,,1.0,s2122
Isaac Palazón,Rayo Vallecano,Midfielder,4.0,2.0,2298.0,,7.0,s2122
Ismael Ruiz,Granada CF,Midfielder,,,282.0,,1.0,s2122
Ivan Rakitic,Sevilla FC,Midfielder,6.0,4.0,2185.0,,5.0,s2122
Ivan Saponjic,,,,,,,,s2122
Ivo Grbic,LOSC,Goalkeeper,,,1890.0,,3.0,s2122
Iván Alejo,Cádiz CF,Midfielder,2.0,2.0,1068.0,,7.0,s2122
Iván Arboleda,,,,,,,,s2122
Iván Balliu,Rayo Vallecano,Defender,2.0,1.0,3148.0,1.0,10.0,s2122
Iván Chapela,Cádiz CF,Midfielder,,,400.0,,,s2122
Iván Marcone,Elche CF,Midfielder,,,805.0,,5.0,s2122
Iván Martín,Girona FC,Midfielder,1.0,,962.0,,,s2122
Iván Romero,Sevilla FC,Forward,,,178.0,,,s2122
Iván Sanz,Deportivo Alavés,Goalkeeper,,,,,,s2122
Isaac Carcelén,Cádiz CF,Defender,1.0,,1545.0,,2.0,s2122
Ignacio Peña Sotorres,FC Barcelona,Goalkeeper,,,,,,s2122
Iñaki Williams,Athletic Club,Forward,5.0,8.0,2786.0,,4.0,s2122
Iñigo Pérez,CA Osasuna,Midfielder,,1.0,334.0,,,s2122
Íñigo Ruíz de Galarreta,RCD Mallorca,Midfielder,,,1386.0,,4.0,s2122
Jaime Mata,Getafe CF,Forward,,1.0,660.0,,7.0,s2122
Jakub Jankto,Getafe CF,Midfielder,2.0,,584.0,1.0,1.0,s2122
Jan Oblak,Atlético de Madrid,Goalkeeper,,,3420.0,,1.0,s2122
Alejandro Orellana Gómez,FC Barcelona,Midfielder,,,,,,s2122
David Remeseiro Salgueiro,Deportivo Alavés,Forward,1.0,,681.0,,1.0,s2122
Jasper Cillessen,Valencia CF,Goalkeeper,1.0,,1458.0,,1.0,s2122
Jaume Costa,RCD Mallorca,Defender,4.0,,1830.0,1.0,5.0,s2122
Jaume Doménech,Valencia CF,Goalkeeper,,,342.0,,2.0,s2122
Jaume Grau,Real Zaragoza,Midfielder,,2.0,734.0,,4.0,s2122
Javier Díaz,Sevilla FC,Goalkeeper,,,90.0,,,s2122
Javier Galán Gil,RC Celta,Midfielder,3.0,,3300.0,,9.0,s2122
Javier Llabrés Expósito,RCD Mallorca,Forward,,,129.0,,,s2122
Javier Martínez,CA Osasuna,Midfielder,1.0,1.0,868.0,,1.0,s2122
Javier Castro,RC Celta,Defender,,,,,,s2122
Javier Guerra,Valencia CF,Midfielder,,,,,,s2122
Javier López,Deportivo Alavés,Defender,,,458.0,,2.0,s2122
Javier Ontiveros,CF Fuenlabrada,Forward,5.0,1.0,1163.0,,7.0,s2122
Javier Pastore,Elche CF,Midfielder,,,523.0,1.0,2.0,s2122
Javier Puado,RCD Espanyol de Barcelona,Midfielder,1.0,4.0,2255.0,,5.0,s2122
Javier Serrano Martínez,Atlético de Madrid,Midfielder,,,66.0,1.0,1.0,s2122
Jeison Murillo,RC Celta,Defender,,,1116.0,1.0,5.0,s2122
Jens Jønsson,Cádiz CF,Midfielder,1.0,,1312.0,,3.0,s2122
Jeremías Ledesma,Cádiz CF,Goalkeeper,,,3420.0,,4.0,s2122
Jesus Lopez,Elche CF,Goalkeeper,,,,,,s2122
Jesús Areso,CA Osasuna,Defender,,,188.0,,1.0,s2122
Jesús Corona,Sevilla FC,Forward,4.0,2.0,1161.0,,2.0,s2122
Jesús Navas,Sevilla FC,Defender,3.0,,1788.0,,4.0,s2122
Jesús Owono,Deportivo Alavés,Goalkeeper,,,90.0,,,s2122
Jesús Santiago,,,,,,,,s2122
Jesús Vallejo,Real Madrid,Defender,,,342.0,,1.0,s2122
Jesús Vázquez,Valencia CF,Defender,,,812.0,,,s2122
Joan García,RCD Espanyol de Barcelona,Goalkeeper,,,107.0,,,s2122
Joan Jordán,Sevilla FC,Midfielder,1.0,,2527.0,,9.0,s2122
Joan Rojas,Atlético de Madrid,Defender,,,,,,s2122
Joan Sastre,,,,,,,,s2122
Joaquín Sánchez Rodríguez,Real Betis,Forward,1.0,,455.0,,,s2122
Joel Robles,Real Betis,Goalkeeper,,,,,,s2122
Jofre Carreras,RCD Espanyol de Barcelona,Forward,1.0,,17.0,,,s2122
Johan Mojica,Elche CF,Midfielder,5.0,2.0,2856.0,,4.0,s2122
John Chetauya Nwankwo Donald,Elche CF,Defender,,,180.0,,,s2122
John Guidetti,Deportivo Alavés,Forward,,,274.0,,2.0,s2122
John Patrick,Getafe CF,Midfielder,,,,,,s2122
Jokin Ezkieta,Athletic Club,Goalkeeper,,,,,,s2122
Jon Ander Olasagasti,R. Sociedad B,Midfielder,3.0,4.0,2770.0,,5.0,s2122
Jon Bautista,CD Leganés,Forward,1.0,1.0,1157.0,,4.0,s2122
Jon Guridi,Real Sociedad,Midfielder,,1.0,200.0,,,s2122
Jon Karrikaburu,Real Sociedad,Forward,,,,,,s2122
Jon Moncayola,CA Osasuna,Midfielder,3.0,2.0,2921.0,,3.0,s2122
Jon Morcillo,Real Valladolid CF,Forward,2.0,1.0,229.0,,,s2122
Jon Pacheco,R. Sociedad B,Defender,,,180.0,,1.0,s2122
Jonathan Gómez,Real Sociedad,Defender,,,,,,s2122
Jonathan Silva,Getafe CF,Defender,,,221.0,,4.0,s2122
Jonatan Carmona Álamo,,,,,,,,s2122
Jonás Ramalho,CA Osasuna,Defender,,,245.0,,,s2122
Jordi Alba,FC Barcelona,Defender,10.0,2.0,2648.0,,11.0,s2122
Jordi Mboula,,,,,,,,s2122
Jorge Cuenca,Getafe CF,Defender,,1.0,2686.0,2.0,6.0,s2122
Jorge Miramón,Levante UD,Midfielder,,1.0,1975.0,,5.0,s2122
Jorge Molina,Granada CF,Forward,5.0,10.0,1957.0,,2.0,s2122
Jorge Moreno,,,,,,,,s2122
Jorge de Frutos,Levante UD,Midfielder,7.0,4.0,1766.0,,4.0,s2122
José Antonio Ferrández Pomares,Elche CF,Midfielder,3.0,2.0,1197.0,,2.0,s2122
Joseba Zaldúa,Real Sociedad,Defender,,,1170.0,,6.0,s2122
José David Menargues Manzanares,Valencia CF,Defender,,,,,,s2122
José David Álvarez Adsuar,Levante UD,Defender,,,,,,s2122
Jose Luis Mato Sanmartín,Deportivo Alavés,Forward,4.0,14.0,3126.0,,,s2122
José Manuel Sánchez Guillén,Real Valladolid CF,Defender,,,274.0,,,s2122
Josep Antoni Gayá Martinez,RCD Mallorca,Defender,,,59.0,,,s2122
Joseph Aidoo,RC Celta,Defender,,,2640.0,,1.0,s2122
José Campaña,Levante UD,Midfielder,2.0,2.0,1428.0,1.0,6.0,s2122
José Fontán,RC Celta,Defender,,,273.0,,3.0,s2122
José Gayà,Valencia CF,Defender,4.0,2.0,1874.0,2.0,7.0,s2122
José Giménez,Atlético de Madrid,Defender,1.0,1.0,2046.0,,8.0,s2122
José Luis Friaza,,,,,,,,s2122
José Luis Morales,Levante UD,Forward,7.0,13.0,2723.0,,7.0,s2122
José Macías,,,,,,,,s2122
José Manuel López Sánchez,Levante UD,Defender,,,,,,s2122
José Manuel Calderón,,,,,,,,s2122
José María Martín-Bejarano Serrano,Cádiz CF,Midfielder,,,383.0,1.0,1.0,s2122
José Ángel Carmona,Sevilla FC,Defender,,,23.0,,,s2122
José Pozo,,,,,,,,s2122
João Félix Sequeira,Atlético de Madrid,Forward,4.0,8.0,1264.0,1.0,1.0,s2122
Juan Artola,Athletic Club,Forward,,,,,,s2122
Juan Torres Ruiz,Cádiz CF,Defender,,,945.0,1.0,7.0,s2122
Juan Carlos Arana Gómez,Villarreal CF,Forward,,,,,,s2122
Juan Cruz Álvaro Armado,CA Osasuna,Defender,,,1934.0,,4.0,s2122
Juan Flere,Cádiz CF,Goalkeeper,,,,,,s2122
Juan Foyth,Villarreal CF,Defender,1.0,1.0,1932.0,1.0,4.0,s2122
Juan Antonio Iglesias,Getafe CF,Defender,1.0,,709.0,,1.0,s2122
Juan Miguel Latasa,Real Madrid,Forward,,,9.0,,,s2122
Juan Miranda,Real Betis,Defender,2.0,,782.0,,3.0,s2122
Juan Pérez,CA Osasuna,Goalkeeper,,,180.0,,,s2122
Juan Luis Sánchez Velasco,Sevilla FC,Defender,,,4.0,,1.0,s2122
Juan Miguel Jiménez López,Real Betis,Forward,4.0,16.0,2145.0,,5.0,s2122
Julen Agirrezabala,Athletic Club,Goalkeeper,,,360.0,,,s2122
Julen Lobete,Real Sociedad,Forward,,2.0,276.0,,,s2122
Jules Koundé,Sevilla FC,Defender,1.0,2.0,2737.0,2.0,2.0,s2122
Karim Benzema,Real Madrid,Forward,12.0,27.0,2596.0,,,s2122
Karim Rekik,Sevilla FC,Defender,2.0,,1094.0,,2.0,s2122
Keidi Bare,RCD Espanyol de Barcelona,Midfielder,1.0,1.0,1485.0,,9.0,s2122
Kevin Vázquez,RC Celta,Defender,1.0,,1331.0,,3.0,s2122
Kieran Trippier,Newcastle,Defender,,2.0,429.0,,,s2122
Enrique Barja Alfonso,CA Osasuna,Forward,,2.0,863.0,,2.0,s2122
Enrique García Martínez,CA Osasuna,Forward,1.0,5.0,1857.0,,2.0,s2122
Enrique Gómez Hermoso,Real Betis,Midfielder,,1.0,90.0,,,s2122
Enrique Pérez Muñoz,Elche CF,Midfielder,,2.0,518.0,,1.0,s2122
Enrique Jesús Salas Valiente,Sevilla FC,Defender,,,,,,s2122
Francisco Casilla Cortés,Elche CF,Goalkeeper,,,1260.0,,3.0,s2122
Koba Koindredi,Valencia CF,Midfielder,,,175.0,,1.0,s2122
Amankwaa Akurugu,,,,,,,,s2122
Jorge Resurrección,Atlético de Madrid,Midfielder,2.0,1.0,2509.0,,6.0,s2122
Jorge Ruiz Ojeda,,,,,,,,s2122
Kévin Manuel Rodrigues,Rayo Vallecano,Defender,,,433.0,,,s2122
Junior Wakalible Lago,SD Huesca,Forward,,,331.0,,,s2122
José Manuel Cabrera,Villarreal CF,Defender,,,,,,s2122
Landry Dimata,RCD Espanyol de Barcelona,Forward,,,536.0,,,s2122
Lassina Sangare,Valencia CF,Midfielder,,,,,,s2122
Lazar Carevic,FC Barcelona,Goalkeeper,,,,,,s2122
Leandro Cabrera,RCD Espanyol de Barcelona,Defender,,2.0,3330.0,,7.0,s2122
Kang-In Lee,RCD Mallorca,Midfielder,2.0,1.0,1409.0,1.0,1.0,s2122
Leonardo Román Riquelme,RCD Mallorca,Goalkeeper,,,180.0,,,s2122
Lluis Andreu,Elche CF,Goalkeeper,,,,,,s2122
Lluís Recasens,RCD Espanyol de Barcelona,Forward,,,45.0,,,s2122
Lorenzo Morón,RCD Espanyol de Barcelona,Forward,,1.0,555.0,,,s2122
Luca Koleosho,RCD Espanyol de Barcelona,Forward,,,1.0,,,s2122
Luca Zidane,Rayo Vallecano,Goalkeeper,,,646.0,1.0,,s2122
Lucas Boyé,Elche CF,Forward,3.0,7.0,1723.0,,3.0,s2122
Lucas Ocampos,Sevilla FC,Forward,4.0,6.0,2124.0,,7.0,s2122
Lucas Olaza,Elche CF,Defender,,1.0,293.0,,1.0,s2122
Lucas Pérez,Cádiz CF,Forward,2.0,3.0,1060.0,,1.0,s2122
Lucas Torró,CA Osasuna,Midfielder,,1.0,2732.0,,10.0,s2122
Lucas Vázquez,Real Madrid,Forward,,3.0,1835.0,,3.0,s2122
Lucas De Vega Lima,FC Barcelona,Forward,,,,,,s2122
Ludwig Augustinsson,Sevilla FC,Defender,1.0,,789.0,,3.0,s2122
Luis Abram,,,,,,,,s2122
Luis Bilbao,Athletic Club,Forward,,,,,,s2122
Luis Hernández,Cádiz CF,Defender,,,1365.0,,5.0,s2122
Luis Federico López Andúgar,Real Madrid,Goalkeeper,,,,,,s2122
Luis Milla,Granada CF,Midfielder,3.0,3.0,2785.0,,4.0,s2122
Luis Rioja,Deportivo Alavés,Midfielder,3.0,1.0,3126.0,,3.0,s2122
Luis Suárez,Atlético de Madrid,Forward,2.0,11.0,1835.0,,7.0,s2122
Luis Suárez,Granada CF,Forward,4.0,8.0,2855.0,,6.0,s2122
Luis Miguel Cruz Hernández,Sevilla FC,Forward,,,12.0,,,s2122
Luka Jovic,Real Madrid,Forward,3.0,1.0,359.0,,1.0,s2122
Luka Modrić,Real Madrid,Midfielder,8.0,2.0,2049.0,,5.0,s2122
Luuk de Jong,FC Barcelona,Forward,,6.0,643.0,,1.0,s2122
Luís Manuel Arantes Maximiano,Granada CF,Goalkeeper,,,3137.0,,2.0,s2122
Mamadou Loum,Deportivo Alavés,Midfielder,,2.0,2317.0,,9.0,s2122
Mamadou Sylla,Rayo Vallecano,Forward,,,247.0,,2.0,s2122
Manuel Reina,RCD Mallorca,Goalkeeper,,,1890.0,1.0,5.0,s2122
Manuel García,Deportivo Alavés,Forward,1.0,,1074.0,,3.0,s2122
Manuel Morlanes Ariño,RCD Espanyol de Barcelona,Midfielder,,2.0,1138.0,1.0,6.0,s2122
Manuel Sánchez,CA Osasuna,Defender,3.0,1.0,2258.0,,5.0,s2122
Manuel Trigueros Muñoz,Villarreal CF,Midfielder,4.0,6.0,2191.0,,3.0,s2122
Manuel Javier Vallejo Galván,Deportivo Alavés,Forward,1.0,1.0,366.0,,,s2122
Manuel Lama,Atlético de Madrid,Defender,,,,,,s2122
Manuel Navarro,Rayo Vallecano,Midfielder,,,,,,s2122
Marc Bartra,Real Betis,Defender,,1.0,1994.0,,5.0,s2122
Marc Carmona,RCD Mallorca,Defender,,,,,,s2122
Marc Cucurella,Brighton,Defender,1.0,1.0,3092.0,,6.0,s2122
Marc Pubill,Levante UD,Defender,1.0,,512.0,,1.0,s2122
Marc Tenas,Deportivo Alavés,Forward,,,51.0,,2.0,s2122
Marc-André ter Stegen,FC Barcelona,Goalkeeper,,,3150.0,,3.0,s2122
Marcelo Vieira Da Silva Junior,Real Madrid,Defender,2.0,,521.0,,,s2122
Marcelo Saracchi,Levante UD,Defender,1.0,,186.0,,2.0,s2122
Marco Asensio,Real Madrid,Midfielder,,10.0,1728.0,,2.0,s2122
Marco Moreno,Atlético de Madrid,Defender,,,,,,s2122
Marcos Acuña,Sevilla FC,Defender,3.0,1.0,2264.0,,10.0,s2122
Marcos André de Sousa Mendonça,Valencia CF,Forward,3.0,1.0,961.0,,3.0,s2122
Marcos Fernández,RCD Mallorca,Defender,,,,,,s2122
Marcos Llorente,Atlético de Madrid,Midfielder,2.0,,2455.0,,5.0,s2122
Marcos Mauro López Gutiérrez,,,,,,,,s2122
Mariano Díaz Mejía,Real Madrid,Forward,1.0,1.0,339.0,,2.0,s2122
Mario Dominguez,Valencia CF,Forward,,,23.0,,,s2122
Mario Gaspar Pérez Martínez,Villarreal CF,Defender,,,621.0,,1.0,s2122
Mario Gila,Real Madrid,Defender,,,23.0,,,s2122
Mario Hermoso,Atlético de Madrid,Defender,1.0,2.0,1868.0,1.0,6.0,s2122
Mario Hernández,Rayo Vallecano,Midfielder,,1.0,393.0,,3.0,s2122
Mario Suárez,Rayo Vallecano,Midfielder,,,710.0,,2.0,s2122
Marko Dmitrović,Sevilla FC,Goalkeeper,,,540.0,,1.0,s2122
Martin Braithwaite,FC Barcelona,Forward,1.0,2.0,237.0,,,s2122
Martin Valjent,RCD Mallorca,Defender,,,3182.0,,4.0,s2122
Martín Aguirregabiria,Deportivo Alavés,Defender,1.0,,1617.0,,4.0,s2122
Martín Calderón,CD Mirandés,Midfielder,2.0,,294.0,,1.0,s2122
Martín Cáceres,Levante UD,Defender,,,669.0,,2.0,s2122
Martín Merquelanz,Rayo Vallecano,Forward,,,176.0,,,s2122
Martín Montoya,Real Betis,Defender,1.0,,519.0,,2.0,s2122
Martín Zubimendi,Real Sociedad,Midfielder,1.0,2.0,2585.0,,4.0,s2122
Matheus Santos Carneiro Da Cunha,Atlético de Madrid,Forward,4.0,6.0,1052.0,,3.0,s2122
Mathew Ryan,Real Sociedad,Goalkeeper,,,270.0,,,s2122
Mathías Olivera,Getafe CF,Defender,3.0,1.0,2807.0,,10.0,s2122
Matt Miazga,Deportivo Alavés,Defender,,,831.0,,2.0,s2122
Matthew Hoppe,RCD Mallorca,Forward,1.0,,129.0,,,s2122
Matías Arezo,Granada CF,Forward,,,156.0,,1.0,s2122
Matías Dituro,RC Celta,Goalkeeper,,,3420.0,,1.0,s2122
Mauro Arambarri,Getafe CF,Midfielder,5.0,,2667.0,,13.0,s2122
Maxime Gonalons,Granada CF,Midfielder,2.0,,1555.0,,6.0,s2122
Maximiliano Gómez,Valencia CF,Forward,1.0,5.0,1960.0,1.0,5.0,s2122
Memphis Depay,FC Barcelona,Forward,2.0,12.0,1847.0,,3.0,s2122
Mickaël Malsa,Levante UD,Midfielder,2.0,1.0,1135.0,,7.0,s2122
Miguel Baeza,SD Ponferradina,Midfielder,,,419.0,,,s2122
Miguel De la Fuente,Deportivo Alavés,Forward,1.0,1.0,826.0,,2.0,s2122
Miguel Gutiérrez,Real Madrid,Defender,1.0,,262.0,,1.0,s2122
Miguel Ángel Brau,Granada CF,Defender,,,,,,s2122
Miguel Ángel Morro,CF Fuenlabrada,Goalkeeper,,,1170.0,,,s2122
Miguel Martín García,RCD Mallorca,Defender,,,,,,s2122
Miguel Llambrich,RCD Espanyol de Barcelona,Defender,,,70.0,,,s2122
Mika Màrmol,FC Barcelona,Defender,,,1.0,,,s2122
Mikel Balenziaga,Athletic Club,Defender,,,2026.0,,2.0,s2122
Mikel Merino,Real Sociedad,Midfielder,2.0,3.0,2894.0,,8.0,s2122
Mikel Oyarzabal,Real Sociedad,Forward,3.0,9.0,1673.0,1.0,,s2122
Mikel Vesga,Athletic Club,Midfielder,,2.0,1355.0,1.0,4.0,s2122
Milutin Osmajic,,,,,,,,s2122
Miralem Pjanic,,,,,,,,s2122
Moisés Gómez Bardonado,Villarreal CF,Midfielder,2.0,2.0,1277.0,,2.0,s2122
Ramón Rodríguez Jiménez,Real Valladolid CF,Midfielder,4.0,2.0,704.0,1.0,,s2122
Mouctar Diakhaby,Valencia CF,Defender,1.0,,1945.0,,11.0,s2122
Munir El-Haddadi,Sevilla FC,Forward,,2.0,468.0,,3.0,s2122
Myrto Uzuni,Granada CF,Midfielder,1.0,1.0,857.0,,4.0,s2122
Nabil Fekir,Real Betis,Forward,8.0,6.0,2807.0,1.0,7.0,s2122
Jose Ignacio Fernandez Iglesias,Real Madrid,Defender,,3.0,1549.0,,7.0,s2122
Ignacio Quintana Navarro,Sevilla FC,Midfielder,,,,,,s2122
Ignacio Vidal Miralles,CA Osasuna,Defender,1.0,,2906.0,,9.0,s2122
Nahuel Tenaglia,Deportivo Alavés,Defender,,,1072.0,,2.0,s2122
Nehuen Pérez,Udinese,Defender,1.0,,1695.0,,6.0,s2122
Nemanja Gudelj,Sevilla FC,Midfielder,,,1040.0,,5.0,s2122
Nemanja Maksimovic,Getafe CF,Midfielder,1.0,1.0,2943.0,,4.0,s2122
Nemanja Radoja,Levante UD,Midfielder,,,1222.0,,3.0,s2122
Norberto Murara Neto,FC Barcelona,Goalkeeper,,,270.0,,,s2122
Nicolás González Iglesias,FC Barcelona,Midfielder,1.0,2.0,1109.0,,6.0,s2122
Nicholas Williams,Athletic Club,Forward,,,1325.0,,4.0,s2122
Nicolas Jackson,Villarreal CF,Forward,,,158.0,,1.0,s2122
Nicolás Melamed,RCD Espanyol de Barcelona,Forward,,2.0,1098.0,1.0,3.0,s2122
Nicolás Serrano,Athletic Club,Forward,,1.0,308.0,,,s2122
Nikita Iosifov,Villarreal CF,Midfielder,,,1.0,,,s2122
Nikola Maras,Rayo Vallecano,Defender,,,1041.0,,4.0,s2122
Nikola Vukcevic,Levante UD,Midfielder,,,113.0,,1.0,s2122
Njegos Petrovic,Granada CF,Midfielder,1.0,,917.0,,5.0,s2122
Manuel Agudo Durán,RC Celta,Forward,,2.0,1382.0,,1.0,s2122
Näis Djouahra,R. Sociedad B,Midfielder,,,1009.0,,,s2122
Néstor Araújo,RC Celta,Defender,,,2617.0,,4.0,s2122
Oier Olazábal,RCD Espanyol de Barcelona,Goalkeeper,,,135.0,,,s2122
Oier Sanjurjo,CA Osasuna,Midfielder,,1.0,750.0,,3.0,s2122
Oier Zarraga,Athletic Club,Midfielder,,1.0,1151.0,,5.0,s2122
Oihan Sancet,Athletic Club,Midfielder,4.0,6.0,1424.0,,2.0,s2122
Okay Yokuslu,Getafe CF,Midfielder,,,463.0,,1.0,s2122
Omar Alderete,Valencia CF,Defender,,2.0,2411.0,,15.0,s2122
Omar Faraj,Levante UD,Forward,,,3.0,,,s2122
Omar Mascarell,Elche CF,Midfielder,,,2504.0,,6.0,s2122
Orbelín Pineda,RC Celta,Midfielder,,,94.0,,,s2122
Oscar Medina,Deportivo Alavés,Goalkeeper,,,,,,s2122
Ousmane Dembélé,FC Barcelona,Forward,13.0,1.0,1411.0,,3.0,s2122
Oussama Idrissi,Cádiz CF,Forward,1.0,1.0,908.0,,2.0,s2122
Pablo Barrios Rivas,,,,,,,,s2122
Pablo Cuñat,Levante UD,Goalkeeper,,,,,,s2122
Pablo Gálvez,RCD Mallorca,Forward,,,,,,s2122
Pablo Maffeo,RCD Mallorca,Defender,3.0,1.0,2950.0,,10.0,s2122
Pablo Martínez,SD Huesca,Midfielder,,1.0,923.0,,4.0,s2122
Pablo Piatti,Elche CF,Forward,,,307.0,,,s2122
Pablo Picón,Levante UD,Goalkeeper,,,,,,s2122
Pablo Pérez,Sevilla FC,Defender,,,,,,s2122
Francisco Alcácer,Villarreal CF,Forward,3.0,1.0,790.0,,1.0,s2122
Alejandro Gómez,Sevilla FC,Midfielder,1.0,5.0,1787.0,,4.0,s2122
Pathé Ciss,Rayo Vallecano,Midfielder,1.0,2.0,1085.0,,5.0,s2122
Pau Martínez,CA Osasuna,Forward,,,,,,s2122
Pau Torres,Villarreal CF,Defender,1.0,5.0,2856.0,,5.0,s2122
Paul Akouokou,Real Betis,Midfielder,,,517.0,1.0,2.0,s2122
Pedro González López,FC Barcelona,Midfielder,1.0,3.0,888.0,,,s2122
Pedro Alemañ,Valencia CF,Midfielder,,,,,,s2122
Pedro Benito,,,,,,,,s2122
Pedro Bigas,Elche CF,Defender,,1.0,1555.0,,6.0,s2122
Pedro Ortiz,Sevilla FC,Defender,,,6.0,,,s2122
José Sanchez,Granada CF,Defender,,,,,,s2122
José García,Levante UD,Midfielder,,,2016.0,,9.0,s2122
Pere Joan García,RCD Mallorca,Goalkeeper,,,,,,s2122
Pere Milla,Elche CF,Forward,3.0,8.0,1638.0,,5.0,s2122
Pere Pons,Deportivo Alavés,Midfielder,,1.0,1375.0,,2.0,s2122
Peru Nolaskoain,SD Amorebieta,Defender,,1.0,1437.0,,4.0,s2122
Pervis Estupiñán,Villarreal CF,Defender,1.0,,1574.0,,3.0,s2122
Peter Federico Gonzalez Carmona,Real Madrid,Midfielder,,,24.0,,,s2122
Philippe Coutinho Correia,A Villa,Midfielder,3.0,5.0,1339.0,,,s2122
Pierre-Emerick Aubameyang,FC Barcelona,Forward,1.0,11.0,1092.0,,,s2122
Cristian Portugués Manzanera,Real Sociedad,Midfielder,2.0,1.0,1586.0,,5.0,s2122
Joaquín José Marín Ruiz,Granada CF,Defender,1.0,,2304.0,,11.0,s2122
Radamel Falcao,Rayo Vallecano,Forward,,6.0,831.0,,1.0,s2122
Rafael Marín Zamora,Real Madrid,Defender,,,,,,s2122
Rafael Mir Vicente,Sevilla FC,Forward,,10.0,1801.0,,6.0,s2122
Rafael Alcántara do Nascimento,Real Sociedad,Midfielder,,1.0,1060.0,,3.0,s2122
Randy Nteka,Rayo Vallecano,Midfielder,,3.0,1461.0,,3.0,s2122
Raúl Albiol,Villarreal CF,Defender,,,2466.0,,8.0,s2122
Raúl García,Athletic Club,Midfielder,2.0,6.0,1812.0,,4.0,s2122
Raúl García,Real Betis,Forward,,,1.0,,,s2122
José Raúl Gutiérrez Parejo,Elche CF,Midfielder,,,1626.0,1.0,2.0,s2122
Raúl Parra,Cádiz CF,Defender,,,88.0,,,s2122
Raúl Torrente,Granada CF,Defender,,,1282.0,,5.0,s2122
Raúl de Tomás,RCD Espanyol de Barcelona,Forward,3.0,17.0,2923.0,2.0,5.0,s2122
Reinildo Isnard Mandava,Atlético de Madrid,Defender,,,1298.0,,4.0,s2122
Renan Augusto Lodi dos Santos,Atlético de Madrid,Defender,2.0,2.0,1174.0,,5.0,s2122
Renato Tapia,RC Celta,Midfielder,,,1402.0,,10.0,s2122
Rey Manaj,Spezia,Forward,,5.0,1768.0,,9.0,s2122
Ricard Puig Martí,FC Barcelona,Forward,,1.0,474.0,,,s2122
Roberto González,UD Las Palmas,Forward,,2.0,877.0,,3.0,s2122
Roberto Ibáñez Castro,CD Leganés,Forward,1.0,1.0,738.0,,1.0,s2122
Roberto Suárez Pier,Levante UD,Defender,,1.0,2008.0,1.0,3.0,s2122
Robert Navarro,R. Sociedad B,Midfielder,3.0,1.0,1664.0,,,s2122
Roberto Soldado,Levante UD,Forward,2.0,3.0,660.0,2.0,5.0,s2122
Roberto Torres,CA Osasuna,Midfielder,2.0,2.0,798.0,,3.0,s2122
Robin Le Normand,Real Sociedad,Defender,1.0,1.0,3330.0,,7.0,s2122
Rodrigo Sánchez,Real Betis,Midfielder,2.0,1.0,880.0,,,s2122
Rodrigo Battaglia,RCD Mallorca,Midfielder,,,1174.0,1.0,3.0,s2122
Rodrigo de Paul,Atlético de Madrid,Midfielder,1.0,3.0,2154.0,,7.0,s2122
Rodrygo Silva de Goes,Real Madrid,Forward,4.0,4.0,1527.0,,3.0,s2122
Roger Martí,Levante UD,Forward,3.0,7.0,2124.0,,8.0,s2122
Roger Martínez,RCD Espanyol de Barcelona,Midfielder,,,,,,s2122
Ronald Araújo,FC Barcelona,Defender,,4.0,2270.0,,6.0,s2122
Rubén Alcaraz,Cádiz CF,Midfielder,,2.0,1105.0,,7.0,s2122
Rubén Blanco,RC Celta,Goalkeeper,,,,,,s2122
Rubén Duarte,Deportivo Alavés,Defender,4.0,,2627.0,1.0,10.0,s2122
Rubén García,CA Osasuna,Forward,6.0,1.0,2395.0,,1.0,s2122
Rubén Iranzo,Valencia CF,Defender,,,134.0,,2.0,s2122
Rubén Peña,Villarreal CF,Forward,,,127.0,,1.0,s2122
Rubén Rochina,Granada CF,Midfielder,3.0,1.0,739.0,,3.0,s2122
Rubén Sobrino,Cádiz CF,Forward,1.0,4.0,1856.0,,3.0,s2122
Rubén Sánchez,RCD Espanyol de Barcelona,Midfielder,1.0,,148.0,,,s2122
Rubén Yáñez,Getafe CF,Goalkeeper,,,,,,s2122
Rui Tiago Dantas da Silva,Real Betis,Goalkeeper,,,1963.0,,2.0,s2122
Rúben Miguel Nunes Vezo,Levante UD,Defender,,,2420.0,,4.0,s2122
Salvador Sevilla,RCD Mallorca,Midfielder,3.0,5.0,1510.0,,2.0,s2122
Salvador Sánchez Ponce,Cádiz CF,Midfielder,1.0,2.0,1400.0,1.0,1.0,s2122
Samuel Chukwueze,Villarreal CF,Midfielder,3.0,3.0,1329.0,,4.0,s2122
Samuel Umtiti,FC Barcelona,Defender,,,90.0,,1.0,s2122
Sandro Ramírez,Getafe CF,Forward,,3.0,1471.0,,7.0,s2122
Santiago Mina Lorenzo,RC Celta,Forward,3.0,7.0,2378.0,,4.0,s2122
Santiago Arias,Granada CF,Defender,,1.0,433.0,,1.0,s2122
Santiago Arzamendia,Cádiz CF,Defender,,1.0,462.0,,2.0,s2122
Santiago Comesaña,Rayo Vallecano,Midfielder,2.0,1.0,2698.0,1.0,10.0,s2122
Saul García,Deportivo Alavés,Defender,,,3.0,,,s2122
Saúl Ñíguez,Chelsea,Midfielder,,,478.0,,1.0,s2122
Serge Aurier,Villarreal CF,Defender,1.0,,1003.0,,4.0,s2122
Sergi Darder,RCD Espanyol de Barcelona,Midfielder,9.0,3.0,3132.0,,4.0,s2122
Sergio Guardiola Navarro,Rayo Vallecano,Forward,2.0,8.0,1712.0,,3.0,s2122
Sergi Gómez,RCD Espanyol de Barcelona,Defender,2.0,1.0,2723.0,1.0,1.0,s2122
Sergi Roberto,FC Barcelona,Defender,1.0,2.0,399.0,,1.0,s2122
Sergio Agüero,,,,,,,,s2122
Sergio Asenjo,,,,,,,,s2122
Sergio Barcia,Granada CF,Defender,,,77.0,,,s2122
Sergio Bono,,,,,,,,s2122
Sergio Busquets,FC Barcelona,Midfielder,,2.0,3202.0,,12.0,s2122
Sergio Camello,CD Mirandés,Forward,4.0,15.0,2894.0,,6.0,s2122
Sergio Canales,Real Betis,Midfielder,7.0,5.0,2803.0,,7.0,s2122
Sergio Diez Roldán,Atlético de Madrid,Defender,,,,,,s2122
Sergio Escudero,Granada CF,Defender,1.0,2.0,1428.0,,6.0,s2122
Sergio Herrera,CA Osasuna,Goalkeeper,,,3240.0,,3.0,s2122
Sergio Moreno,SD Amorebieta,Forward,,,663.0,,2.0,s2122
Sergio Postigo,Levante UD,Defender,,,849.0,,3.0,s2122
Sergio Rico,RCD Mallorca,Goalkeeper,,,1260.0,,,s2122
Sergio Santos,Real Madrid,Defender,,,10.0,,,s2122
Sergiño Dest,FC Barcelona,Defender,3.0,,1514.0,,2.0,s2122
Shkodran Mustafi,Levante UD,Defender,,1.0,658.0,,1.0,s2122
Sidnei Rechel da Silva Júnior,,,,,,,,s2122
Sime Vrsaljko,Atlético de Madrid,Defender,2.0,1.0,908.0,,4.0,s2122
Francisco Javier Hidalgo,Levante UD,Midfielder,,1.0,1978.0,1.0,5.0,s2122
Stefan Mitrovic,Getafe CF,Defender,,,2670.0,1.0,8.0,s2122
Stefan Savic,Atlético de Madrid,Defender,,,2440.0,,12.0,s2122
Stole Dimitrievski,Rayo Vallecano,Goalkeeper,,,2771.0,,,s2122
Jesús Fernández Saez,Sevilla FC,Forward,1.0,,388.0,,,s2122
Alberto Rodríguez,CF Fuenlabrada,Defender,,,681.0,,5.0,s2122
Taichi Hara,,,,,,,,s2122
Takefusa Kubo,RCD Mallorca,Midfielder,,1.0,1606.0,,4.0,s2122
José Antonio Morente Oliva,Elche CF,Midfielder,3.0,3.0,1634.0,,4.0,s2122
Thiago Galhardo do Nascimento Rocha,RC Celta,Forward,2.0,2.0,1132.0,,5.0,s2122
Thibaut Courtois,Real Madrid,Goalkeeper,,,3240.0,,1.0,s2122
Thierry Rendall Correia,Valencia CF,Defender,1.0,,1424.0,,5.0,s2122
Thomas Carrique,RC Celta,Defender,,,,,,s2122
Thomas Delaney,Sevilla FC,Midfielder,1.0,2.0,1544.0,1.0,2.0,s2122
Thomas Giaquinto,RCD Mallorca,Midfielder,,,,,,s2122
Thomas Lemar,Atlético de Madrid,Midfielder,5.0,4.0,1445.0,,2.0,s2122
Tomás Alarcón,Cádiz CF,Midfielder,1.0,,1423.0,,5.0,s2122
Tomás Mendes,Deportivo Alavés,Midfielder,,,8.0,,,s2122
Tomás Pina,Deportivo Alavés,Midfielder,,,1442.0,,4.0,s2122
Toni Fuidias,Real Madrid,Goalkeeper,,,,,,s2122
Toni Kroos,Real Madrid,Midfielder,3.0,1.0,2108.0,,4.0,s2122
Antonio Latorre,Valencia CF,Defender,1.0,,591.0,,5.0,s2122
Antonio Moya,Deportivo Alavés,Defender,1.0,,1383.0,,2.0,s2122
Tonny Vilhena,RCD Espanyol de Barcelona,Midfielder,1.0,1.0,936.0,,4.0,s2122
Unai Dufur,CA Osasuna,Midfielder,,,90.0,,,s2122
Unai García,CA Osasuna,Defender,,,1407.0,,5.0,s2122
Unai López,Rayo Vallecano,Midfielder,,,1154.0,,5.0,s2122
Unai Marrero,R. Sociedad B,Goalkeeper,,,171.0,,,s2122
Unai Núñez,Athletic Club,Defender,,,620.0,,2.0,s2122
Unai Ropero,Deportivo Alavés,Forward,,,11.0,,,s2122
Unai Simón,Athletic Club,Goalkeeper,,,3060.0,,3.0,s2122
Unai Vencedor,Athletic Club,Midfielder,,,2396.0,,4.0,s2122
Urko González de Zárate,R. Sociedad B,Defender,1.0,,3028.0,,4.0,s2122
Uros Racic,Valencia CF,Midfielder,,,1198.0,1.0,1.0,s2122
Valentino Fattore,Sevilla FC,Defender,,,1.0,,,s2122
Varazdat Haroyan,Cádiz CF,Defender,,1.0,1437.0,,9.0,s2122
Vedat Muriqi,RCD Mallorca,Forward,3.0,5.0,1439.0,,6.0,s2122
Vicente Iborra,Villarreal CF,Midfielder,1.0,,1031.0,,4.0,s2122
Victor Wehbi Aznar Ussen,Cádiz CF,Goalkeeper,,,,,,s2122
Victor Chust,Cádiz CF,Defender,,,1829.0,,2.0,s2122
Victor Mollejo,CD Tenerife,Forward,2.0,3.0,2459.0,1.0,8.0,s2122
Vinícius Júnior,Real Madrid,Forward,10.0,17.0,2699.0,,6.0,s2122
Víctor Machín Pérez,Getafe CF,Forward,,,216.0,,,s2122
Víctor Camarasa,Real Betis,Midfielder,,,102.0,,,s2122
Víctor Díaz,Granada CF,Defender,,1.0,1504.0,,5.0,s2122
Víctor Gómez,Málaga CF,Defender,5.0,,3007.0,1.0,7.0,s2122
Víctor Laguardia,Deportivo Alavés,Defender,2.0,3.0,3044.0,,9.0,s2122
Víctor Ruiz,Real Betis,Defender,,,1425.0,,2.0,s2122
William Silva de Carvalho,Real Betis,Midfielder,3.0,2.0,1803.0,,6.0,s2122
Willian José Da Silva,Real Betis,Forward,4.0,8.0,1610.0,,1.0,s2122
Lei Wu,RCD Espanyol de Barcelona,Forward,,1.0,458.0,,,s2122
Joaquín Navarro Jiménez,Deportivo Alavés,Defender,,,1350.0,1.0,4.0,s2122
Yacine Qasmi,CD Leganés,Forward,,3.0,681.0,,5.0,s2122
Yan Eteki,Granada CF,Midfielder,,,337.0,,3.0,s2122
Yangel Herrera,RCD Espanyol de Barcelona,Midfielder,1.0,1.0,1650.0,1.0,5.0,s2122
Yannick Carrasco,Atlético de Madrid,Midfielder,6.0,6.0,2589.0,,5.0,s2122
Yassin Fekir,,,,,,,,s2122
Yassine Bounou,Sevilla FC,Goalkeeper,2.0,,2790.0,,2.0,s2122
Yeray Álvarez,Athletic Club,Defender,,,1859.0,,6.0,s2122
Yéremi Pino,Villarreal CF,Forward,4.0,6.0,1685.0,,2.0,s2122
Yoel Ramírez,CA Osasuna,Goalkeeper,,,,,,s2122
Youssef En-Nesyri,Sevilla FC,Forward,1.0,5.0,1279.0,,1.0,s2122
Youssouf Sabaly,Real Betis,Defender,1.0,,789.0,,1.0,s2122
Yunus Musah,Valencia CF,Midfielder,,1.0,1259.0,,5.0,s2122
Yuri Berchiche,Athletic Club,Defender,2.0,1.0,1015.0,,3.0,s2122
Yusuf Demir,,,,,,,,s2122
Alejandro Balboa Bandeira,Deportivo Alavés,Midfielder,,,,,,s2122
Alejandro Blanco,,,,,,,,s2122
Alejandro Blesa,,,,,,,,s2122
Álex Collado,Granada CF,Midfielder,1.0,2.0,1025.0,,1.0,s2122
Alejandro Fernández Iglesias,Cádiz CF,Midfielder,2.0,3.0,2051.0,,2.0,s2122
Alexandre Moreno Lopera,Real Betis,Forward,3.0,5.0,2407.0,1.0,3.0,s2122
Alejandro Remiro Gargallo,Real Sociedad,Goalkeeper,,,3150.0,,1.0,s2122
Álex Sola,R. Sociedad B,Defender,1.0,2.0,1077.0,1.0,4.0,s2122
Álvaro Aguirre,Rayo Vallecano,Midfielder,,,8.0,,,s2122
Álvaro Bastida,,,,,,,,s2122
Álvaro García Rivera,Rayo Vallecano,Midfielder,4.0,7.0,3005.0,,6.0,s2122
Álvaro García,RCD Espanyol de Barcelona,Midfielder,,,,,,s2122
Álvaro José Jiménez Guerrero,UD Ibiza,Forward,,1.0,268.0,,2.0,s2122
Álvaro Negredo,Cádiz CF,Forward,2.0,7.0,2157.0,,3.0,s2122
Álvaro Odriozola,Fiorentina,Defender,1.0,1.0,1728.0,1.0,4.0,s2122
Álvaro Sanz,FC Barcelona,Midfielder,,,27.0,,,s2122
Álvaro Vadillo,Málaga CF,Forward,2.0,3.0,911.0,,3.0,s2122
Ángel Algobia,Getafe CF,Midfielder,,,,,,s2122
Ángel Correa,Atlético de Madrid,Forward,5.0,12.0,1856.0,1.0,3.0,s2122
Ángel Jiménez,Granada CF,Goalkeeper,,,,,,s2122
Ángel Montoro,Granada CF,Midfielder,1.0,1.0,1329.0,,5.0,s2122
Ángel Rodríguez,RCD Mallorca,Forward,2.0,4.0,1549.0,,4.0,s2122
Íñigo Lekue,Athletic Club,Defender,2.0,,1927.0,,3.0,s2122
Íñigo Martínez,Athletic Club,Defender,,3.0,2343.0,2.0,7.0,s2122
Óliver Torres,Sevilla FC,Midfielder,3.0,2.0,1006.0,,2.0,s2122
Óscar De Marcos,Athletic Club,Defender,2.0,1.0,1683.0,,4.0,s2122
Óscar Duarte,Levante UD,Defender,,2.0,1774.0,,5.0,s2122
Óscar Gil,RCD Espanyol de Barcelona,Defender,2.0,,1696.0,,7.0,s2122
Óscar Melendo,RCD Espanyol de Barcelona,Midfielder,,,996.0,,,s2122
Óscar Mingueza,FC Barcelona,Defender,1.0,,891.0,,2.0,s2122
Óscar Rodríguez,Getafe CF,Midfielder,1.0,,943.0,,3.0,s2122
Óscar Trejo,Rayo Vallecano,Forward,9.0,3.0,2023.0,,13.0,s2122
Óscar Valentín,Rayo Vallecano,Midfielder,,,2575.0,,8.0,s2122
Robert Lewandowski,Barcelona,  FW,5.0,15.0,1682.0,1.0,,s2223
Karim Benzema,Real Madrid,   FW,3.0,11.0,1306.0,,1.0,s2223
Antoine Griezmann,Atletico,   AM(CLR) FW,8.0,8.0,1693.0,,,s2223
Vinícius Júnior,Real Madrid,   AM(L) FW,4.0,8.0,2122.0,,8.0,s2223
Pedri,Barcelona,   AM(CL),,6.0,1634.0,,2.0,s2223
Federico Valverde,Real Madrid,   M(CLR),2.0,7.0,1960.0,,2.0,s2223
Mikel Merino,Real Sociedad,   M(C),7.0,1.0,1607.0,1.0,5.0,s2223
Joselu,Espanyol,   FW,2.0,12.0,1909.0,,3.0,s2223
Rodrygo Silva de Goes,Real Madrid,   AM(CLR) FW,5.0,4.0,1546.0,,2.0,s2223
Memphis Depay,Barcelona,   AM(CL) FW,,1.0,116.0,,,s2223
Aleix García,Girona,   DMC,5.0,1.0,2148.0,,1.0,s2223
Ousmane Dembélé,Barcelona,   AM(CLR) FW,5.0,5.0,1108.0,,4.0,s2223
Pape Gueye,Sevilla,   DMC,3.0,,433.0,1.0,1.0,s2223
Jeremías Ledesma,Cadiz,   GK,,,2250.0,,1.0,s2223
Gonzalo Escalante,Cadiz,DMC,,2.0,543.0,,2.0,s2223
Sergi Darder,Espanyol,   M(CL),2.0,4.0,2225.0,,2.0,s2223
Frenkie de Jong,Barcelona,   D(C) DMC,1.0,2.0,1693.0,,2.0,s2223
Enes Ünal,Getafe,   FW,3.0,12.0,2190.0,,4.0,s2223
José Gayà,Valencia,   D(L) M(L),2.0,1.0,1636.0,,4.0,s2223
Iago Aspas,Celta Vigo,   AM(CR) FW,3.0,11.0,2108.0,,3.0,s2223
Éder Militão,Real Madrid,   D(CR),,4.0,1668.0,,3.0,s2223
Javi Galán,Celta Vigo,   D(L) M(L),2.0,,2170.0,,2.0,s2223
Toni Kroos,Real Madrid,   M(C),3.0,2.0,1447.0,1.0,,s2223
Jordi Masip,Real Valladolid,   GK,,,1518.0,,2.0,s2223
Raphinha,Barcelona,   AM(LR) FW,4.0,6.0,1275.0,,4.0,s2223
Daniel Parejo,Villarreal,   M(C),3.0,1.0,2209.0,,3.0,s2223
Isi Palazón,Rayo Vallecano,   AM(R),5.0,5.0,1940.0,,4.0,s2223
Vedat Muriqi,Mallorca,   FW,2.0,10.0,1923.0,1.0,5.0,s2223
Brais Méndez,Real Sociedad,   AM(CR) FW,3.0,7.0,1837.0,,5.0,s2223
Sergi Guardiola,Cadiz,   FW,,2.0,287.0,,,s2223
Aurélien Tchouaméni,Real Madrid,   DMC,3.0,,1252.0,,1.0,s2223
Juan Foyth,Villarreal,   D(CR) DMC,,1.0,1082.0,,3.0,s2223
Marko Dmitrović,Sevilla,   GK,,,278.0,,2.0,s2223
Jules Koundé,Barcelona,   D(CR),2.0,,1393.0,,1.0,s2223
Gerard Moreno,Villarreal,   AM(CR) FW,2.0,6.0,1034.0,,4.0,s2223
Sergio Busquets,Barcelona,   DMC,3.0,,1563.0,1.0,4.0,s2223
Lucas Robertone,Almeria,   AM(C),5.0,1.0,1846.0,,6.0,s2223
Viktor Tsygankov,Girona,   AM(CLR),3.0,1.0,361.0,,,s2223
Alejandro Balde,Barcelona,   D(LR),4.0,,1574.0,,2.0,s2223
José Giménez,Atletico,   D(CR),,1.0,1341.0,,7.0,s2223
Andreas Christensen,Barcelona,   D(C) DMC,1.0,,1176.0,,2.0,s2223
Ramón Terrats,Villarreal,   M(C),1.0,,239.0,,,s2223
Reinildo Isnard Mandava,Atletico,   D(CL) M(L),,,1860.0,,4.0,s2223
Félix Garreta,Real Betis,   Defender,,,90.0,,,s2223
Marc-André ter Stegen,Barcelona,   GK,,,2250.0,,,s2223
Iván Villar,Celta Vigo,   GK,,,540.0,,,s2223
Gabri Veiga,Celta Vigo,   M(C),3.0,8.0,1440.0,1.0,4.0,s2223
Aitor Fernández,Osasuna,   GK,,,1170.0,,1.0,s2223
Guido Rodríguez,Real Betis,   DMC,,,1708.0,,6.0,s2223
Lee Kang-In,Mallorca,   AM(CLR) FW,4.0,3.0,1873.0,,6.0,s2223
Yeray Álvarez,Athletic Bilbao,   D(C),1.0,1.0,1720.0,1.0,5.0,s2223
Álvaro Morata,Atletico,   AM(L) FW,1.0,10.0,1326.0,,3.0,s2223
Alexander Sørloth,Real Sociedad,   AM(R) FW,1.0,9.0,1600.0,,4.0,s2223
David García,Osasuna,   D(C),,2.0,1942.0,1.0,7.0,s2223
Jordi Alba,Barcelona,   D(L) M(L),3.0,1.0,1002.0,1.0,2.0,s2223
Vinicius Souza,Espanyol,   DMC,,,1985.0,1.0,5.0,s2223
Gavi,Barcelona,   AM(CL),2.0,1.0,1632.0,,5.0,s2223
Gerard Piqué,Barcelona,   D(C),,,383.0,1.0,3.0,s2223
Álvaro García,Rayo Vallecano,   AM(L),2.0,4.0,1935.0,,4.0,s2223
Takefusa Kubo,Real Sociedad,   AM(CLR) FW,3.0,4.0,1603.0,,2.0,s2223
Loïc Badé,Sevilla,   D(C),,,538.0,,1.0,s2223
Álex Moreno,Real Betis,   D(L) M(L),3.0,,1350.0,,1.0,s2223
Ronald Araújo,Barcelona,   D(CR),1.0,,1033.0,1.0,5.0,s2223
Eric García,Barcelona,   D(C),,1.0,911.0,,3.0,s2223
Thibaut Courtois,Real Madrid,   GK,,,1710.0,,,s2223
Iza Carcelén,Cadiz,   D(R),1.0,,1420.0,3.0,2.0,s2223
Nico Williams,Athletic Bilbao,   AM(LR),4.0,4.0,1916.0,,1.0,s2223
Samuel Chukwueze,Villarreal,   AM(CR),5.0,3.0,1394.0,,1.0,s2223
Fernando Pacheco,Espanyol,   GK,,,360.0,,,s2223
William Carvalho,Real Betis,   DMC,,2.0,1614.0,1.0,5.0,s2223
André Almeida,Valencia,   M(C),3.0,2.0,1582.0,,2.0,s2223
Luka Modrić,Real Madrid,   M(C),3.0,4.0,1339.0,,5.0,s2223
Anuar Tuhami,Real Valladolid,   AM(C),,1.0,212.0,,1.0,s2223
Pau Torres,Villarreal,   D(C),,,1980.0,,9.0,s2223
Samuel Lino,Valencia,   AM(LR) FW,1.0,2.0,2056.0,,3.0,s2223
Borja García,Girona,   AM(CL),,1.0,447.0,,1.0,s2223
Eduardo Camavinga,Real Madrid,   D(L) DMC,1.0,,1267.0,,4.0,s2223
Iker Muniain,Athletic Bilbao,   AM(CLR),3.0,,1296.0,,2.0,s2223
Dani Vivian,Athletic Bilbao,   D(C),,1.0,1534.0,,5.0,s2223
Germán Pezzella,Real Betis,   D(C),,,1702.0,2.0,2.0,s2223
Aitor Ruibal,Real Betis,   D(R) M(LR),,,1081.0,,3.0,s2223
Luis Suárez,Almeria,   AM(L) FW,1.0,2.0,651.0,,2.0,s2223
Marcos Llorente,Atletico,   D(R) M(CR) FW,1.0,1.0,1372.0,,3.0,s2223
Diego Rico,Real Sociedad,   D(CL) M(L),,,1467.0,,3.0,s2223
Florian Lejeune,Rayo Vallecano,   D(C),,4.0,1941.0,1.0,4.0,s2223
David López,Girona,   D(C) DMC,1.0,2.0,1070.0,,3.0,s2223
Juan Miranda,Real Betis,   D(L),,1.0,538.0,,,s2223
Alexander Isak,Real Sociedad,   FW,,1.0,154.0,,,s2223
Moi Gómez,Osasuna,   M(CLR),2.0,1.0,2030.0,,4.0,s2223
David Silva,Real Sociedad,   M(CLR) FW,3.0,1.0,1239.0,,2.0,s2223
Alfonso Pedraza,Villarreal,   D(L) M(L),1.0,,950.0,,1.0,s2223
Eray Cömert,Valencia,   D(C),,1.0,1438.0,1.0,4.0,s2223
Antonio Raíllo,Mallorca,   D(C),1.0,1.0,2160.0,,8.0,s2223
Pablo Maffeo,Mallorca,   D(R) M(R),3.0,1.0,1923.0,1.0,4.0,s2223
David Soria,Getafe,   GK,,,2250.0,,1.0,s2223
Dani Ceballos,Real Madrid,   M(CL),1.0,,805.0,,3.0,s2223
Sergi Roberto,Barcelona,   D(R) M(CR),1.0,3.0,869.0,,2.0,s2223
Iñaki Williams,Athletic Bilbao,   AM(CLR) FW,2.0,5.0,1784.0,,1.0,s2223
Omar Alderete,Getafe,   D(C),1.0,,1081.0,,5.0,s2223
Unai Núñez,Celta Vigo,   D(C),,,2070.0,,6.0,s2223
Yuri Berchiche,Athletic Bilbao,   D(L) M(L),1.0,1.0,1238.0,1.0,4.0,s2223
Álex Berenguer,Athletic Bilbao,   D(LR) M(CLR) FW,1.0,3.0,1624.0,,,s2223
Robin Le Normand,Real Sociedad,   D(C),,,1805.0,,4.0,s2223
Alejandro Catena,Rayo Vallecano,   D(C),1.0,1.0,2070.0,1.0,7.0,s2223
Marcos Acuña,Sevilla,   D(CL) M(CL),1.0,2.0,1240.0,1.0,7.0,s2223
Íñigo Martínez,Athletic Bilbao,   D(C),,,990.0,,1.0,s2223
Stefan Savic,Atletico,   D(C),,,1496.0,2.0,4.0,s2223
Carlos García,Cadiz,   Defender,1.0,,24.0,,,s2223
Sergio Canales,Real Betis,   M(CLR),2.0,4.0,1565.0,1.0,2.0,s2223
Borja Iglesias,Real Betis,   FW,3.0,11.0,1692.0,1.0,1.0,s2223
Joseph Aidoo,Celta Vigo,   D(C),,2.0,2234.0,,4.0,s2223
Darwin Machís,Real Valladolid,   AM(LR),1.0,,366.0,,1.0,s2223
Iván Fresneda,Real Valladolid,   D(R),,,948.0,,1.0,s2223
El Bilal Touré,Almeria,   FW,2.0,6.0,1180.0,,,s2223
Rui Silva,Real Betis,   GK,,,1710.0,,2.0,s2223
Martín Zubimendi,Real Sociedad,   DMC,2.0,1.0,2051.0,,8.0,s2223
Ezequiel Ávila,Osasuna,   AM(LR) FW,2.0,7.0,1416.0,1.0,7.0,s2223
Fernando Martínez,Almeria,   GK,,,2116.0,,2.0,s2223
Santi Comesaña,Rayo Vallecano,   M(C),,1.0,1482.0,,4.0,s2223
Raúl Albiol,Villarreal,   D(C),,,1970.0,,6.0,s2223
Gonzalo Plata,Real Valladolid,   AM(R),4.0,,1328.0,,,s2223
Marco Asensio,Real Madrid,   AM(CLR) FW,3.0,5.0,680.0,,1.0,s2223
Óscar Valentín,Rayo Vallecano,   DMC,,,1585.0,,7.0,s2223
Igor Zubeldia,Real Sociedad,   D(C) DMC,1.0,1.0,1619.0,,4.0,s2223
Youssouf Sabaly,Real Betis,   D(LR) M(R),,,1185.0,,1.0,s2223
Martin Braithwaite,Espanyol,   AM(CLR) FW,1.0,8.0,1644.0,1.0,3.0,s2223
Edgar Badia,Elche,   GK,,,2250.0,,2.0,s2223
Thierry Correia,Valencia,   D(R) M(R),,,1482.0,,3.0,s2223
Oihan Sancet,Athletic Bilbao,   M(C) FW,,8.0,1683.0,1.0,2.0,s2223
Giovanni González,Mallorca,   D(R),2.0,,702.0,,4.0,s2223
Justin Kluivert,Valencia,   AM(LR),,4.0,882.0,,2.0,s2223
Álex Remiro,Real Sociedad,   GK,,,2250.0,,1.0,s2223
Fran García,Rayo Vallecano,   D(L),2.0,,2239.0,,1.0,s2223
Ferland Mendy,Real Madrid,   D(L) M(L),1.0,,1134.0,,2.0,s2223
Lucas Rosa,Real Valladolid,   Defender,,,577.0,,1.0,s2223
Cyle Larin,Real Valladolid,   AM(LR) FW,,4.0,423.0,,2.0,s2223
Edgar González,Real Betis,   D(C) DMC,,,1144.0,1.0,4.0,s2223
Jan Oblak,Atletico,   GK,,,2043.0,,1.0,s2223
Koke,Atletico,   M(CLR),3.0,,1537.0,,4.0,s2223
Nabil Fekir,Real Betis,   AM(CLR) FW,2.0,2.0,970.0,1.0,5.0,s2223
Nemanja Gudelj,Sevilla,   D(C) M(C),,3.0,1874.0,,6.0,s2223
Yeremy Pino,Villarreal,   AM(LR),1.0,3.0,1481.0,,3.0,s2223
Oriol Romeu,Girona,   DMC,,1.0,1875.0,,6.0,s2223
Arnau Martinez,Girona,   D(R),2.0,2.0,1670.0,,7.0,s2223
Álex Collado,Elche,   AM(CR),1.0,1.0,542.0,,1.0,s2223
Gonzalo Melero,Almeria,   M(C) FW,3.0,2.0,1095.0,,3.0,s2223
Brian Oliván,Espanyol,   D(CL),5.0,1.0,1922.0,,6.0,s2223
Luiz Henrique,Real Betis,   AM(LR),1.0,1.0,1309.0,,5.0,s2223
Sergio Escudero,Real Valladolid,   D(L) M(L),,,885.0,,3.0,s2223
Joaquín Fernández,Real Valladolid,   D(C) DMC,,1.0,1467.0,,3.0,s2223
Rodrigo de Paul,Atletico,   AM(CLR) FW,2.0,1.0,1057.0,,4.0,s2223
Andriy Lunin,Real Madrid,   GK,,,540.0,,,s2223
Geoffrey Kondogbia,Atletico,   D(C) DMC,2.0,,960.0,,4.0,s2223
Sergio Camello,Rayo Vallecano,   FW,3.0,5.0,1777.0,,1.0,s2223
Giorgi Mamardashvili,Valencia,   GK,,,2250.0,,2.0,s2223
Lucas Torró,Osasuna,   DMC,,,1834.0,,8.0,s2223
Alfonso Espino,Cadiz,   D(L),3.0,,2043.0,,6.0,s2223
Aridane Hernández,Osasuna,   D(C),,,864.0,,,s2223
Óliver Torres,Sevilla,   M(CLR),1.0,3.0,1645.0,,1.0,s2223
Predrag Rajkovic,Mallorca,   GK,,,2250.0,,3.0,s2223
Mikel Vesga,Athletic Bilbao,   DMC,2.0,2.0,1735.0,,3.0,s2223
Yannick Carrasco,Atletico,   D(L) M(CLR) FW,,2.0,1341.0,,1.0,s2223
Javi Sánchez,Real Valladolid,   D(C),,1.0,1689.0,,9.0,s2223
Dani Rodríguez,Mallorca,   AM(CLR),3.0,3.0,1500.0,,7.0,s2223
Adrián Embarba,Almeria,   AM(CLR) FW,3.0,1.0,894.0,1.0,3.0,s2223
Lucas Boyé,Elche,   AM(L) FW,2.0,3.0,1610.0,1.0,4.0,s2223
Julen Agirrezabala,Athletic Bilbao,   GK,,,315.0,,,s2223
Óscar Trejo,Rayo Vallecano,   M(CLR) FW,3.0,2.0,1547.0,,8.0,s2223
Íñigo Lekue,Athletic Bilbao,   D(LR) M(LR),1.0,,1255.0,,1.0,s2223
Claudio Bravo,Real Betis,   GK,,,540.0,,1.0,s2223
Federico Fernández,Elche,   D(C),,,90.0,,,s2223
Nahuel Molina,Atletico,   D(R) M(R),1.0,,1737.0,1.0,5.0,s2223
Jawad El Yamiq,Real Valladolid,   D(C),,,922.0,1.0,,s2223
Óscar De Marcos,Athletic Bilbao,   D(LR) M(CR),4.0,,1887.0,,4.0,s2223
Íñigo Ruíz de Galarreta,Mallorca,   DMC,,,1660.0,,7.0,s2223
Luis Pérez,Real Valladolid,   D(R),1.0,,884.0,,2.0,s2223
Álvaro Aceves,Real Valladolid,   Goalkeeper,,,12.0,,,s2223
Mario Hermoso,Atletico,   D(CL),,2.0,983.0,2.0,1.0,s2223
Mouctar Diakhaby,Valencia,   D(C),,2.0,1459.0,1.0,4.0,s2223
Thomas Lemar,Atletico,   AM(CLR),2.0,,824.0,,,s2223
Étienne Capoue,Villarreal,   D(C) M(CL),,,1470.0,,1.0,s2223
David Alaba,Real Madrid,   D(CL) M(CL),3.0,1.0,1546.0,,3.0,s2223
Nacho Fernandez,Real Madrid,   D(CLR),1.0,,861.0,,4.0,s2223
Pablo Barrios,Atletico,   Midfielder,1.0,,421.0,,1.0,s2223
Óscar Plano,Real Valladolid,   AM(CLR) FW,1.0,1.0,1677.0,,3.0,s2223
Álex Sola,Real Sociedad,   D(R),,,340.0,,1.0,s2223
Umar Sadiq,Real Sociedad,   FW,,1.0,83.0,,,s2223
Memphis Depay,Atletico,   AM(CL) FW,,3.0,194.0,,1.0,s2223
Stole Dimitrievski,Rayo Vallecano,   GK,,,2160.0,,3.0,s2223
Antonio Rüdiger,Real Madrid,   D(CR),,1.0,1509.0,,1.0,s2223
Giovani Lo Celso,Villarreal,   M(CR) FW,,1.0,531.0,,2.0,s2223
Kike Pérez,Real Valladolid,   M(C),2.0,,1555.0,,5.0,s2223
Marcos Alonso,Barcelona,   D(CL) M(L),,1.0,674.0,,1.0,s2223
Axel Witsel,Atletico,   D(C) M(C),,,1387.0,,2.0,s2223
Valentín Castellanos,Girona,   AM(R) FW,,6.0,1840.0,,7.0,s2223
Santiago Bueno,Girona,   D(C),1.0,,2148.0,1.0,4.0,s2223
Luis Milla,Getafe,   DMC,,,1286.0,1.0,2.0,s2223
Jorge Cuenca,Villarreal,   D(C),,,355.0,,1.0,s2223
Lucas Vázquez,Real Madrid,   D(R) M(R),,2.0,490.0,,1.0,s2223
Ayoze Pérez,Real Betis,   AM(CLR) FW,,,347.0,,,s2223
Álex Baena,Villarreal,   AM(CL),1.0,4.0,1293.0,1.0,10.0,s2223
José Copete,Mallorca,   D(C),,,1459.0,,7.0,s2223
Suso,Sevilla,   AM(CLR) FW,1.0,1.0,565.0,,1.0,s2223
Paulo Gazzaniga,Girona,   GK,,,1350.0,,3.0,s2223
Marcão,Sevilla,   D(C),,,360.0,,2.0,s2223
Léo Baptistão,Almeria,   AM(CLR) FW,2.0,3.0,1191.0,,6.0,s2223
César Montes,Espanyol,   D(C),,,585.0,,3.0,s2223
Jaume Costa,Mallorca,   D(LR) M(L),1.0,,1791.0,,7.0,s2223
Daniel Carvajal,Real Madrid,   D(R),2.0,,1366.0,,4.0,s2223
Isco,Sevilla,   M(CLR) FW,2.0,,803.0,,5.0,s2223
Rubén Alcaraz,Cadiz,   DMC,,2.0,1263.0,1.0,6.0,s2223
Rodrigo Riquelme,Girona,   AM(CL),2.0,4.0,1581.0,,1.0,s2223
Samu Castillejo,Valencia,   AM(CLR),,3.0,1119.0,,6.0,s2223
Omar Mascarell,Elche,   DMC,,,1910.0,,6.0,s2223
Sergio Herrera,Osasuna,   GK,,,1080.0,,3.0,s2223
Franco Cervi,Celta Vigo,   AM(CL),2.0,,1406.0,1.0,,s2223
Manu Sánchez,Osasuna,   D(L),1.0,,1118.0,,1.0,s2223
Andrés Guardado,Real Betis,   D(L) M(CL),1.0,1.0,882.0,,4.0,s2223
Iván Sánchez,Real Valladolid,   AM(CR),,1.0,947.0,,,s2223
Cenk Özkacar,Valencia,   D(C),,,688.0,,1.0,s2223
Hugo Mallo,Celta Vigo,   D(CR) M(R),,,1389.0,,5.0,s2223
Asier Illarramendi,Real Sociedad,   M(C),,1.0,662.0,,3.0,s2223
Domingos Duarte,Getafe,   D(C),2.0,,2106.0,1.0,8.0,s2223
Rubén Sobrino,Cadiz,   AM(CLR) FW,1.0,2.0,1466.0,,6.0,s2223
Yan Couto,Girona,   D(R) M(R),1.0,,682.0,,1.0,s2223
Damián Suárez,Getafe,   D(R) M(R),,1.0,1052.0,,2.0,s2223
Fernando Francisco Reges,Sevilla,   D(C) DMC,,,1148.0,1.0,2.0,s2223
Haris Seferovic,Celta Vigo,   AM(LR) FW,,1.0,257.0,,1.0,s2223
Martín Montoya,Real Betis,   D(LR) M(R),,,186.0,,,s2223
Monchu,Real Valladolid,   DMC,1.0,1.0,1205.0,,7.0,s2223
Juanmi,Real Betis,   AM(CLR) FW,,4.0,694.0,,3.0,s2223
Unai Simón,Athletic Bilbao,   GK,,,1936.0,,1.0,s2223
Pere Milla,Elche,   AM(CLR) FW,1.0,6.0,1238.0,,5.0,s2223
Théo Bongonda,Cadiz,   AM(LR),2.0,2.0,1079.0,,,s2223
Gerard Gumbau,Elche,   DMC,4.0,,1682.0,,9.0,s2223
Diego Mariño,Almeria,   GK,,,45.0,,,s2223
José Gragera,Espanyol,   Midfielder,,,215.0,,1.0,s2223
Aïssa Mandi,Villarreal,   D(CLR),,,438.0,,,s2223
Rodri,Real Betis,   AM(CLR),1.0,2.0,1090.0,,,s2223
Leandro Cabrera,Espanyol,   D(CL),,,1829.0,2.0,4.0,s2223
Aimar Oroz,Osasuna,   AM(C),1.0,3.0,1165.0,,5.0,s2223
Iván Balliu,Rayo Vallecano,   D(R) M(R),,,2183.0,,5.0,s2223
Ivo Grbic,Atletico,   GK,,,207.0,,1.0,s2223
Alex Telles,Sevilla,   D(L) M(L),2.0,,924.0,,4.0,s2223
Ansu Fati,Barcelona,   AM(L) FW,3.0,3.0,925.0,,2.0,s2223
Bryan Gil,Sevilla,   AM(CLR),1.0,1.0,269.0,,1.0,s2223
César de la Hoz,Almeria,   DMC,,1.0,1112.0,,5.0,s2223
Agustín Marchesín,Celta Vigo,   GK,,,1710.0,,3.0,s2223
Edu Expósito,Espanyol,   M(C),2.0,2.0,958.0,,3.0,s2223
Martin Valjent,Mallorca,   D(C),,,1759.0,,7.0,s2223
Víctor Ruiz,Real Betis,   D(C),,,550.0,,,s2223
Juan Iglesias,Getafe,   D(LR) M(R),,1.0,1473.0,,4.0,s2223
Hugo Guillamón,Valencia,   D(C) DMC,4.0,1.0,1435.0,,5.0,s2223
Ivan Rakitic,Sevilla,   M(C),2.0,1.0,1159.0,1.0,3.0,s2223
Edinson Cavani,Valencia,   AM(LR) FW,1.0,5.0,957.0,,4.0,s2223
Brian Ocampo,Cadiz,   AM(L),1.0,1.0,1129.0,,2.0,s2223
Gastón Álvarez,Getafe,   D(L),,2.0,814.0,1.0,4.0,s2223
Youssef En-Nesyri,Sevilla,   FW,,5.0,1012.0,,3.0,s2223
Haissem Hassan,Villarreal,   Forward,,,23.0,,,s2223
Samú Costa,Almeria,   M(C),,1.0,1241.0,,3.0,s2223
Rubén Sánchez,Espanyol,   M(R),2.0,,583.0,,1.0,s2223
Roque Mesa,Real Valladolid,   DMC,1.0,2.0,1247.0,1.0,6.0,s2223
Djené Dakonam,Getafe,   D(C),1.0,,1899.0,,7.0,s2223
Mauro Arambarri,Getafe,   DMC,1.0,,831.0,1.0,2.0,s2223
Nacho Vidal,Osasuna,   D(R),,,916.0,,2.0,s2223
Sergio Akieme,Almeria,   D(L),,1.0,2118.0,,5.0,s2223
Rubén García,Osasuna,   AM(CLR) FW,2.0,1.0,708.0,,2.0,s2223
Nico González,Valencia,   DMC,,1.0,610.0,,,s2223
Luiz Felipe,Real Betis,   D(C),,,1037.0,3.0,1.0,s2223
Óscar Rodríguez,Celta Vigo,   AM(CLR),,2.0,1288.0,,5.0,s2223
Álvaro Aguado,Real Valladolid,   M(C),2.0,1.0,1264.0,,3.0,s2223
Ante Budimir,Osasuna,   FW,,2.0,1111.0,,2.0,s2223
Borja Mayoral,Getafe,   FW,1.0,6.0,2055.0,,4.0,s2223
Mikel Oyarzabal,Real Sociedad,   AM(CLR) FW,1.0,2.0,573.0,,,s2223
Fali,Cadiz,   D(C) DMC,,,1277.0,,5.0,s2223
Pablo Ibáñez,Osasuna,   M(C),1.0,,429.0,,,s2223
Aritz Elustondo,Real Sociedad,   D(CR),1.0,,1031.0,1.0,4.0,s2223
Ander Barrenetxea,Real Sociedad,   M(LR),,1.0,403.0,,3.0,s2223
Yunus Musah,Valencia,   AM(CR),2.0,,1638.0,,8.0,s2223
Yangel Herrera,Girona,   M(C),2.0,2.0,779.0,,2.0,s2223
Jørgen Strand Larsen,Celta Vigo,   FW,3.0,2.0,1227.0,,3.0,s2223
Saúl Ñíguez,Atletico,   D(CL) M(CLR),1.0,1.0,640.0,,7.0,s2223
Lucas Olaza,Real Valladolid,   D(L) M(L),1.0,,1206.0,,3.0,s2223
Fran Beltrán,Celta Vigo,   DMC,1.0,,2015.0,,4.0,s2223
Miguel Gutiérrez,Girona,   D(L),2.0,1.0,1700.0,,6.0,s2223
Kike Barja,Osasuna,   AM(LR),2.0,1.0,559.0,,1.0,s2223
Óscar Gil,Espanyol,   D(R),1.0,,1607.0,,9.0,s2223
Ferrán Torres,Barcelona,   AM(LR) FW,,2.0,987.0,1.0,4.0,s2223
Gorka Guruzeta,Athletic Bilbao,   FW,,5.0,664.0,,1.0,s2223
Momo Cho,Real Sociedad,   FW,2.0,,345.0,,1.0,s2223
Sergi Gómez,Espanyol,   D(CR),,,1526.0,1.0,,s2223
Clerc,Elche,   D(L) M(L),1.0,,1583.0,,1.0,s2223
Ángel Correa,Atletico,   AM(CLR) FW,,5.0,949.0,1.0,1.0,s2223
Jon Pacheco,Real Sociedad,   D(C),,,767.0,,2.0,s2223
Álvaro Negredo,Cadiz,   FW,2.0,1.0,557.0,,,s2223
Toni Villa,Girona,   AM(CLR),2.0,1.0,661.0,,2.0,s2223
Álvaro Fernández,Espanyol,   GK,,,990.0,,,s2223
Erik Lamela,Sevilla,   AM(CLR) FW,,4.0,1301.0,1.0,6.0,s2223
Tinotenda Kadewere,Mallorca,   AM(R) FW,,1.0,380.0,,,s2223
Denis Suárez,Espanyol,   M(CLR),,,311.0,,,s2223
Abdessamad Ezzalzouli,Osasuna,   AM(L),2.0,1.0,855.0,1.0,1.0,s2223
Alejandro Pozo,Almeria,   D(R) M(R),2.0,,1122.0,,,s2223
Nicolas Jackson,Villarreal,   FW,2.0,2.0,796.0,,1.0,s2223
Yassine Bounou,Sevilla,   GK,,,1974.0,,2.0,s2223
Dani García,Athletic Bilbao,   DMC,1.0,,838.0,,3.0,s2223
Rubén Peña,Osasuna,   D(R) M(LR),1.0,,656.0,1.0,1.0,s2223
Kiko Femenía,Villarreal,   D(LR) M(R),,,897.0,,,s2223
Pol Lirola,Elche,   D(R) M(LR),,1.0,568.0,,1.0,s2223
Momo Mbaye,Cadiz,   D(C),,,537.0,,,s2223
Johan Mojica,Elche,   D(L) M(L),,,270.0,,2.0,s2223
Rodrigo Ely,Almeria,   D(C),,,2078.0,1.0,4.0,s2223
Lucas Ocampos,Sevilla,   M(CLR) FW,,1.0,538.0,,4.0,s2223
Ander Guevara,Real Sociedad,   DMC,,,133.0,,1.0,s2223
Nemanja Maksimovic,Getafe,   M(C),,,1018.0,,1.0,s2223
Francis Coquelin,Villarreal,   M(CLR),,1.0,746.0,,2.0,s2223
Kevin Vázquez,Celta Vigo,   D(R),,,178.0,,,s2223
Luca de la Torre,Celta Vigo,   M(CL),2.0,,703.0,,2.0,s2223
Fernando Calero,Espanyol,   D(C),,,1228.0,,3.0,s2223
Luis Hernández,Cadiz,   D(CR),,,2070.0,1.0,4.0,s2223
José Morales,Villarreal,   D(R) M(CLR) FW,,4.0,954.0,,1.0,s2223
José Ángel Carmona,Elche,   D(CR) M(R),,1.0,525.0,1.0,3.0,s2223
Iván Martín,Girona,   Midfielder,1.0,3.0,605.0,,,s2223
Toni Lato,Valencia,   D(L) M(L),,1.0,650.0,,1.0,s2223
Juan Cruz,Osasuna,   D(CL),,,1532.0,,6.0,s2223
Óscar Mingueza,Celta Vigo,   D(CR),,,1145.0,,2.0,s2223
Pathé Ciss,Rayo Vallecano,   DMC,,1.0,1027.0,,4.0,s2223
Álex Fernández,Cadiz,   M(CL) FW,,3.0,1394.0,,,s2223
Filip Jörgensen,Villarreal,   Goalkeeper,,,90.0,,,s2223
Srdjan Babic,Almeria,   D(C),,1.0,1935.0,,3.0,s2223
Javi Hernández,Girona,   D(L),1.0,1.0,588.0,,2.0,s2223
Unai López,Rayo Vallecano,   M(CR),2.0,1.0,875.0,,1.0,s2223
Álvaro Rodríguez,Real Madrid,   Forward,1.0,1.0,20.0,,,s2223
Joan Jordán,Sevilla,   M(C),1.0,,1354.0,,5.0,s2223
Jesús Navas,Sevilla,   D(R) M(R),,,1295.0,,3.0,s2223
Victor Chust,Cadiz,   D(C),,1.0,852.0,,3.0,s2223
Carles Pérez,Celta Vigo,   AM(CR) FW,3.0,,1283.0,,2.0,s2223
Manu Vallejo,Girona,   FW,1.0,,203.0,,,s2223
Javier Puado,Espanyol,   AM(LR) FW,1.0,3.0,1478.0,,3.0,s2223
Stefan Mitrovic,Getafe,   D(C),,,1039.0,,3.0,s2223
Andoni Gorosabel,Real Sociedad,   D(R),,,911.0,,2.0,s2223
Ilaix Moriba,Valencia,   M(C),1.0,,742.0,1.0,2.0,s2223
Aihen Muñoz,Real Sociedad,   D(L),,,785.0,,,s2223
Joseba Zaldúa,Cadiz,   D(R),1.0,,640.0,,4.0,s2223
Raúl García,Athletic Bilbao,   M(CLR) FW,2.0,2.0,689.0,,2.0,s2223
Jon Moncayola,Osasuna,   D(R) M(C),,,1637.0,,4.0,s2223
Munir El Haddadi,Getafe,   AM(LR) FW,1.0,1.0,589.0,,4.0,s2223
Pepe Reina,Villarreal,   GK,,,900.0,,1.0,s2223
Matija Nastasić,Mallorca,   D(C),,,754.0,,2.0,s2223
Jon Ander Olasagasti,Real Sociedad,   Midfielder,,,63.0,,,s2223
Alberto Moreno,Villarreal,   D(L) M(L),,,848.0,,5.0,s2223
Joaquín Sánchez Rodríguez,Real Betis,   M(CLR) FW,1.0,,263.0,,2.0,s2223
Unai García,Osasuna,   D(C),1.0,,1365.0,1.0,6.0,s2223
Chris Ramos,Cadiz,   Forward,,,83.0,,,s2223
Lautaro Blanco,Elche,   D(L) M(L),1.0,,273.0,,1.0,s2223
Chumi,Almeria,   D(C),,1.0,1015.0,,4.0,s2223
Juan Cruz,Real Betis,   Midfielder,,1.0,171.0,,,s2223
José Carlos Lazo,Espanyol,   Midfielder,1.0,1.0,149.0,,,s2223
Helibelton Palacios,Elche,   D(CR),,,1530.0,,6.0,s2223
Hugo Sotelo,Celta Vigo,   Midfielder,,,17.0,,,s2223
Gabriel Paulista,Valencia,   D(CR),,1.0,878.0,1.0,2.0,s2223
Largie Ramazani,Almeria,   FW,,3.0,1185.0,,4.0,s2223
Darko Brašanac,Osasuna,   M(CR),1.0,1.0,954.0,,4.0,s2223
José Ángel Carmona,Sevilla,   D(CR) M(R),1.0,2.0,529.0,1.0,4.0,s2223
Rober,Real Betis,   Midfielder,,,52.0,,1.0,s2223
Tanguy Nianzou,Sevilla,   D(C),,1.0,1235.0,1.0,1.0,s2223
Kike Salas,Sevilla,   D(C),1.0,1.0,370.0,1.0,1.0,s2223
Iddrisu Baba,Mallorca,   DMC,,,1089.0,,4.0,s2223
Adnan Januzaj,Sevilla,   AM(CLR),,,47.0,,,s2223
Cristhian Stuani,Girona,   AM(CLR) FW,,6.0,696.0,,6.0,s2223
Andrés Martín,Rayo Vallecano,   Forward,,,145.0,,1.0,s2223
Juan Carlos Martín,Girona,   GK,,,900.0,,,s2223
Valery Fernández,Girona,   D(R) M(L),2.0,,661.0,,1.0,s2223
Johan Mojica,Villarreal,   D(L) M(L),,,562.0,,,s2223
Jesús Vázquez,Valencia,   D(L),,,272.0,,1.0,s2223
Carles Aleñá,Getafe,   AM(CLR),2.0,2.0,1584.0,1.0,8.0,s2223
Tete Morente,Elche,   M(CLR),,1.0,990.0,,4.0,s2223
Zouhair Feddal,Real Valladolid,   D(C),,,374.0,,1.0,s2223
Abdul Mumin,Rayo Vallecano,   D(C),,,282.0,,1.0,s2223
Pedro Bigas,Elche,   D(CL),,,1418.0,2.0,2.0,s2223
Amath Ndiaye,Mallorca,   AM(L),,1.0,558.0,,2.0,s2223
Kaiky,Almeria,   D(C),,,487.0,,5.0,s2223
Sergio León,Real Valladolid,   FW,1.0,5.0,1017.0,1.0,,s2223
Juan Cala,Cadiz,   D(C),,,137.0,,,s2223
Diego Moreno,Osasuna,   D(R),,,532.0,,,s2223
Papu Gómez,Sevilla,   M(CLR) FW,1.0,,666.0,,4.0,s2223
Íñigo Eguaras,Almeria,   M(C),1.0,1.0,797.0,,4.0,s2223
Dimitri Foulquier,Valencia,   D(CLR) M(R),1.0,,1019.0,,3.0,s2223
Renato Tapia,Celta Vigo,   D(C) DMC,,,793.0,1.0,3.0,s2223
Carlos Fernández,Real Sociedad,   AM(C) FW,,1.0,406.0,,5.0,s2223
Roger,Cadiz,   FW,,,444.0,,1.0,s2223
Rafa Mir,Sevilla,   FW,,3.0,815.0,,1.0,s2223
Gonzalo Verdú,Elche,   D(C),,1.0,546.0,2.0,,s2223
Álvaro Odriozola,Real Madrid,   D(R),,,22.0,,,s2223
Kike García,Osasuna,   FW,,2.0,737.0,,3.0,s2223
Ezequiel Ponce,Elche,   AM(L) FW,,3.0,986.0,,2.0,s2223
Franck Kessie,Barcelona,   M(C),1.0,,582.0,,4.0,s2223
Lucas Pérez,Cadiz,   AM(CR) FW,,3.0,623.0,,2.0,s2223
Reinier,Girona,   AM(C),,1.0,342.0,,1.0,s2223
Anthony Lozano,Cadiz,   AM(L) FW,,,1191.0,,3.0,s2223
Keidi Bare,Espanyol,   DMC,,,328.0,,,s2223
Ander Herrera,Athletic Bilbao,   M(C),1.0,,308.0,1.0,3.0,s2223
Oscar Ureña,Girona,   Forward,,,99.0,,,s2223
Clément Grenier,Mallorca,   M(CL),,,608.0,,7.0,s2223
Raúl de Tomás,Rayo Vallecano,   FW,,,222.0,,1.0,s2223
Randy Nteka,Elche,   AM(C) FW,,,205.0,,1.0,s2223
Paul Akouokou,Real Betis,   DMC,,,280.0,,2.0,s2223
Francisco Portillo,Almeria,   M(CLR),,2.0,387.0,,1.0,s2223
Alexander Callens,Girona,   D(CL),,,52.0,,,s2223
Ángel Algobia,Getafe,   M(C),,,984.0,,3.0,s2223
José Mari,Cadiz,   DMC,,,317.0,,2.0,s2223
Lázaro,Almeria,   FW,,1.0,262.0,,,s2223
Ronaël Pierre-Gabriel,Espanyol,   D(CLR) M(R),,,164.0,1.0,,s2223
Arnaut Danjuma,Villarreal,   AM(L) FW,,2.0,480.0,,,s2223
Bernardo Espinosa,Girona,   D(C),1.0,,846.0,,3.0,s2223
Portu,Getafe,   M(CLR) FW,2.0,,1061.0,1.0,3.0,s2223
Augusto Solari,Celta Vigo,   AM(CR),1.0,,211.0,,,s2223
Mikel Balenziaga,Athletic Bilbao,   D(L),,,115.0,,,s2223
Lisandro Magallán,Elche,   D(C),,,404.0,1.0,,s2223
Cristhian Mosquera,Valencia,   Defender,,,143.0,,,s2223
Marcos André,Valencia,   FW,,1.0,427.0,1.0,2.0,s2223
Fede San Emeterio,Cadiz,   DMC,,,1091.0,,7.0,s2223
Abner,Real Betis,   D(L) M(L),,,367.0,,2.0,s2223
Malcom Adu,Athletic Bilbao,   Forward,,,4.0,,,s2223
Nicolás Melamed,Espanyol,   AM(L),2.0,,501.0,,3.0,s2223
Aleix Vidal,Espanyol,   D(R) M(LR),1.0,,882.0,,4.0,s2223
Jon Magunacelaya,Real Sociedad,   Midfielder,,,64.0,,,s2223
Juanpe,Girona,   D(C),,,932.0,,3.0,s2223
Pierre-Emerick Aubameyang,Barcelona,   M(CLR) FW,,,8.0,,,s2223
Hugo Duro,Valencia,   AM(L) FW,,1.0,895.0,,4.0,s2223
Ander Martín,Real Sociedad,   Forward,,,39.0,,,s2223
Nicolás Fernández Mercau,Elche,   M(L),,,320.0,,2.0,s2223
Gonzalo Montiel,Sevilla,   D(CR) M(R),1.0,,956.0,1.0,5.0,s2223
Dyego Sousa,Almeria,   FW,1.0,,353.0,,1.0,s2223
Benjamin Lecomte,Espanyol,   GK,,,900.0,1.0,1.0,s2223
Oier Zarraga,Athletic Bilbao,   DMC M(R),,,607.0,,4.0,s2223
Jesús Corona,Sevilla,   D(R) M(CLR) FW,,,63.0,,,s2223
Martin Hongla,Real Valladolid,   D(C) DMC,,,489.0,1.0,3.0,s2223
Fidel Chaves de la Torre,Elche,   M(CLR),1.0,1.0,791.0,,4.0,s2223
Enzo Roco,Elche,   D(C),,,1480.0,1.0,3.0,s2223
Gonçalo Paciência,Celta Vigo,   FW,,1.0,400.0,1.0,2.0,s2223
Franco Russo,Mallorca,   D(C),,,147.0,,,s2223
Juanmi Latasa,Getafe,   Forward,,,116.0,,,s2223
José Carlos Lazo,Almeria,   Midfielder,,,19.0,,,s2223
Gonzalo Villar,Getafe,   DMC,,,206.0,,2.0,s2223
Diego González,Elche,   D(CL),,,838.0,,5.0,s2223
Bebé,Rayo Vallecano,   AM(LR) FW,,,57.0,,1.0,s2223
Robert Navarro,Real Sociedad,   Midfielder,,,333.0,,2.0,s2223
Antonio Blanco,Cadiz,   Midfielder,,,159.0,,,s2223
Aitor Paredes,Athletic Bilbao,   Defender,,,232.0,,1.0,s2223
Raúl Parra,Cadiz,   Defender,,,31.0,,,s2223
Jon Morcillo,Athletic Bilbao,   AM(L),1.0,,59.0,,,s2223
Iván Alejo,Cadiz,   AM(R),1.0,,824.0,1.0,7.0,s2223
Manu Morlanes,Villarreal,   DMC,,,159.0,1.0,,s2223
Ricard Artero,Girona,   Midfielder,,,7.0,,,s2223
Rodrigo Battaglia,Mallorca,   M(C),,,686.0,,5.0,s2223
Raúl Guti,Elche,   DMC,,,852.0,,1.0,s2223
Abdón Prats,Mallorca,   FW,1.0,1.0,251.0,,,s2223
Ander Capa,Athletic Bilbao,   D(R) M(R),,,25.0,,,s2223
Sergio Asenjo,Real Valladolid,   GK,,,720.0,,,s2223
Eden Hazard,Real Madrid,   M(CLR) FW,,,98.0,,,s2223
Willian José,Real Betis,   FW,,1.0,376.0,,,s2223
Toni Villa,Real Valladolid,   AM(CLR),,,91.0,,,s2223
Sergio Arribas,Real Madrid,   Midfielder,,,9.0,,,s2223
Salvi Sánchez,Rayo Vallecano,   AM(R),,,296.0,,2.0,s2223
Radamel Falcao,Rayo Vallecano,   FW,,2.0,497.0,,4.0,s2223
Antonio Sánchez,Mallorca,   AM(CR),,,647.0,,4.0,s2223
Manu Morlanes,Mallorca,   DMC,,,27.0,,,s2223
Jaime Seoane,Getafe,   M(C),,,300.0,,,s2223
Omar El Hilali,Espanyol,   Defender,,,90.0,,1.0,s2223
Simo,Espanyol,   Defender,,,85.0,,,s2223
David Torres,Real Valladolid,   Defender,,,100.0,,,s2223
Pep Chavarría,Rayo Vallecano,   Defender,,,96.0,,1.0,s2223
Beñat Turrientes,Real Sociedad,   Midfielder,,,102.0,,,s2223
Roger,Elche,   FW,1.0,,657.0,,2.0,s2223
Joel Roca,Girona,   Midfielder,,,65.0,,1.0,s2223
Álex Centelles,Almeria,   D(L),,,134.0,1.0,,s2223
Curro Sánchez,Almeria,   Midfielder,,,41.0,,1.0,s2223
Arnau Puigmal,Almeria,   Midfielder,,,377.0,,3.0,s2223
Josan,Elche,   D(R) M(R),,1.0,433.0,,3.0,s2223
Carlos Domínguez,Celta Vigo,   D(C),,,17.0,,,s2223
Carlos Martín,Atletico,   Forward,,,4.0,,,s2223
Moi Parra,Getafe,   Midfielder,,,9.0,,,s2223
Ángel Rodríguez,Mallorca,   FW,,,257.0,,,s2223
Santiago Arzamendia,Cadiz,   D(L) M(L),,,386.0,,,s2223
Pablo Durán,Celta Vigo,   Forward,,,32.0,,,s2223
Iker Muñoz,Osasuna,   Midfielder,,,20.0,,,s2223
Nabili Zoubdi Touaizi,Espanyol,   Forward,,,2.0,,,s2223
José Ángel Pozo,Rayo Vallecano,   AM(C),,,79.0,,,s2223
Manu Trigueros,Villarreal,   M(CLR) FW,,,462.0,1.0,2.0,s2223
Lago Junior,Mallorca,   M(L),,,48.0,,,s2223
Jorge Meré,Cadiz,   D(C),,,2.0,,,s2223
Matt Doherty,Atletico,   D(LR) M(LR),,,12.0,,,s2223
Fabrizio Angileri,Getafe,   D(L) M(L),,,544.0,1.0,2.0,s2223
Jordan Amavi,Getafe,   D(L) M(L),,,192.0,1.0,,s2223
Loren Morón,Real Betis,   FW,,,13.0,,1.0,s2223
Mamady Diarra,Cadiz,   Forward,,,66.0,,,s2223
Roberto Arroyo,Real Valladolid,   Forward,,,14.0,,,s2223
Pablo Torre,Barcelona,   Midfielder,,,27.0,,,s2223
Dani Gómez,Espanyol,   FW,,,71.0,,1.0,s2223
Luka Koleosho,Espanyol,   Midfielder,,,22.0,,,s2223
Javi Llabrés,Mallorca,   Forward,,,16.0,,,s2223
Fran Delgado,Real Betis,   Defender,,,11.0,,,s2223
Fran Pérez,Valencia,   Midfielder,,,87.0,,1.0,s2223
Ángel Alarcón,Barcelona,   Midfielder,,,22.0,,,s2223
Mario Suárez,Rayo Vallecano,   D(C) M(C),,,5.0,,,s2223
Juanjo Narváez,Real Valladolid,   Forward,,,147.0,,,s2223
Jon Karrikaburu,Real Sociedad,   Forward,,,87.0,,1.0,s2223
Maximiliano Gómez,Valencia,   FW,,,106.0,,,s2223
Pablo Muñoz,Rayo Vallecano,   Midfielder,,,11.0,,,s2223
Unai Vencedor,Athletic Bilbao,   DMC,,,142.0,,2.0,s2223
Mariano Díaz,Real Madrid,   FW,,,51.0,,2.0,s2223
Houboulang Mendes,Almeria,   D(CR),1.0,,742.0,,1.0,s2223
Ludwig Augustinsson,Mallorca,   D(L) M(L),,,79.0,,,s2223
Álex Revuelta,Getafe,   Defender,,,1.0,,,s2223
Ángel Alarcón,Barcelona,   Midfielder,,,1.0,,,s2223
Arnau Tenas,Barcelona,   Goalkeeper,,,1.0,,1.0,s2223
Chadi Riad,Barcelona,   Defender,,,1.0,,,s2223
Diego Méndez,Rayo Vallecano,   Midfielder,,,1.0,,,s2223
Esteban Saveljich,Rayo Vallecano,   D(C),,,1.0,,,s2223
Pedro Ortiz,Sevilla,   Midfielder,,,1.0,,,s2223
Williot Swedberg,Celta Vigo,   Midfielder,,,34.0,,1.0,s2223
Domingos Quina,Elche,   M(CL),,,269.0,1.0,1.0,s2223
Diego López,Valencia,   Forward,,,9.0,,,s2223
Marko Milovanovic,Almeria,   Forward,,,14.0,,1.0,s2223
Awer Mabil,Cadiz,   AM(LR) FW,,,163.0,,,s2223
Kenedy,Real Valladolid,   D(L) M(LR),,,81.0,,1.0,s2223
Jaime Mata,Getafe,   FW,,,43.0,,3.0,s2223
Fernando Niño,Villarreal,   FW,,,19.0,,,s2223
Alejandro Alfaro,Elche,   Midfielder,,,14.0,,,s2223
Selim Amallah,Real Valladolid,   AM(CL) FW,,,55.0,1.0,,s2223
Youba Diarra,Cadiz,   Midfielder,,,39.0,,1.0,s2223
Javier Pastore,Elche,   AM(CLR),,,4.0,,,s2223
Mario Hernández,Rayo Vallecano,   Defender,,,38.0,,,s2223
Iván Romero,Sevilla,   Forward,,,10.0,,1.0,s2223
Sergio Reguilón,Atletico,   D(L) M(L),,,85.0,1.0,,s2223
Roger Martínez,Espanyol,   Midfielder,,,6.0,,,s2223
Pape Cheikh,Elche,   DMC,,,33.0,1.0,,s2223
Carlos Álvarez,Sevilla,   Midfielder,,,9.0,,1.0,s2223
Tomás Alarcón,Cadiz,   DMC,,,222.0,1.0,,s2223
Álvaro Giménez,Cadiz,   FW,,,16.0,,,s2223
John Donald,Elche,   D(C),,,151.0,1.0,,s2223
Diego López,Rayo Vallecano,   GK,,,90.0,,,s2223
Aarón Escandell,Las Palmas,Not Available,0.0,0.0,152.0,1.0,0.0,s2324
Abdelkabir Abqar,Alavés,Not Available,0.0,0.0,2314.0,0.0,10.0,s2324
Abderrahman Rebbach,Alavés,Not Available,0.0,1.0,713.0,0.0,1.0,s2324
Abdessamad Ezzalzouli,Real Betis,Not Available,0.0,1.0,921.0,0.0,1.0,s2324
Abdón Prats,Mallorca,Not Available,1.0,6.0,1258.0,0.0,3.0,s2324
Abdul Mumin,Rayo Vallecano,Not Available,0.0,1.0,1695.0,1.0,5.0,s2324
Abner,Real Betis,Not Available,1.0,0.0,1397.0,0.0,3.0,s2324
Adnan Januzaj,Sevilla,Not Available,0.0,0.0,187.0,0.0,0.0,s2324
Adrià Altimira,Villarreal,Not Available,0.0,0.0,779.0,0.0,3.0,s2324
Adrià Pedrosa,Sevilla,Not Available,4.0,1.0,1749.0,0.0,1.0,s2324
Adrián Embarba,Almería,Not Available,2.0,3.0,2485.0,0.0,5.0,s2324
Aiham Ousou,Cádiz,Not Available,0.0,0.0,429.0,0.0,0.0,s2324
Aihen Muñoz,Real Sociedad,Not Available,2.0,0.0,1120.0,0.0,2.0,s2324
Aimar Oroz,Osasuna,Not Available,1.0,2.0,2350.0,0.0,3.0,s2324
Aingeru Olabarrieta,Athletic Club,Not Available,0.0,0.0,8.0,0.0,0.0,s2324
Aïssa Mandi,Villarreal,Not Available,0.0,1.0,1113.0,0.0,3.0,s2324
Aitor Fernández,Osasuna,Not Available,0.0,0.0,550.0,0.0,2.0,s2324
Aitor Paredes,Athletic Club,Not Available,0.0,1.0,2706.0,1.0,7.0,s2324
Aitor Ruibal,Real Betis,Not Available,1.0,2.0,1015.0,0.0,5.0,s2324
Alberto Marí,Valencia CF,Not Available,1.0,1.0,264.0,0.0,0.0,s2324
Alberto Moleiro,Las Palmas,Not Available,3.0,3.0,1807.0,0.0,1.0,s2324
Alberto Moreno,Villarreal,Not Available,2.0,2.0,1490.0,2.0,1.0,s2324
Alberto Risco,Getafe,Not Available,0.0,0.0,135.0,0.0,0.0,s2324
Aleix García,Girona,Not Available,6.0,3.0,3201.0,1.0,4.0,s2324
Alejandro Catena,Osasuna,Not Available,3.0,1.0,2536.0,1.0,8.0,s2324
Alejandro Pozo,Almería,Not Available,0.0,0.0,970.0,0.0,3.0,s2324
Alejo Véliz,Sevilla,Not Available,0.0,0.0,31.0,0.0,0.0,s2324
Aleksandar Radovanovic,Almería,Not Available,0.0,0.0,571.0,0.0,2.0,s2324
Aleksandar Sedlar,Alavés,Not Available,0.0,1.0,948.0,0.0,2.0,s2324
Álex Berenguer,Athletic Club,Not Available,3.0,7.0,1581.0,0.0,4.0,s2324
Álex Remiro,Real Sociedad,Not Available,0.0,0.0,3276.0,1.0,2.0,s2324
Álex Sola,Alavés,Not Available,3.0,0.0,1285.0,0.0,2.0,s2324
Álex Suárez,Las Palmas,Not Available,0.0,2.0,2566.0,0.0,7.0,s2324
Alexander Sørloth,Villarreal,Not Available,6.0,23.0,2491.0,0.0,3.0,s2324
Alfonso Espino,Rayo Vallecano,Not Available,1.0,0.0,2512.0,0.0,9.0,s2324
Alfonso Pedraza,Villarreal,Not Available,3.0,1.0,1119.0,1.0,4.0,s2324
Amath Ndiaye,Mallorca,Not Available,0.0,0.0,388.0,0.0,2.0,s2324
Anastasios Douvikas,Celta de Vigo,Not Available,1.0,7.0,886.0,0.0,2.0,s2324
Ander Barrenetxea,Real Sociedad,Not Available,1.0,4.0,1436.0,0.0,1.0,s2324
Ander Guevara,Alavés,Not Available,0.0,1.0,2936.0,0.0,7.0,s2324
Ander Herrera,Athletic Club,Not Available,3.0,0.0,1023.0,0.0,4.0,s2324
Andoni Gorosabel,Alavés,Not Available,0.0,1.0,2863.0,0.0,6.0,s2324
Andreas Christensen,Barcelona,Not Available,2.0,2.0,1990.0,0.0,4.0,s2324
Andrei Ratiu,Rayo Vallecano,Not Available,0.0,0.0,627.0,0.0,1.0,s2324
Andriy Lunin,Real Madrid,Not Available,0.0,0.0,1890.0,0.0,2.0,s2324
André Almeida,Valencia CF,Not Available,1.0,2.0,969.0,0.0,0.0,s2324
André Ferreira,Granada CF,Not Available,0.0,0.0,1339.0,0.0,1.0,s2324
André Silva,Real Sociedad,Not Available,0.0,3.0,730.0,0.0,1.0,s2324
Andrés Guardado,Real Betis,Not Available,0.0,0.0,442.0,0.0,2.0,s2324
Ansu Fati,Barcelona,Not Available,0.0,0.0,47.0,0.0,0.0,s2324
Antal Yaakobishvili,Girona,Not Available,0.0,0.0,60.0,0.0,0.0,s2324
Ante Budimir,Osasuna,Not Available,2.0,17.0,2449.0,0.0,4.0,s2324
Anthony Lozano,Almería,Not Available,0.0,3.0,866.0,0.0,2.0,s2324
Antoine Griezmann,Atlético de Madrid,Not Available,6.0,16.0,2654.0,0.0,5.0,s2324
Antonio Blanco,Alavés,Not Available,1.0,0.0,2436.0,1.0,5.0,s2324
Antonio Puertas,Granada CF,Not Available,2.0,0.0,720.0,1.0,3.0,s2324
Antonio Raíllo,Mallorca,Not Available,2.0,3.0,2198.0,1.0,4.0,s2324
Antonio Rüdiger,Real Madrid,Not Available,0.0,1.0,2707.0,0.0,7.0,s2324
Antonio Sivera,Alavés,Not Available,0.0,0.0,3060.0,0.0,3.0,s2324
Antonio Sánchez,Mallorca,Not Available,1.0,3.0,1463.0,0.0,3.0,s2324
Arda Güler,Real Madrid,Not Available,0.0,6.0,373.0,0.0,1.0,s2324
Aridane Hernández,Rayo Vallecano,Not Available,0.0,0.0,1691.0,0.0,3.0,s2324
Aritz Elustondo,Real Sociedad,Not Available,1.0,0.0,808.0,0.0,2.0,s2324
Arnau Martinez,Girona,Not Available,2.0,0.0,1240.0,0.0,5.0,s2324
Arnau Puigmal,Almería,Not Available,0.0,0.0,248.0,0.0,3.0,s2324
Arsen Zakharyan,Real Sociedad,Not Available,2.0,1.0,1229.0,0.0,1.0,s2324
Artem Dovbyk,Girona,Not Available,8.0,24.0,2605.0,0.0,2.0,s2324
Arthur Vermeeren,Atlético de Madrid,Not Available,0.0,0.0,159.0,0.0,2.0,s2324
Asier Villalibre,Athletic Club,Not Available,1.0,2.0,503.0,0.0,0.0,s2324
Assane Diao,Real Betis,Not Available,0.0,2.0,1052.0,0.0,4.0,s2324
Augusto Batalla,Granada CF,Not Available,0.0,0.0,1530.0,0.0,3.0,s2324
Aurélien Tchouaméni,Real Madrid,Not Available,1.0,3.0,1987.0,0.0,7.0,s2324
Axel Witsel,Atlético de Madrid,Not Available,0.0,2.0,2784.0,0.0,5.0,s2324
Ayoze Pérez,Real Betis,Not Available,1.0,9.0,2307.0,0.0,4.0,s2324
Bebé,Rayo Vallecano,Not Available,0.0,2.0,193.0,0.0,1.0,s2324
Ben Brereton Diaz,Villarreal,Not Available,0.0,0.0,261.0,0.0,2.0,s2324
Beñat Prados,Athletic Club,Not Available,0.0,0.0,1450.0,0.0,1.0,s2324
Beñat Turrientes,Real Sociedad,Not Available,1.0,0.0,1688.0,0.0,4.0,s2324
Benito Ramírez,Las Palmas,Not Available,1.0,1.0,368.0,0.0,0.0,s2324
Bertrand Traoré,Villarreal,Not Available,0.0,1.0,569.0,0.0,4.0,s2324
Borja Iglesias,Real Betis,Not Available,1.0,0.0,404.0,0.0,2.0,s2324
Borja Mayoral,Getafe,Not Available,1.0,15.0,2162.0,0.0,2.0,s2324
Boubakary Soumaré,Sevilla,Not Available,1.0,0.0,2286.0,0.0,10.0,s2324
Brahim Díaz,Real Madrid,Not Available,6.0,8.0,1551.0,0.0,0.0,s2324
Brais Méndez,Real Sociedad,Not Available,6.0,5.0,2420.0,0.0,7.0,s2324
Brian Ocampo,Cádiz,Not Available,0.0,1.0,237.0,0.0,2.0,s2324
Bruno Langa,Almería,Not Available,0.0,1.0,819.0,1.0,1.0,s2324
Bruno Méndez,Granada CF,Not Available,0.0,2.0,1336.0,0.0,4.0,s2324
Bryan Zaragoza,Granada CF,Not Available,2.0,6.0,1640.0,0.0,5.0,s2324
Caglar Söyüncü,Atlético de Madrid,Not Available,0.0,0.0,110.0,1.0,0.0,s2324
Carl Starfelt,Celta de Vigo,Not Available,0.0,1.0,2218.0,0.0,4.0,s2324
Carles Aleñá,Getafe,Not Available,1.0,1.0,1007.0,0.0,6.0,s2324
Carles Pérez,Celta de Vigo,Not Available,1.0,1.0,768.0,0.0,3.0,s2324
Carlos Benavídez,Alavés,Not Available,1.0,3.0,1121.0,0.0,5.0,s2324
Carlos Domínguez,Celta de Vigo,Not Available,0.0,0.0,1585.0,0.0,2.0,s2324
Carlos Dotor,Celta de Vigo,Not Available,0.0,0.0,702.0,0.0,2.0,s2324
Carlos Fernández,Real Sociedad,Not Available,1.0,2.0,406.0,0.0,3.0,s2324
Carlos Neva,Granada CF,Not Available,2.0,0.0,3152.0,0.0,4.0,s2324
Carlos Romero,Villarreal,Not Available,0.0,0.0,259.0,0.0,1.0,s2324
Carlos Vicente,Alavés,Not Available,4.0,2.0,1118.0,0.0,1.0,s2324
Cenk Özkacar,Valencia CF,Not Available,0.0,0.0,1595.0,0.0,3.0,s2324
Chadi Riad,Real Betis,Not Available,0.0,0.0,2164.0,0.0,1.0,s2324
Christopher Ramos,Cádiz,Not Available,1.0,5.0,2627.0,0.0,5.0,s2324
Claudio Bravo,Real Betis,Not Available,0.0,0.0,630.0,0.0,0.0,s2324
Cristhian Mosquera,Valencia CF,Not Available,0.0,0.0,3074.0,0.0,2.0,s2324
Cristhian Stuani,Girona,Not Available,3.0,9.0,782.0,0.0,6.0,s2324
Cristian Herrera,Las Palmas,Not Available,0.0,1.0,159.0,0.0,1.0,s2324
Cristian Portu,Girona,Not Available,5.0,7.0,1271.0,0.0,4.0,s2324
Cyle Larin,Mallorca,Not Available,2.0,3.0,1823.0,0.0,8.0,s2324
Cédric Bakambu,Real Betis,Not Available,0.0,0.0,195.0,0.0,1.0,s2324
César Azpilicueta,Atlético de Madrid,Not Available,2.0,0.0,1421.0,0.0,4.0,s2324
César Montes,Almería,Not Available,0.0,0.0,1792.0,0.0,5.0,s2324
Daley Blind,Girona,Not Available,2.0,1.0,2971.0,0.0,6.0,s2324
Daley Sinkgraven,Las Palmas,Not Available,0.0,0.0,375.0,1.0,0.0,s2324
Damián Rodríguez,Celta de Vigo,Not Available,2.0,0.0,257.0,0.0,1.0,s2324
Damián Suárez,Getafe,Not Available,2.0,0.0,1306.0,1.0,7.0,s2324
Dani García,Athletic Club,Not Available,0.0,1.0,738.0,0.0,4.0,s2324
Daniel Carvajal,Real Madrid,Not Available,3.0,4.0,2172.0,1.0,3.0,s2324
Daniel Ceballos,Real Madrid,Not Available,2.0,0.0,586.0,0.0,2.0,s2324
Daniel Parejo,Villarreal,Not Available,5.0,3.0,2586.0,0.0,4.0,s2324
Daniel Rodriguez,Mallorca,Not Available,4.0,2.0,2632.0,0.0,9.0,s2324
Daniel Vivian,Athletic Club,Not Available,0.0,0.0,2879.0,0.0,6.0,s2324
Darwin Machís,Cádiz,Not Available,0.0,4.0,782.0,1.0,0.0,s2324
David Alaba,Real Madrid,Not Available,1.0,0.0,1156.0,0.0,2.0,s2324
David García,Osasuna,Not Available,1.0,0.0,2336.0,0.0,5.0,s2324
David Gil,Cádiz,Not Available,0.0,0.0,371.0,0.0,1.0,s2324
David López,Girona,Not Available,0.0,3.0,1975.0,0.0,4.0,s2324
David Soria,Getafe,Not Available,0.0,0.0,3414.0,0.0,3.0,s2324
Denis Suárez,Villarreal,Not Available,0.0,0.0,130.0,0.0,0.0,s2324
Diadie Samassékou,Cádiz,Not Available,0.0,0.0,87.0,0.0,0.0,s2324
Diego López,Valencia CF,Not Available,6.0,3.0,2671.0,0.0,2.0,s2324
Diego Rico,Getafe,Not Available,7.0,0.0,2536.0,0.0,10.0,s2324
Dimitri Foulquier,Valencia CF,Not Available,0.0,0.0,1833.0,0.0,3.0,s2324
Dion Lopy,Almería,Not Available,0.0,0.0,1917.0,0.0,5.0,s2324
Djené Dakonam,Getafe,Not Available,0.0,0.0,2490.0,1.0,12.0,s2324
Djibril Sow,Sevilla,Not Available,1.0,1.0,1469.0,0.0,5.0,s2324
Dodi Lukebakio,Sevilla,Not Available,1.0,5.0,1124.0,0.0,0.0,s2324
Domingos Duarte,Getafe,Not Available,0.0,0.0,905.0,2.0,3.0,s2324
Dominik Greif,Mallorca,Not Available,0.0,0.0,90.0,0.0,0.0,s2324
Edgar González,Almería,Not Available,0.0,2.0,2528.0,1.0,5.0,s2324
Eduardo Camavinga,Real Madrid,Not Available,2.0,0.0,1824.0,0.0,9.0,s2324
Enes Ünal,Getafe,Not Available,1.0,0.0,138.0,0.0,0.0,s2324
Enrique Barja,Osasuna,Not Available,0.0,0.0,293.0,0.0,3.0,s2324
Enzo Loiodice,Las Palmas,Not Available,1.0,0.0,1792.0,0.0,2.0,s2324
Eric Bailly,Villarreal,Not Available,0.0,0.0,838.0,0.0,4.0,s2324
Eric García,Girona,Not Available,0.0,5.0,2697.0,0.0,5.0,s2324
Erik Lamela,Sevilla,Not Available,0.0,2.0,459.0,0.0,3.0,s2324
Ezequiel Ávila,Osasuna,Not Available,3.0,0.0,1166.0,0.0,0.0,s2324
Ezequiel Ávila,Real Betis,Not Available,0.0,2.0,1166.0,3.0,5.0,s2324
Fabio González,Las Palmas,Not Available,0.0,0.0,121.0,0.0,1.0,s2324
Fabricio Angileri,Getafe,Not Available,0.0,0.0,160.0,1.0,2.0,s2324
Facundo Pellistri,Granada CF,Not Available,1.0,2.0,1220.0,1.0,0.0,s2324
Faitout Maouassa,Granada CF,Not Available,1.0,0.0,244.0,0.0,0.0,s2324
Fali,Cádiz,Not Available,0.0,0.0,2550.0,0.0,12.0,s2324
Famara Diédhiou,Granada CF,Not Available,1.0,0.0,82.0,0.0,1.0,s2324
Federico San Emeterio,Cádiz,Not Available,0.0,1.0,155.0,1.0,1.0,s2324
Federico Valverde,Real Madrid,Not Available,7.0,2.0,2910.0,0.0,2.0,s2324
Ferland Mendy,Real Madrid,Not Available,0.0,0.0,1725.0,0.0,5.0,s2324
Fermin López,Barcelona,Not Available,0.0,8.0,1444.0,0.0,2.0,s2324
Fernando Francisco Reges,Sevilla,Not Available,0.0,0.0,459.0,0.0,0.0,s2324
Ferrán Torres,Barcelona,Not Available,2.0,7.0,1204.0,0.0,2.0,s2324
Filip Jörgensen,Villarreal,Not Available,0.0,0.0,3240.0,0.0,4.0,s2324
Florian Lejeune,Rayo Vallecano,Not Available,1.0,3.0,3328.0,0.0,5.0,s2324
Fran Beltrán,Celta de Vigo,Not Available,0.0,0.0,2438.0,0.0,2.0,s2324
Fran Pérez,Valencia CF,Not Available,4.0,1.0,2069.0,0.0,4.0,s2324
Francis Coquelin,Villarreal,Not Available,0.0,0.0,909.0,0.0,4.0,s2324
Francisco Garcia,Real Madrid,Not Available,5.0,1.0,1396.0,0.0,2.0,s2324
Francisco Vieites,Real Betis,Not Available,0.0,0.0,315.0,0.0,0.0,s2324
Franco Cervi,Celta de Vigo,Not Available,1.0,0.0,537.0,0.0,2.0,s2324
Frenkie de Jong,Barcelona,Not Available,0.0,2.0,1637.0,0.0,7.0,s2324
Gabriel Paulista,Atlético de Madrid,Not Available,0.0,0.0,1806.0,0.0,5.0,s2324
Gabriel Paulista,Valencia CF,Not Available,0.0,0.0,1806.0,1.0,0.0,s2324
Gastón Álvarez,Getafe,Not Available,0.0,2.0,2535.0,0.0,7.0,s2324
Gavi,Barcelona,Not Available,1.0,1.0,943.0,0.0,5.0,s2324
Gerard Gumbau,Granada CF,Not Available,3.0,0.0,2684.0,0.0,12.0,s2324
Gerard Moreno,Villarreal,Not Available,6.0,10.0,2229.0,0.0,0.0,s2324
Germán Pezzella,Real Betis,Not Available,0.0,1.0,2770.0,0.0,7.0,s2324
Giorgi Mamardashvili,Valencia CF,Not Available,0.0,0.0,3285.0,1.0,3.0,s2324
Giovanni González,Mallorca,Not Available,1.0,1.0,2463.0,0.0,7.0,s2324
Giuliano Simeone,Alavés,Not Available,2.0,1.0,628.0,0.0,1.0,s2324
Goncalo Guedes,Villarreal,Not Available,2.0,3.0,951.0,0.0,0.0,s2324
Gonzalo Escalante,Cádiz,Not Available,2.0,1.0,1702.0,1.0,2.0,s2324
Gonzalo Garcia,Real Madrid,Not Available,0.0,0.0,17.0,0.0,0.0,s2324
Gonzalo Melero,Almería,Not Available,1.0,1.0,1093.0,0.0,3.0,s2324
Gonzalo Villar,Granada CF,Not Available,3.0,1.0,1785.0,0.0,7.0,s2324
Gorka Guruzeta,Athletic Club,Not Available,5.0,14.0,2240.0,0.0,2.0,s2324
Guido Rodríguez,Real Betis,Not Available,0.0,2.0,1849.0,0.0,6.0,s2324
Hamari Traoré,Real Sociedad,Not Available,2.0,0.0,2296.0,0.0,7.0,s2324
Hannibal Mejbri,Sevilla,Not Available,0.0,0.0,101.0,0.0,2.0,s2324
Héctor Bellerín,Real Betis,Not Available,1.0,0.0,1714.0,1.0,0.0,s2324
Houboulang Mendes,Almería,Not Available,0.0,0.0,396.0,0.0,0.0,s2324
Hugo Duro,Valencia CF,Not Available,2.0,13.0,2994.0,0.0,4.0,s2324
Hugo González,Valencia CF,Not Available,1.0,0.0,79.0,0.0,0.0,s2324
Hugo Guillamón,Valencia CF,Not Available,0.0,1.0,1305.0,0.0,6.0,s2324
Hugo Sotelo,Celta de Vigo,Not Available,1.0,0.0,718.0,0.0,1.0,s2324
Hugo Álvarez,Celta de Vigo,Not Available,1.0,1.0,763.0,0.0,1.0,s2324
Héctor Fort,Barcelona,Not Available,2.0,0.0,320.0,0.0,0.0,s2324
Iago Aspas,Celta de Vigo,Not Available,10.0,9.0,2715.0,1.0,6.0,s2324
Ianis Hagi,Alavés,Not Available,2.0,0.0,798.0,0.0,3.0,s2324
Ibrahima Koné,Almería,Not Available,0.0,0.0,275.0,0.0,0.0,s2324
Ibrahima Kébé,Girona,Not Available,0.0,0.0,7.0,0.0,1.0,s2324
Iddrisu Baba,Almería,Not Available,0.0,0.0,1424.0,0.0,5.0,s2324
Ignasi Miquel,Granada CF,Not Available,1.0,1.0,2991.0,0.0,5.0,s2324
Igor Zubeldia,Real Sociedad,Not Available,2.0,0.0,2523.0,1.0,11.0,s2324
Iker Muniain,Athletic Club,Not Available,0.0,2.0,585.0,0.0,1.0,s2324
Iker Muñoz,Osasuna,Not Available,0.0,4.0,1856.0,0.0,5.0,s2324
Ilaix Moriba,Getafe,Not Available,2.0,0.0,606.0,1.0,3.0,s2324
Ilias Akhomach,Villarreal,Not Available,2.0,2.0,1511.0,0.0,4.0,s2324
Ilkay Gündogan,Barcelona,Not Available,9.0,5.0,2997.0,0.0,5.0,s2324
Imanol Garcia de Albeniz,Athletic Club,Not Available,0.0,0.0,523.0,0.0,2.0,s2324
Iñaki Peña,Barcelona,Not Available,0.0,0.0,900.0,0.0,0.0,s2324
Iñaki Williams,Athletic Club,Not Available,3.0,12.0,2855.0,0.0,4.0,s2324
Íñigo Lekue,Athletic Club,Not Available,2.0,0.0,2001.0,0.0,4.0,s2324
Íñigo Martínez,Barcelona,Not Available,0.0,0.0,1293.0,0.0,5.0,s2324
Íñigo Ruíz de Galarreta,Athletic Club,Not Available,1.0,1.0,2104.0,0.0,7.0,s2324
Isaac Carcelén,Cádiz,Not Available,0.0,0.0,2609.0,0.0,2.0,s2324
Isaac Romero,Sevilla,Not Available,4.0,4.0,1050.0,0.0,2.0,s2324
Isco,Real Betis,Not Available,5.0,8.0,2338.0,0.0,10.0,s2324
Isi Palazón,Rayo Vallecano,Not Available,1.0,4.0,2810.0,0.0,8.0,s2324
Ivan Rakitic,Sevilla,Not Available,1.0,2.0,1425.0,0.0,6.0,s2324
Iván Alejo,Cádiz,Not Available,2.0,0.0,1702.0,0.0,17.0,s2324
Iván Balliu,Rayo Vallecano,Not Available,1.0,0.0,2876.0,0.0,4.0,s2324
Iván Martín,Girona,Not Available,4.0,5.0,2744.0,0.0,5.0,s2324
Iván Villar,Celta de Vigo,Not Available,0.0,0.0,1015.0,2.0,0.0,s2324
Jailson Siqueira,Celta de Vigo,Not Available,1.0,0.0,893.0,0.0,1.0,s2324
Jaime Mata,Getafe,Not Available,1.0,5.0,1790.0,1.0,8.0,s2324
Jan Oblak,Atlético de Madrid,Not Available,0.0,0.0,3420.0,0.0,1.0,s2324
Jaume Costa,Mallorca,Not Available,1.0,0.0,1681.0,0.0,7.0,s2324
Javi Galán,Real Sociedad,Not Available,1.0,0.0,1159.0,0.0,4.0,s2324
Javi Llabrés,Mallorca,Not Available,0.0,1.0,235.0,0.0,1.0,s2324
Javi López,Alavés,Not Available,3.0,1.0,2387.0,0.0,3.0,s2324
Javier Guerra,Valencia CF,Not Available,1.0,4.0,2502.0,1.0,3.0,s2324
Javier Hernández,Cádiz,Not Available,2.0,1.0,2517.0,0.0,10.0,s2324
Javier Manquillo,Celta de Vigo,Not Available,1.0,0.0,746.0,0.0,3.0,s2324
Javier Muñoz,Las Palmas,Not Available,3.0,2.0,2646.0,0.0,6.0,s2324
Jeremías Ledesma,Cádiz,Not Available,0.0,0.0,3049.0,0.0,0.0,s2324
Jesús Areso,Osasuna,Not Available,6.0,1.0,2661.0,0.0,3.0,s2324
Jesús Navas,Sevilla,Not Available,2.0,0.0,2010.0,1.0,6.0,s2324
Jesús Owono,Alavés,Not Available,0.0,0.0,360.0,0.0,1.0,s2324
Jesús Santiago,Getafe,Not Available,0.0,1.0,657.0,0.0,4.0,s2324
Jesús Vallejo,Granada CF,Not Available,0.0,0.0,106.0,0.0,1.0,s2324
Jesús Vázquez,Valencia CF,Not Available,0.0,1.0,705.0,0.0,1.0,s2324
Jhon Solis,Girona,Not Available,0.0,0.0,369.0,0.0,0.0,s2324
Joan Jordán,Sevilla,Not Available,0.0,0.0,378.0,0.0,1.0,s2324
Joao Cancelo,Barcelona,Not Available,4.0,2.0,2506.0,0.0,7.0,s2324
Joao Félix,Barcelona,Not Available,3.0,7.0,1542.0,0.0,3.0,s2324
Joaquin Panichelli,Alavés,Not Available,0.0,0.0,222.0,0.0,0.0,s2324
Johan Mojica,Osasuna,Not Available,3.0,0.0,2041.0,0.0,1.0,s2324
Johnny Cardoso,Real Betis,Not Available,2.0,1.0,1331.0,0.0,3.0,s2324
Jon Aramburu,Real Sociedad,Not Available,0.0,0.0,541.0,0.0,3.0,s2324
Jon Guridi,Alavés,Not Available,4.0,3.0,2697.0,0.0,2.0,s2324
Jon Magunazelaia,Real Sociedad,Not Available,0.0,0.0,118.0,0.0,0.0,s2324
Jon Moncayola,Osasuna,Not Available,3.0,1.0,1801.0,1.0,2.0,s2324
Jon Olasagasti,Real Sociedad,Not Available,0.0,0.0,351.0,0.0,3.0,s2324
Jon Pacheco,Real Sociedad,Not Available,1.0,1.0,1521.0,0.0,8.0,s2324
Jonathan Bamba,Celta de Vigo,Not Available,2.0,3.0,1993.0,0.0,0.0,s2324
Jonathan Viera,Almería,Not Available,4.0,0.0,1541.0,1.0,2.0,s2324
Jonathan Viera,Las Palmas,Not Available,0.0,2.0,1541.0,0.0,0.0,s2324
Jordi Martin,Getafe,Not Available,0.0,0.0,574.0,0.0,1.0,s2324
Jorge Cuenca,Villarreal,Not Available,1.0,3.0,1961.0,0.0,7.0,s2324
Jorge Herrando,Osasuna,Not Available,0.0,0.0,1644.0,0.0,4.0,s2324
Jorge Meré,Cádiz,Not Available,0.0,0.0,677.0,0.0,0.0,s2324
Jorge de Frutos,Rayo Vallecano,Not Available,0.0,2.0,1542.0,0.0,1.0,s2324
Joseba Zaldúa,Cádiz,Not Available,0.0,0.0,709.0,0.0,3.0,s2324
Joselu,Real Madrid,Not Available,2.0,10.0,1676.0,0.0,1.0,s2324
Joseph Aidoo,Celta de Vigo,Not Available,0.0,0.0,407.0,0.0,0.0,s2324
José Arnáiz,Osasuna,Not Available,1.0,2.0,922.0,0.0,3.0,s2324
José Campaña,Las Palmas,Not Available,0.0,0.0,166.0,0.0,0.0,s2324
José Copete,Mallorca,Not Available,1.0,1.0,1335.0,0.0,7.0,s2324
José Gayà,Valencia CF,Not Available,2.0,1.0,1797.0,0.0,2.0,s2324
José Giménez,Atlético de Madrid,Not Available,0.0,0.0,1323.0,0.0,5.0,s2324
José Luis Morales,Villarreal,Not Available,0.0,7.0,1037.0,0.0,0.0,s2324
José Mari,Cádiz,Not Available,0.0,0.0,12.0,0.0,1.0,s2324
José Maria Callejon,Granada CF,Not Available,1.0,0.0,794.0,0.0,2.0,s2324
José Ángel Carmona,Getafe,Not Available,1.0,1.0,1312.0,0.0,9.0,s2324
Juan Brandariz,Almería,Not Available,1.0,0.0,2432.0,0.0,4.0,s2324
Juan Carlos,Girona,Not Available,0.0,0.0,0.0,0.0,1.0,s2324
Juan Cruz,Osasuna,Not Available,1.0,0.0,1663.0,0.0,3.0,s2324
Juan Cruz,Real Betis,Not Available,0.0,0.0,71.0,0.0,0.0,s2324
Juan Foyth,Villarreal,Not Available,1.0,1.0,1063.0,0.0,1.0,s2324
Juan Iglesias,Getafe,Not Available,2.0,0.0,1413.0,0.0,4.0,s2324
Juan Miranda,Real Betis,Not Available,1.0,1.0,1860.0,0.0,8.0,s2324
Juanlu Sánchez,Sevilla,Not Available,2.0,0.0,1174.0,0.0,2.0,s2324
Juanma Herzog,Las Palmas,Not Available,0.0,2.0,291.0,0.0,1.0,s2324
Juanmi,Cádiz,Not Available,1.0,3.0,872.0,0.0,3.0,s2324
Juanmi Latasa,Getafe,Not Available,0.0,2.0,1553.0,1.0,5.0,s2324
Juanpe,Girona,Not Available,0.0,0.0,739.0,0.0,4.0,s2324
Jude Bellingham,Real Madrid,Not Available,6.0,19.0,2323.0,1.0,5.0,s2324
Julen Agirrezabala,Athletic Club,Not Available,0.0,0.0,236.0,0.0,0.0,s2324
Jules Koundé,Barcelona,Not Available,2.0,1.0,2899.0,0.0,4.0,s2324
Julian Araujo,Las Palmas,Not Available,0.0,1.0,1462.0,0.0,5.0,s2324
Jørgen Strand Larsen,Celta de Vigo,Not Available,3.0,13.0,2887.0,0.0,5.0,s2324
Kaiky,Almería,Not Available,0.0,1.0,520.0,0.0,2.0,s2324
Kamil Jozwiak,Granada CF,Not Available,1.0,0.0,573.0,0.0,2.0,s2324
Kamil Piatkowski,Granada CF,Not Available,0.0,0.0,506.0,1.0,1.0,s2324
Kepa Arrizabalaga,Real Madrid,Not Available,0.0,0.0,1197.0,0.0,1.0,s2324
Kevin Vázquez,Celta de Vigo,Not Available,0.0,0.0,706.0,0.0,3.0,s2324
Kieran Tierney,Real Sociedad,Not Available,2.0,0.0,1243.0,0.0,1.0,s2324
Kike García,Alavés,Not Available,2.0,3.0,1421.0,0.0,3.0,s2324
Kike Pérez,Rayo Vallecano,Not Available,0.0,1.0,828.0,0.0,7.0,s2324
Kike Salas,Sevilla,Not Available,0.0,3.0,1604.0,0.0,10.0,s2324
Kiko Femenía,Villarreal,Not Available,0.0,0.0,1579.0,1.0,6.0,s2324
Kirian Rodríguez,Las Palmas,Not Available,2.0,6.0,3217.0,0.0,7.0,s2324
Koke,Atlético de Madrid,Not Available,4.0,0.0,2502.0,0.0,5.0,s2324
Lamine Yamal,Barcelona,Not Available,5.0,5.0,2197.0,0.0,3.0,s2324
Largie Ramazani,Almería,Not Available,5.0,3.0,1560.0,2.0,7.0,s2324
Léo Baptistão,Almería,Not Available,0.0,6.0,1843.0,1.0,6.0,s2324
Loïc Badé,Sevilla,Not Available,1.0,0.0,2283.0,1.0,5.0,s2324
Luca de la Torre,Celta de Vigo,Not Available,4.0,1.0,1956.0,1.0,2.0,s2324
Lucas Boyé,Granada CF,Not Available,3.0,6.0,2555.0,1.0,8.0,s2324
Lucas Ocampos,Sevilla,Not Available,3.0,4.0,2885.0,0.0,9.0,s2324
Lucas Pires,Cádiz,Not Available,0.0,1.0,1527.0,0.0,6.0,s2324
Lucas Robertone,Almería,Not Available,5.0,0.0,2391.0,0.0,11.0,s2324
Lucas Torró,Osasuna,Not Available,0.0,1.0,1788.0,0.0,5.0,s2324
Lucas Vázquez,Real Madrid,Not Available,6.0,3.0,1410.0,0.0,0.0,s2324
Lucien Agoume,Sevilla,Not Available,0.0,0.0,777.0,0.0,3.0,s2324
Luis Hernández,Cádiz,Not Available,0.0,1.0,722.0,0.0,4.0,s2324
Luis Maximiano,Almería,Not Available,0.0,0.0,2970.0,0.0,1.0,s2324
Luis Milla,Getafe,Not Available,1.0,0.0,2123.0,0.0,6.0,s2324
Luis Rioja,Alavés,Not Available,4.0,5.0,2511.0,0.0,4.0,s2324
Luis Suárez,Almería,Not Available,0.0,6.0,917.0,0.0,3.0,s2324
Luiz Felipe,Real Betis,Not Available,0.0,0.0,360.0,0.0,1.0,s2324
Luiz Henrique,Real Betis,Not Available,3.0,0.0,611.0,0.0,1.0,s2324
Luka Modrić,Real Madrid,Not Available,6.0,2.0,1685.0,0.0,2.0,s2324
Luka Romero,Almería,Not Available,0.0,3.0,434.0,0.0,2.0,s2324
Lázaro,Almería,Not Available,0.0,0.0,274.0,0.0,0.0,s2324
Malcom Ares,Athletic Club,Not Available,0.0,0.0,258.0,0.0,2.0,s2324
Mamadou Mbaye,Cádiz,Not Available,0.0,0.0,286.0,0.0,2.0,s2324
Manu Bueno,Sevilla,Not Available,0.0,0.0,99.0,0.0,1.0,s2324
Manu Morlanes,Mallorca,Not Available,2.0,0.0,1610.0,0.0,2.0,s2324
Manuel Sánchez,Celta de Vigo,Not Available,5.0,0.0,1777.0,0.0,3.0,s2324
Manuel Trigueros,Villarreal,Not Available,0.0,0.0,299.0,0.0,0.0,s2324
Marc Bartra,Real Betis,Not Available,0.0,0.0,225.0,0.0,1.0,s2324
Marc Cardona,Las Palmas,Not Available,1.0,4.0,724.0,0.0,4.0,s2324
Marc Guiu,Barcelona,Not Available,0.0,1.0,73.0,0.0,1.0,s2324
Marc Pubill,Almería,Not Available,3.0,1.0,1889.0,0.0,2.0,s2324
Marc Roca,Real Betis,Not Available,2.0,2.0,1986.0,0.0,5.0,s2324
Marc-André ter Stegen,Barcelona,Not Available,0.0,0.0,2520.0,0.0,3.0,s2324
Marcão,Sevilla,Not Available,0.0,0.0,354.0,0.0,2.0,s2324
Marciano Sanca,Almería,Not Available,0.0,0.0,37.0,0.0,0.0,s2324
Marcos Acuña,Sevilla,Not Available,2.0,1.0,1296.0,0.0,7.0,s2324
Marcos Alonso,Barcelona,Not Available,0.0,0.0,250.0,0.0,0.0,s2324
Marcos Llorente,Atlético de Madrid,Not Available,4.0,6.0,2570.0,0.0,5.0,s2324
Marcos Pena,Almería,Not Available,0.0,0.0,439.0,0.0,3.0,s2324
Mariano Díaz,Sevilla,Not Available,0.0,0.0,239.0,0.0,1.0,s2324
Mario Dominguez,Valencia CF,Not Available,0.0,0.0,23.0,0.0,0.0,s2324
Mario Hermoso,Atlético de Madrid,Not Available,1.0,0.0,2556.0,0.0,9.0,s2324
Marko Dmitrović,Sevilla,Not Available,0.0,0.0,1170.0,0.0,1.0,s2324
Marko Milovanovic,Almería,Not Available,0.0,1.0,301.0,0.0,0.0,s2324
Martin Hongla,Granada CF,Not Available,0.0,0.0,558.0,0.0,0.0,s2324
Martin Valjent,Mallorca,Not Available,1.0,0.0,2354.0,0.0,5.0,s2324
Martín Zubimendi,Real Sociedad,Not Available,1.0,4.0,2655.0,0.0,5.0,s2324
Marvin Park,Las Palmas,Not Available,2.0,0.0,1852.0,0.0,5.0,s2324
Mason Greenwood,Getafe,Not Available,6.0,8.0,2667.0,0.0,6.0,s2324
Matías Arezo,Granada CF,Not Available,0.0,0.0,359.0,0.0,1.0,s2324
Matija Nastasić,Mallorca,Not Available,0.0,2.0,2257.0,0.0,8.0,s2324
Matteo Gabbia,Villarreal,Not Available,0.0,0.0,478.0,0.0,2.0,s2324
Mauro Arambarri,Getafe,Not Available,0.0,0.0,337.0,0.0,2.0,s2324
Maximiliano Gómez,Cádiz,Not Available,0.0,0.0,1157.0,0.0,2.0,s2324
Maximo Perrone,Las Palmas,Not Available,0.0,0.0,1626.0,0.0,6.0,s2324
Memphis Depay,Atlético de Madrid,Not Available,1.0,5.0,888.0,0.0,2.0,s2324
Miguel Crespo,Rayo Vallecano,Not Available,0.0,0.0,521.0,0.0,4.0,s2324
Miguel Gutiérrez,Girona,Not Available,7.0,2.0,3037.0,0.0,4.0,s2324
Miguel Rodriguez,Celta de Vigo,Not Available,0.0,0.0,291.0,0.0,2.0,s2324
Miguel Rubio,Granada CF,Not Available,0.0,1.0,1559.0,0.0,5.0,s2324
Miguel De la Fuente,Alavés,Not Available,0.0,0.0,64.0,0.0,0.0,s2324
Mihailo Ristić,Celta de Vigo,Not Available,0.0,0.0,807.0,0.0,2.0,s2324
Mika Màrmol,Las Palmas,Not Available,1.0,0.0,3181.0,1.0,4.0,s2324
Mikel Jauregizar,Athletic Club,Not Available,0.0,0.0,145.0,0.0,0.0,s2324
Mikel Merino,Real Sociedad,Not Available,3.0,5.0,2485.0,0.0,10.0,s2324
Mikel Oyarzabal,Real Sociedad,Not Available,3.0,9.0,2157.0,0.0,3.0,s2324
Mikel Vesga,Athletic Club,Not Available,1.0,3.0,1535.0,0.0,2.0,s2324
Milutin Osmajic,Cádiz,Not Available,0.0,0.0,4.0,0.0,0.0,s2324
Mohamed-Ali Cho,Real Sociedad,Not Available,0.0,0.0,239.0,0.0,0.0,s2324
Moi Gómez,Osasuna,Not Available,0.0,3.0,2010.0,0.0,3.0,s2324
Mouctar Diakhaby,Valencia CF,Not Available,0.0,1.0,1071.0,0.0,6.0,s2324
Munir El Haddadi,Las Palmas,Not Available,2.0,3.0,2470.0,0.0,3.0,s2324
Myrto Uzuni,Granada CF,Not Available,1.0,11.0,2459.0,0.0,3.0,s2324
Nabil Fekir,Real Betis,Not Available,2.0,1.0,1049.0,0.0,1.0,s2324
Nacho Fernandez,Real Madrid,Not Available,1.0,0.0,1739.0,2.0,4.0,s2324
Nacho Vidal,Mallorca,Not Available,0.0,0.0,506.0,0.0,2.0,s2324
Nacho Vidal,Osasuna,Not Available,0.0,1.0,506.0,0.0,0.0,s2324
Nahuel Molina,Atlético de Madrid,Not Available,3.0,2.0,1855.0,1.0,4.0,s2324
Nahuel Tenaglia,Alavés,Not Available,0.0,1.0,1131.0,0.0,5.0,s2324
Nemanja Gudelj,Sevilla,Not Available,1.0,1.0,1744.0,0.0,7.0,s2324
Nemanja Maksimovic,Getafe,Not Available,0.0,4.0,3272.0,0.0,4.0,s2324
Nemanja Radonjic,Mallorca,Not Available,0.0,0.0,350.0,0.0,0.0,s2324
Nico Paz,Real Madrid,Not Available,0.0,0.0,19.0,0.0,0.0,s2324
Nico Williams,Athletic Club,Not Available,11.0,5.0,2280.0,1.0,4.0,s2324
Njegos Petrovic,Granada CF,Not Available,0.0,0.0,148.0,0.0,0.0,s2324
Oihan Sancet,Athletic Club,Not Available,5.0,4.0,1991.0,2.0,3.0,s2324
Óliver Torres,Sevilla,Not Available,1.0,0.0,1620.0,0.0,3.0,s2324
Omar Alderete,Getafe,Not Available,1.0,0.0,2194.0,1.0,8.0,s2324
Omar Mascarell,Mallorca,Not Available,0.0,0.0,1573.0,0.0,7.0,s2324
Omenuke Mfulu,Las Palmas,Not Available,0.0,0.0,77.0,0.0,1.0,s2324
Oriol Romeu,Barcelona,Not Available,1.0,0.0,930.0,0.0,4.0,s2324
Óscar Melendo,Granada CF,Not Available,0.0,0.0,1126.0,0.0,2.0,s2324
Óscar Mingueza,Celta de Vigo,Not Available,2.0,2.0,3002.0,0.0,4.0,s2324
Óscar Rodríguez,Getafe,Not Available,1.0,2.0,962.0,0.0,9.0,s2324
Óscar Trejo,Rayo Vallecano,Not Available,0.0,0.0,1381.0,1.0,4.0,s2324
Óscar Valentín,Rayo Vallecano,Not Available,0.0,1.0,2700.0,1.0,5.0,s2324
Óscar De Marcos,Athletic Club,Not Available,5.0,1.0,2261.0,0.0,5.0,s2324
Pablo Barrios,Atlético de Madrid,Not Available,1.0,0.0,1556.0,0.0,5.0,s2324
Pablo Busto,Real Betis,Not Available,0.0,0.0,42.0,0.0,0.0,s2324
Pablo Fornals,Real Betis,Not Available,2.0,3.0,1153.0,0.0,2.0,s2324
Pablo Gozálbez,Valencia CF,Not Available,0.0,0.0,99.0,0.0,0.0,s2324
Pablo Ibáñez,Osasuna,Not Available,2.0,1.0,1141.0,0.0,5.0,s2324
Pablo Maffeo,Mallorca,Not Available,2.0,1.0,1456.0,1.0,3.0,s2324
Pablo Torre,Girona,Not Available,2.0,0.0,690.0,0.0,1.0,s2324
Pathé Ciss,Rayo Vallecano,Not Available,0.0,1.0,1658.0,0.0,10.0,s2324
Pau Cubarsí,Barcelona,Not Available,0.0,0.0,1562.0,0.0,4.0,s2324
Paulo Gazzaniga,Girona,Not Available,0.0,0.0,3420.0,0.0,2.0,s2324
Pedri,Barcelona,Not Available,2.0,4.0,1482.0,0.0,3.0,s2324
Pejiño,Las Palmas,Not Available,0.0,2.0,498.0,0.0,1.0,s2324
Pep Chavarría,Rayo Vallecano,Not Available,1.0,1.0,1164.0,1.0,3.0,s2324
Pepe Reina,Villarreal,Not Available,0.0,0.0,180.0,1.0,2.0,s2324
Pepelu,Valencia CF,Not Available,1.0,7.0,3305.0,0.0,4.0,s2324
Peter González,Valencia CF,Not Available,0.0,0.0,646.0,0.0,1.0,s2324
Predrag Rajkovic,Mallorca,Not Available,0.0,0.0,3240.0,0.0,2.0,s2324
Radamel Falcao,Rayo Vallecano,Not Available,0.0,1.0,391.0,0.0,4.0,s2324
Rafa Marin,Alavés,Not Available,0.0,0.0,2442.0,0.0,6.0,s2324
Rafa Mir,Sevilla,Not Available,0.0,2.0,382.0,0.0,1.0,s2324
Ramón Terrats,Villarreal,Not Available,2.0,0.0,780.0,0.0,4.0,s2324
Randy Nteka,Rayo Vallecano,Not Available,1.0,1.0,563.0,0.0,2.0,s2324
Raphinha,Barcelona,Not Available,9.0,6.0,1370.0,1.0,4.0,s2324
Raúl Albiol,Villarreal,Not Available,1.0,0.0,2035.0,0.0,6.0,s2324
Raúl García,Athletic Club,Not Available,0.0,1.0,404.0,0.0,4.0,s2324
Raúl García,Osasuna,Not Available,1.0,6.0,1347.0,0.0,4.0,s2324
Raúl Torrente,Granada CF,Not Available,0.0,0.0,1252.0,0.0,4.0,s2324
Raúl de Tomás,Rayo Vallecano,Not Available,2.0,1.0,1277.0,0.0,5.0,s2324
Reinildo Isnard Mandava,Atlético de Madrid,Not Available,1.0,2.0,723.0,0.0,2.0,s2324
Renato Tapia,Celta de Vigo,Not Available,0.0,0.0,1337.0,1.0,3.0,s2324
Ricard Sánchez,Granada CF,Not Available,0.0,3.0,2298.0,0.0,8.0,s2324
Robert Lewandowski,Barcelona,Not Available,8.0,19.0,2758.0,0.0,5.0,s2324
Robert Navarro,Cádiz,Not Available,1.0,1.0,1905.0,1.0,0.0,s2324
Robin Le Normand,Real Sociedad,Not Available,0.0,2.0,2473.0,0.0,13.0,s2324
Rodri,Real Betis,Not Available,0.0,0.0,1039.0,0.0,0.0,s2324
Rodrigo de Paul,Atlético de Madrid,Not Available,5.0,3.0,2084.0,0.0,7.0,s2324
Rodrigo Riquelme,Atlético de Madrid,Not Available,5.0,3.0,1522.0,0.0,1.0,s2324
Rodrygo Silva de Goes,Real Madrid,Not Available,5.0,10.0,2388.0,0.0,2.0,s2324
Roger,Cádiz,Not Available,3.0,2.0,1367.0,0.0,3.0,s2324
Roman Yaremchuk,Valencia CF,Not Available,0.0,3.0,926.0,0.0,2.0,s2324
Rominigue Kouamé,Cádiz,Not Available,0.0,0.0,820.0,0.0,2.0,s2324
Ronald Araújo,Barcelona,Not Available,2.0,1.0,1994.0,0.0,6.0,s2324
Rubén Sobrino,Cádiz,Not Available,1.0,0.0,1648.0,1.0,8.0,s2324
Rubén Alcaraz,Cádiz,Not Available,1.0,3.0,3138.0,0.0,13.0,s2324
Rubén Duarte,Alavés,Not Available,1.0,2.0,1875.0,0.0,7.0,s2324
Rubén García,Osasuna,Not Available,2.0,3.0,1549.0,0.0,1.0,s2324
Rubén Peña,Osasuna,Not Available,2.0,0.0,2105.0,0.0,3.0,s2324
Rui Silva,Real Betis,Not Available,0.0,0.0,2475.0,0.0,4.0,s2324
Samú Costa,Mallorca,Not Available,1.0,1.0,2305.0,0.0,8.0,s2324
Samuel Dias Lino,Atlético de Madrid,Not Available,5.0,4.0,2087.0,0.0,0.0,s2324
Samuel Omorodion,Alavés,Not Available,1.0,9.0,2003.0,0.0,6.0,s2324
Sandro Ramírez,Las Palmas,Not Available,3.0,1.0,1819.0,0.0,3.0,s2324
Santi Comesaña,Villarreal,Not Available,0.0,2.0,1656.0,2.0,6.0,s2324
Saul Coco,Las Palmas,Not Available,0.0,1.0,2293.0,1.0,6.0,s2324
Saúl Ñíguez,Atlético de Madrid,Not Available,5.0,1.0,1363.0,1.0,8.0,s2324
Savio,Girona,Not Available,10.0,9.0,2989.0,0.0,5.0,s2324
Selim Amallah,Valencia CF,Not Available,1.0,0.0,597.0,1.0,3.0,s2324
Sergi Altimira,Real Betis,Not Available,0.0,1.0,566.0,0.0,1.0,s2324
Sergi Canós,Valencia CF,Not Available,2.0,1.0,1234.0,0.0,2.0,s2324
Sergi Cardona,Las Palmas,Not Available,2.0,1.0,2816.0,0.0,10.0,s2324
Sergi Darder,Mallorca,Not Available,5.0,2.0,2154.0,0.0,4.0,s2324
Sergi Guardiola,Cádiz,Not Available,1.0,1.0,475.0,0.0,1.0,s2324
Sergi Roberto,Barcelona,Not Available,2.0,3.0,863.0,0.0,4.0,s2324
Sergio Akieme,Almería,Not Available,0.0,2.0,1676.0,0.0,2.0,s2324
Sergio Arribas,Almería,Not Available,4.0,9.0,2055.0,0.0,1.0,s2324
Sergio Camello,Rayo Vallecano,Not Available,1.0,3.0,1668.0,0.0,3.0,s2324
Sergio Herrera,Osasuna,Not Available,0.0,0.0,2870.0,0.0,2.0,s2324
Sergio Ramos,Sevilla,Not Available,0.0,3.0,2518.0,1.0,7.0,s2324
Sergio Rodelas,Granada CF,Not Available,1.0,0.0,122.0,0.0,0.0,s2324
Sergio Ruiz,Granada CF,Not Available,4.0,0.0,2501.0,0.0,9.0,s2324
Sheraldo Becker,Real Sociedad,Not Available,2.0,2.0,772.0,0.0,1.0,s2324
Shon Weissman,Granada CF,Not Available,0.0,0.0,78.0,0.0,0.0,s2324
Siebe van der Heyden,Mallorca,Not Available,0.0,0.0,284.0,1.0,2.0,s2324
Sokratis Papastathopoulos,Real Betis,Not Available,0.0,0.0,1135.0,0.0,6.0,s2324
Sory Kaba,Las Palmas,Not Available,1.0,1.0,720.0,0.0,2.0,s2324
Srdjan Babic,Almería,Not Available,0.0,0.0,90.0,0.0,0.0,s2324
Stefan Mitrovic,Getafe,Not Available,0.0,1.0,700.0,0.0,3.0,s2324
Stefan Savic,Atlético de Madrid,Not Available,0.0,0.0,1631.0,1.0,5.0,s2324
Stole Dimitrievski,Rayo Vallecano,Not Available,0.0,0.0,3330.0,0.0,2.0,s2324
Suso,Sevilla,Not Available,4.0,1.0,1514.0,1.0,5.0,s2324
Tadeo Allende,Celta de Vigo,Not Available,0.0,1.0,330.0,0.0,1.0,s2324
Takefusa Kubo,Real Sociedad,Not Available,4.0,7.0,2155.0,0.0,2.0,s2324
Tanguy Nianzou,Sevilla,Not Available,0.0,0.0,315.0,0.0,3.0,s2324
Theodor Corbeanu,Granada CF,Not Available,0.0,1.0,196.0,0.0,2.0,s2324
Thibaut Courtois,Real Madrid,Not Available,0.0,0.0,333.0,0.0,0.0,s2324
Thierry Correia,Valencia CF,Not Available,2.0,0.0,2157.0,1.0,4.0,s2324
Thomas Lemar,Atlético de Madrid,Not Available,0.0,0.0,166.0,0.0,0.0,s2324
Toni Kroos,Real Madrid,Not Available,8.0,1.0,2130.0,0.0,3.0,s2324
Toni Lato,Mallorca,Not Available,1.0,0.0,1546.0,0.0,3.0,s2324
Toni Villa,Girona,Not Available,0.0,0.0,11.0,0.0,0.0,s2324
Umar Sadiq,Real Sociedad,Not Available,1.0,3.0,1074.0,0.0,4.0,s2324
Unai García,Osasuna,Not Available,0.0,1.0,559.0,1.0,4.0,s2324
Unai Gómez,Athletic Club,Not Available,0.0,2.0,867.0,0.0,1.0,s2324
Unai López,Rayo Vallecano,Not Available,2.0,1.0,2123.0,0.0,9.0,s2324
Unai Núñez,Celta de Vigo,Not Available,0.0,1.0,2802.0,0.0,4.0,s2324
Unai Simón,Athletic Club,Not Available,0.0,0.0,3184.0,0.0,2.0,s2324
Urko González,Real Sociedad,Not Available,0.0,0.0,154.0,0.0,1.0,s2324
Valery Fernández,Girona,Not Available,0.0,2.0,486.0,0.0,1.0,s2324
Vedat Muriqi,Mallorca,Not Available,2.0,7.0,2329.0,0.0,5.0,s2324
Vicente Guaita,Celta de Vigo,Not Available,0.0,0.0,2402.0,0.0,2.0,s2324
Victor Chust,Cádiz,Not Available,1.0,0.0,1870.0,2.0,3.0,s2324
Víctor Díaz,Granada CF,Not Available,0.0,0.0,161.0,0.0,1.0,s2324
Viktor Tsigankov,Girona,Not Available,7.0,8.0,2067.0,0.0,0.0,s2324
Vinícius Júnior,Real Madrid,Not Available,5.0,15.0,1872.0,0.0,7.0,s2324
Vitor Roque,Barcelona,Not Available,0.0,2.0,319.0,1.0,2.0,s2324
William Carvalho,Real Betis,Not Available,3.0,1.0,669.0,0.0,2.0,s2324
Willian José,Real Betis,Not Available,5.0,10.0,1978.0,1.0,0.0,s2324
Williot Swedberg,Celta de Vigo,Not Available,0.0,5.0,434.0,0.0,1.0,s2324
Wilson Manafa,Granada CF,Not Available,0.0,0.0,241.0,0.0,1.0,s2324
Xeber Alkain,Alavés,Not Available,0.0,0.0,300.0,0.0,1.0,s2324
Yan Couto,Girona,Not Available,8.0,1.0,2245.0,0.0,8.0,s2324
Yangel Herrera,Girona,Not Available,0.0,5.0,2120.0,0.0,9.0,s2324
Yannick Carrasco,Atlético de Madrid,Not Available,1.0,0.0,223.0,0.0,0.0,s2324
Yarek Gasiorowski,Valencia CF,Not Available,0.0,0.0,732.0,0.0,1.0,s2324
Yeray Álvarez,Athletic Club,Not Available,0.0,0.0,1155.0,1.0,1.0,s2324
Yerson Mosquera,Villarreal,Not Available,1.0,2.0,1228.0,0.0,4.0,s2324
Youssef En-Nesyri,Sevilla,Not Available,2.0,16.0,2573.0,0.0,4.0,s2324
Youssouf Sabaly,Real Betis,Not Available,1.0,0.0,1048.0,0.0,2.0,s2324
Yuri Berchiche,Athletic Club,Not Available,1.0,3.0,1931.0,0.0,5.0,s2324
Yéremi Pino,Villarreal,Not Available,0.0,0.0,479.0,0.0,4.0,s2324
Álex Baena,Villarreal,Not Available,14.0,2.0,2599.0,1.0,11.0,s2324
Álex Balde,Barcelona,Not Available,1.0,0.0,1378.0,0.0,1.0,s2324
Álex Centelles,Almería,Not Available,1.0,0.0,979.0,0.0,2.0,s2324
Álex Fernández,Cádiz,Not Available,1.0,0.0,1283.0,0.0,3.0,s2324
Álex Morata,Cádiz,Not Available,0.0,0.0,0.0,0.0,0.0,s2324
Álvaro Fernández,Granada CF,Not Available,0.0,0.0,474.0,0.0,1.0,s2324
Álvaro García,Rayo Vallecano,Not Available,1.0,6.0,2493.0,1.0,6.0,s2324
Álvaro Lemos,Las Palmas,Not Available,0.0,0.0,251.0,0.0,1.0,s2324
Álvaro Morata,Atlético de Madrid,Not Available,3.0,15.0,1909.0,1.0,2.0,s2324
Álvaro Negredo,Cádiz,Not Available,0.0,0.0,48.0,0.0,0.0,s2324
Álvaro Vallés,Las Palmas,Not Available,0.0,0.0,3264.0,1.0,2.0,s2324
Ángel Correa,Atlético de Madrid,Not Available,2.0,9.0,1525.0,0.0,3.0,s2324
Éder Militão,Real Madrid,Not Available,0.0,0.0,497.0,0.0,0.0,s2324
Étienne Capoue,Villarreal,Not Available,1.0,1.0,1444.0,0.0,8.0,s2324
Ørjan Håskjold Nyland,Sevilla,Not Available,0.0,0.0,2160.0,0.0,1.0,s2324
Gorka Guruzeta,Athletic Club,FW,1.0,0.0,90.0,0.0,0.0,s2425
Álex Berenguer,Athletic Club,LW,0.0,0.0,71.0,0.0,0.0,s2425
Nico Williams,Athletic Club,LW,0.0,0.0,19.0,0.0,0.0,s2425
Iñaki Williams,Athletic Club,RW,0.0,0.0,90.0,0.0,0.0,s2425
Oihan Sancet,Athletic Club,AM,0.0,1.0,90.0,0.0,0.0,s2425
Mikel Vesga,Athletic Club,DM,0.0,0.0,56.0,0.0,0.0,s2425
Unai Gómez,Athletic Club,DM,0.0,0.0,34.0,0.0,1.0,s2425
Beñat Prados,Athletic Club,DM,0.0,0.0,56.0,0.0,1.0,s2425
Ander Herrera,Athletic Club,DM,0.0,0.0,34.0,0.0,1.0,s2425
Yuri Berchiche,Athletic Club,LB,0.0,0.0,90.0,0.0,0.0,s2425
Aitor Paredes,Athletic Club,CB,0.0,0.0,80.0,0.0,0.0,s2425
Daniel Vivian,Athletic Club,CB,0.0,0.0,10.0,0.0,0.0,s2425
Yeray Álvarez,Athletic Club,CB,0.0,0.0,90.0,0.0,0.0,s2425
Andoni Gorosabel,Athletic Club,RB,0.0,0.0,80.0,0.0,1.0,s2425
Íñigo Lekue,Athletic Club,RB,0.0,0.0,10.0,0.0,0.0,s2425
Alex Padilla,Athletic Club,GK,0.0,0.0,90.0,0.0,0.0,s2425
Chrisantus Uche,Getafe,FW,0.0,1.0,90.0,0.0,1.0,s2425
Álex Sola,Getafe,LM,0.0,0.0,78.0,0.0,0.0,s2425
Jesús Santiago,Getafe,CM,0.0,0.0,12.0,0.0,0.0,s2425
Mauro Arambarri,Getafe,CM,0.0,0.0,39.0,0.0,0.0,s2425
Carles Aleñá,Getafe,"CM,RM",0.0,0.0,51.0,0.0,0.0,s2425
Luis Milla,Getafe,CM,1.0,0.0,90.0,0.0,0.0,s2425
Carles Pérez,Getafe,RM,0.0,0.0,45.0,0.0,0.0,s2425
Peter Federico,Getafe,"RM,LM",0.0,0.0,45.0,0.0,0.0,s2425
Nabil Aberdin,Getafe,DM,0.0,0.0,90.0,0.0,0.0,s2425
Diego Rico,Getafe,LB,0.0,0.0,90.0,0.0,0.0,s2425
Omar Alderete,Getafe,CB,0.0,0.0,90.0,0.0,0.0,s2425
Djené Dakonam,Getafe,CB,0.0,0.0,90.0,0.0,0.0,s2425
Juan Antonio Iglesias,Getafe,RB,0.0,0.0,90.0,0.0,0.0,s2425
David Soria,Getafe,GK,0.0,0.0,90.0,0.0,0.0,s2425
Aitor Ruibal,Real Betis,FW,0.0,0.0,69.0,0.0,1.0,s2425
Ezequiel Ávila,Real Betis,FW,0.0,0.0,21.0,0.0,0.0,s2425
Juanmi,Real Betis,LW,0.0,0.0,58.0,0.0,0.0,s2425
Abde Ezzalzouli,Real Betis,LW,0.0,0.0,32.0,0.0,0.0,s2425
Pablo Fornals,Real Betis,RW,0.0,0.0,58.0,0.0,0.0,s2425
Rodri,Real Betis,RW,0.0,0.0,32.0,0.0,0.0,s2425
Nabil Fekir,Real Betis,AM,1.0,0.0,90.0,0.0,0.0,s2425
Marc Roca,Real Betis,DM,0.0,0.0,76.0,0.0,0.0,s2425
Sergi Altimira,Real Betis,DM,0.0,0.0,14.0,0.0,0.0,s2425
William Carvalho,Real Betis,DM,0.0,0.0,76.0,0.0,0.0,s2425
Johnny Cardoso,Real Betis,DM,0.0,0.0,14.0,0.0,0.0,s2425
Romain Perraud,Real Betis,LB,0.0,0.0,90.0,0.0,1.0,s2425
Diego Llorente,Real Betis,CB,0.0,0.0,90.0,0.0,0.0,s2425
Marc Bartra,Real Betis,CB,0.0,1.0,90.0,0.0,0.0,s2425
Youssouf Sabaly,Real Betis,RB,0.0,0.0,90.0,0.0,0.0,s2425
Rui Silva,Real Betis,GK,0.0,0.0,90.0,0.0,0.0,s2425
Abel Ruiz,Girona,FW,0.0,0.0,80.0,0.0,0.0,s2425
Ladislav Krejčí,Girona,CB,0.0,0.0,10.0,0.0,0.0,s2425
Cristian Portu,Girona,LW,0.0,0.0,65.0,0.0,0.0,s2425
Iker Almena,Girona,"WB,LW",1.0,0.0,25.0,0.0,0.0,s2425
Bryan Gil,Girona,RW,0.0,0.0,80.0,0.0,0.0,s2425
Cristhian Stuani,Girona,FW,0.0,0.0,10.0,0.0,0.0,s2425
Iván Martín,Girona,"LM,CM",0.0,0.0,90.0,0.0,0.0,s2425
Oriol Romeu,Girona,CM,0.0,0.0,65.0,0.0,0.0,s2425
Jhon Solis,Girona,CM,0.0,0.0,25.0,0.0,0.0,s2425
Yangel Herrera,Girona,RM,0.0,0.0,70.0,0.0,0.0,s2425
Gabriel Osei Misehouy,Girona,"FW,RM",0.0,1.0,20.0,0.0,0.0,s2425
Miguel Gutiérrez,Girona,"LB,WB",0.0,0.0,90.0,0.0,0.0,s2425
Daley Blind,Girona,CB,0.0,0.0,90.0,0.0,0.0,s2425
David López,Girona,CB,0.0,0.0,90.0,0.0,0.0,s2425
Arnau Martinez,Girona,"RB,CM",0.0,0.0,90.0,0.0,0.0,s2425
Paulo Gazzaniga,Girona,GK,0.0,0.0,90.0,0.0,0.0,s2425
Anastasios Douvikas,Celta Vigo,FW,0.0,0.0,77.0,0.0,0.0,s2425
Borja Iglesias,Celta Vigo,FW,0.0,0.0,13.0,0.0,0.0,s2425
Jonathan Bamba,Celta Vigo,AM,0.0,0.0,45.0,0.0,0.0,s2425
Jailson Siqueira,Celta Vigo,AM,0.0,0.0,45.0,0.0,0.0,s2425
Iago Aspas,Celta Vigo,AM,0.0,1.0,90.0,0.0,1.0,s2425
Fran Beltrán,Celta Vigo,CM,0.0,0.0,64.0,0.0,0.0,s2425
Ilaix Moriba,Celta Vigo,CM,0.0,0.0,26.0,0.0,0.0,s2425
Damián Rodríguez,Celta Vigo,CM,0.0,0.0,90.0,0.0,1.0,s2425
Óscar Mingueza,Celta Vigo,WB,0.0,0.0,90.0,0.0,0.0,s2425
Hugo Álvarez,Celta Vigo,WB,1.0,0.0,90.0,0.0,0.0,s2425
Carlos Domínguez,Celta Vigo,CB,0.0,0.0,90.0,0.0,0.0,s2425
Carl Starfelt,Celta Vigo,CB,0.0,0.0,45.0,0.0,0.0,s2425
Williot Swedberg,Celta Vigo,CB,1.0,1.0,45.0,0.0,0.0,s2425
Javier Manquillo,Celta Vigo,CB,0.0,0.0,45.0,0.0,0.0,s2425
Javi Rodríguez,Celta Vigo,WB,0.0,0.0,45.0,0.0,0.0,s2425
Iván Villar,Celta Vigo,GK,0.0,0.0,90.0,0.0,0.0,s2425
Kike García,Alavés,FW,0.0,1.0,79.0,0.0,0.0,s2425
Asier Villalibre,Alavés,FW,0.0,0.0,11.0,0.0,0.0,s2425
Tomás Conechny,Alavés,LW,0.0,0.0,67.0,0.0,1.0,s2425
Luis Rioja,Alavés,LW,0.0,0.0,23.0,0.0,0.0,s2425
Luka Romero,Alavés,RW,0.0,0.0,57.0,0.0,0.0,s2425
Hugo Novoa,Alavés,RW,0.0,0.0,33.0,0.0,0.0,s2425
Jon Guridi,Alavés,AM,0.0,0.0,67.0,0.0,0.0,s2425
Stoichkov,Alavés,AM,0.0,0.0,23.0,0.0,0.0,s2425
Antonio Blanco,Alavés,DM,1.0,0.0,90.0,0.0,0.0,s2425
Ander Guevara,Alavés,DM,0.0,0.0,79.0,0.0,0.0,s2425
Carlos Benavídez,Alavés,DM,0.0,0.0,11.0,0.0,0.0,s2425
Moussa Diarra,Alavés,LB,0.0,0.0,90.0,0.0,0.0,s2425
Nahuel Tenaglia,Alavés,CB,0.0,0.0,90.0,0.0,0.0,s2425
Abdel Abqar,Alavés,CB,0.0,0.0,90.0,0.0,1.0,s2425
Carlos Vicente,Alavés,RB,0.0,0.0,90.0,0.0,0.0,s2425
Antonio Sivera,Alavés,GK,0.0,0.0,90.0,0.0,0.0,s2425
Oliver McBurnie,Las Palmas,FW,0.0,0.0,86.0,0.0,0.0,s2425
Marc Cardona,Las Palmas,FW,0.0,0.0,4.0,0.0,0.0,s2425
Alberto Moleiro,Las Palmas,LW,0.0,0.0,86.0,0.0,0.0,s2425
Aboubacar Bassinga,Las Palmas,AM,0.0,0.0,4.0,0.0,0.0,s2425
Jaime Mata,Las Palmas,RW,0.0,0.0,67.0,0.0,0.0,s2425
Sandro Ramírez,Las Palmas,RW,0.0,1.0,23.0,0.0,0.0,s2425
Javier Muñoz,Las Palmas,"AM,DM",1.0,0.0,90.0,0.0,0.0,s2425
Kirian Rodríguez,Las Palmas,DM,0.0,0.0,90.0,0.0,0.0,s2425
Enzo Loiodice,Las Palmas,DM,0.0,0.0,68.0,0.0,0.0,s2425
Manuel Fuster,Las Palmas,"DM,LW",0.0,0.0,22.0,0.0,0.0,s2425
Álex Muñoz,Las Palmas,LB,0.0,0.0,68.0,0.0,0.0,s2425
Scott McKenna,Las Palmas,"LB,CB",0.0,0.0,22.0,0.0,0.0,s2425
Mika Màrmol,Las Palmas,"CB,LB",0.0,0.0,90.0,0.0,1.0,s2425
Álex Suárez,Las Palmas,CB,0.0,0.0,90.0,0.0,0.0,s2425
Marvin Park,Las Palmas,RB,0.0,0.0,75.0,0.0,0.0,s2425
Viti,Las Palmas,RB,0.0,0.0,15.0,0.0,1.0,s2425
Jasper Cillessen,Las Palmas,GK,0.0,0.0,90.0,0.0,0.0,s2425
Isaac Romero,Sevilla,FW,1.0,0.0,82.0,0.0,0.0,s2425
Peque,Sevilla,FW,0.0,0.0,8.0,0.0,0.0,s2425
Dodi Lukebakio,Sevilla,"LW,RW",0.0,0.0,73.0,0.0,0.0,s2425
Jesús Navas,Sevilla,RW,0.0,0.0,17.0,0.0,0.0,s2425
Lucas Ocampos,Sevilla,"LW,RW",0.0,0.0,90.0,0.0,0.0,s2425
Juanlu Sánchez,Sevilla,AM,0.0,1.0,82.0,0.0,1.0,s2425
Kike Salas,Sevilla,CB,0.0,0.0,8.0,0.0,0.0,s2425
Djibril Sow,Sevilla,"DM,AM",0.0,0.0,90.0,0.0,0.0,s2425
Lucien Agoume,Sevilla,DM,0.0,0.0,90.0,0.0,0.0,s2425
Adrià Pedrosa,Sevilla,LB,0.0,0.0,90.0,0.0,1.0,s2425
Nemanja Gudelj,Sevilla,"CB,DM",0.0,0.0,90.0,0.0,0.0,s2425
Tanguy Nianzou,Sevilla,CB,0.0,0.0,90.0,0.0,0.0,s2425
José Ángel Carmona,Sevilla,RB,0.0,0.0,90.0,0.0,0.0,s2425
Ørjan Nyland,Sevilla,GK,0.0,0.0,90.0,0.0,0.0,s2425
Ante Budimir,Osasuna,FW,0.0,0.0,90.0,0.0,0.0,s2425
Aimar Oroz,Osasuna,LW,0.0,0.0,89.0,0.0,0.0,s2425
Raúl García,Osasuna,LW,0.0,0.0,1.0,0.0,0.0,s2425
Rubén García,Osasuna,RW,0.0,0.0,77.0,0.0,0.0,s2425
Rubén Peña,Osasuna,RW,0.0,0.0,13.0,0.0,0.0,s2425
Moi Gómez,Osasuna,LM,0.0,0.0,59.0,0.0,0.0,s2425
Bryan Zaragoza,Osasuna,LM,0.0,0.0,31.0,0.0,0.0,s2425
Lucas Torró,Osasuna,CM,0.0,0.0,90.0,0.0,0.0,s2425
Iker Muñoz,Osasuna,RM,0.0,0.0,45.0,0.0,0.0,s2425
Jon Moncayola,Osasuna,RM,0.0,0.0,45.0,0.0,1.0,s2425
Abel,Osasuna,LB,0.0,0.0,59.0,0.0,0.0,s2425
Juan Cruz Armada,Osasuna,LB,0.0,0.0,31.0,0.0,1.0,s2425
Jorge Herrando,Osasuna,CB,0.0,0.0,90.0,0.0,1.0,s2425
Alejandro Catena,Osasuna,CB,0.0,0.0,90.0,0.0,0.0,s2425
Jesús Areso,Osasuna,RB,0.0,0.0,90.0,0.0,0.0,s2425
Sergio Herrera,Osasuna,GK,0.0,0.0,90.0,0.0,0.0,s2425
Miguel,Leganés,FW,0.0,0.0,87.0,0.0,0.0,s2425
Diego,Leganés,FW,0.0,0.0,3.0,0.0,0.0,s2425
Enric Franquesa,Leganés,LW,0.0,0.0,90.0,0.0,0.0,s2425
Juan Cruz,Leganés,RW,0.0,1.0,62.0,0.0,0.0,s2425
Dani Raba,Leganés,RW,0.0,0.0,28.0,0.0,0.0,s2425
Seydouba Cissé,Leganés,AM,0.0,0.0,73.0,0.0,0.0,s2425
Julián Chicco,Leganés,AM,0.0,0.0,17.0,0.0,0.0,s2425
Yvan Neyou,Leganés,DM,0.0,0.0,90.0,0.0,0.0,s2425
Darko Brašanac,Leganés,DM,0.0,0.0,87.0,0.0,0.0,s2425
Renato Tapia,Leganés,DM,0.0,0.0,3.0,0.0,0.0,s2425
Javi Hernández,Leganés,LB,1.0,0.0,90.0,0.0,0.0,s2425
Sergi,Leganés,CB,0.0,0.0,90.0,0.0,0.0,s2425
Aritz Arambarri,Leganés,CB,0.0,0.0,87.0,0.0,0.0,s2425
Roberto López,Leganés,CB,0.0,0.0,3.0,0.0,0.0,s2425
Valentin Rosier,Leganés,RB,0.0,0.0,90.0,0.0,1.0,s2425
Juan Soriano,Leganés,GK,0.0,0.0,90.0,0.0,1.0,s2425
Hugo Duro,Valencia,FW,0.0,1.0,90.0,0.0,0.0,s2425
Domingos André Ribeiro Almeida,Valencia,FW,0.0,0.0,65.0,0.0,0.0,s2425
Dani Gómez,Valencia,FW,0.0,0.0,25.0,0.0,0.0,s2425
Diego López,Valencia,LM,1.0,0.0,65.0,0.0,0.0,s2425
Dimitri Foulquier,Valencia,LM,0.0,0.0,25.0,0.0,0.0,s2425
Javier Guerra,Valencia,CM,0.0,0.0,85.0,0.0,0.0,s2425
Hugo Guillamón,Valencia,CM,0.0,0.0,5.0,0.0,0.0,s2425
José Luis García Vayá,Valencia,CM,0.0,0.0,90.0,0.0,1.0,s2425
Rafa Mir,Valencia,RM,0.0,0.0,76.0,0.0,0.0,s2425
David Otorbi,Valencia,LM,0.0,0.0,14.0,0.0,0.0,s2425
Jesús Vázquez,Valencia,LB,0.0,0.0,76.0,0.0,1.0,s2425
Martín Tejón,Valencia,LB,0.0,0.0,14.0,0.0,0.0,s2425
Yarek Gasiorowski,Valencia,CB,0.0,0.0,90.0,0.0,0.0,s2425
Cristhian Mosquera,Valencia,CB,0.0,0.0,90.0,0.0,0.0,s2425
Thierry Correia,Valencia,RB,0.0,0.0,90.0,0.0,0.0,s2425
Giorgi Mamardashvili,Valencia,GK,0.0,0.0,90.0,0.0,0.0,s2425
Robert Lewandowski,Barcelona,FW,0.0,2.0,90.0,0.0,0.0,s2425
Ferrán Torres,Barcelona,LW,0.0,0.0,63.0,0.0,0.0,s2425
Pedri,Barcelona,"LM,AM",0.0,0.0,27.0,0.0,0.0,s2425
Lamine Yamal,Barcelona,RW,1.0,0.0,85.0,0.0,0.0,s2425
Pau Victor Delgado,Barcelona,LW,0.0,0.0,5.0,0.0,0.0,s2425
Raphinha,Barcelona,"AM,LW,RW",0.0,0.0,90.0,0.0,0.0,s2425
Marc Casado,Barcelona,"DM,RM",0.0,0.0,90.0,0.0,0.0,s2425
Marc Bernal,Barcelona,DM,0.0,0.0,70.0,0.0,0.0,s2425
Eric García,Barcelona,CM,0.0,0.0,20.0,0.0,0.0,s2425
Alejandro Balde,Barcelona,LB,0.0,0.0,63.0,0.0,0.0,s2425
Gerard Martín,Barcelona,LB,0.0,0.0,27.0,0.0,0.0,s2425
Íñigo Martínez,Barcelona,CB,0.0,0.0,90.0,0.0,0.0,s2425
Pau Cubarsí,Barcelona,CB,0.0,0.0,63.0,0.0,1.0,s2425
Andreas Christensen,Barcelona,CB,0.0,0.0,27.0,0.0,1.0,s2425
Jules Koundé,Barcelona,RB,0.0,0.0,90.0,0.0,1.0,s2425
Marc-André ter Stegen,Barcelona,GK,0.0,0.0,90.0,0.0,0.0,s2425
Mikel Oyarzabal,Real Sociedad,FW,0.0,0.0,82.0,0.0,0.0,s2425
Luka Sučić,Real Sociedad,FW,0.0,0.0,8.0,0.0,0.0,s2425
Sheraldo Becker,Real Sociedad,LW,0.0,0.0,90.0,0.0,0.0,s2425
Takefusa Kubo,Real Sociedad,RW,0.0,0.0,67.0,0.0,0.0,s2425
Sergio Gómez,Real Sociedad,RW,0.0,0.0,23.0,0.0,0.0,s2425
Beñat Turrientes,Real Sociedad,LM,0.0,0.0,67.0,0.0,0.0,s2425
Ander Barrenetxea,Real Sociedad,LM,0.0,0.0,23.0,0.0,0.0,s2425
Urko González,Real Sociedad,CM,0.0,0.0,45.0,0.0,1.0,s2425
Martín Zubimendi,Real Sociedad,CM,0.0,1.0,45.0,0.0,0.0,s2425
Brais Méndez,Real Sociedad,RM,0.0,0.0,90.0,0.0,0.0,s2425
Javi López,Real Sociedad,LB,0.0,0.0,90.0,0.0,0.0,s2425
Jon Pacheco,Real Sociedad,CB,0.0,0.0,90.0,0.0,0.0,s2425
Aritz Elustondo,Real Sociedad,CB,0.0,0.0,90.0,0.0,0.0,s2425
Hamari Traoré,Real Sociedad,RB,0.0,0.0,74.0,0.0,0.0,s2425
Jon Aramburu,Real Sociedad,RB,0.0,0.0,16.0,0.0,1.0,s2425
Álex Remiro,Real Sociedad,GK,0.0,0.0,90.0,0.0,0.0,s2425
Isaac Palazón Camacho,Rayo Vallecano,"FW,RW",0.0,0.0,90.0,0.0,0.0,s2425
Randy Nteka,Rayo Vallecano,FW,0.0,0.0,62.0,0.0,1.0,s2425
Sergio Camello,Rayo Vallecano,FW,0.0,1.0,28.0,0.0,0.0,s2425
Adri Embarba,Rayo Vallecano,LM,0.0,0.0,74.0,0.0,1.0,s2425
Pep Chavarría,Rayo Vallecano,LW,0.0,0.0,16.0,0.0,0.0,s2425
Óscar Valentín,Rayo Vallecano,CM,0.0,0.0,90.0,0.0,0.0,s2425
Unai López,Rayo Vallecano,CM,0.0,0.0,45.0,0.0,1.0,s2425
Gerard Gumbau,Rayo Vallecano,CM,0.0,0.0,45.0,0.0,0.0,s2425
Jorge de Frutos,Rayo Vallecano,RM,0.0,1.0,74.0,0.0,0.0,s2425
Pathé Ciss,Rayo Vallecano,CM,1.0,0.0,16.0,0.0,0.0,s2425
Alfonso Espino,Rayo Vallecano,LB,0.0,0.0,90.0,0.0,0.0,s2425
Abdul Mumin,Rayo Vallecano,CB,1.0,0.0,90.0,0.0,0.0,s2425
Florian Lejeune,Rayo Vallecano,CB,0.0,0.0,90.0,0.0,1.0,s2425
Andrei Ratiu,Rayo Vallecano,RB,0.0,0.0,79.0,0.0,0.0,s2425
Iván Balliu,Rayo Vallecano,RB,0.0,0.0,11.0,0.0,0.0,s2425
Cárdenas,Rayo Vallecano,GK,0.0,0.0,90.0,0.0,0.0,s2425
Vedat Muriqi,Mallorca,FW,0.0,1.0,90.0,0.0,0.0,s2425
Dani Rodríguez,Mallorca,LW,1.0,0.0,66.0,0.0,0.0,s2425
Antonio Sánchez,Mallorca,RW,0.0,0.0,24.0,0.0,0.0,s2425
Takuma Asano,Mallorca,"RW,LW",0.0,0.0,71.0,0.0,0.0,s2425
Cyle Larin,Mallorca,LW,0.0,0.0,19.0,0.0,0.0,s2425
Samú Costa,Mallorca,LM,0.0,0.0,90.0,0.0,0.0,s2425
Omar Mascarell,Mallorca,CM,0.0,0.0,89.0,0.0,0.0,s2425
José Copete,Mallorca,CM,0.0,0.0,1.0,0.0,0.0,s2425
Sergi Darder,Mallorca,RM,0.0,0.0,71.0,0.0,0.0,s2425
Manu Morlanes,Mallorca,RM,0.0,0.0,19.0,0.0,0.0,s2425
Johan Mojica,Mallorca,LB,0.0,0.0,90.0,0.0,0.0,s2425
Antonio Raíllo,Mallorca,CB,0.0,0.0,90.0,0.0,0.0,s2425
Martin Valjent,Mallorca,CB,0.0,0.0,90.0,0.0,0.0,s2425
Pablo Maffeo,Mallorca,RB,0.0,0.0,90.0,0.0,1.0,s2425
Dominik Greif,Mallorca,GK,0.0,0.0,90.0,0.0,0.0,s2425
Kylian Mbappé,Real Madrid,FW,0.0,0.0,90.0,0.0,0.0,s2425
Vinícius Júnior,Real Madrid,LW,1.0,0.0,87.0,0.0,0.0,s2425
Brahim Díaz,Real Madrid,LW,0.0,0.0,3.0,0.0,0.0,s2425
Rodrygo Silva de Goes,Real Madrid,RW,0.0,1.0,90.0,0.0,0.0,s2425
Jude Bellingham,Real Madrid,LM,0.0,0.0,87.0,0.0,0.0,s2425
Arda Güler,Real Madrid,RM,0.0,0.0,3.0,0.0,0.0,s2425
Aurélien Tchouaméni,Real Madrid,CM,0.0,0.0,62.0,0.0,0.0,s2425
Luka Modrić,Real Madrid,CM,0.0,0.0,28.0,0.0,0.0,s2425
Federico Valverde,Real Madrid,"RM,LM",0.0,0.0,90.0,0.0,0.0,s2425
Ferland Mendy,Real Madrid,LB,0.0,0.0,89.0,1.0,0.0,s2425
Antonio Rüdiger,Real Madrid,CB,0.0,0.0,90.0,0.0,0.0,s2425
Éder Militão,Real Madrid,CB,0.0,0.0,90.0,0.0,0.0,s2425
Dani Carvajal,Real Madrid,RB,0.0,0.0,86.0,0.0,0.0,s2425
Lucas Vázquez,Real Madrid,RB,0.0,0.0,4.0,0.0,0.0,s2425
Thibaut Courtois,Real Madrid,GK,0.0,0.0,90.0,0.0,0.0,s2425
Mamadou Sylla,Valladolid,FW,0.0,0.0,90.0,0.0,0.0,s2425
Raúl Moro,Valladolid,LW,0.0,1.0,90.0,0.0,0.0,s2425
Amath,Valladolid,RW,1.0,0.0,69.0,0.0,0.0,s2425
Iván Sánchez,Valladolid,RW,0.0,0.0,21.0,0.0,1.0,s2425
Selim Amallah,Valladolid,CM,0.0,0.0,68.0,0.0,0.0,s2425
Víctor Meseguer,Valladolid,CM,0.0,0.0,22.0,0.0,0.0,s2425
Eray Cömert,Valladolid,"CM,CB",0.0,0.0,81.0,0.0,0.0,s2425
David Torres,Valladolid,CB,0.0,0.0,9.0,0.0,0.0,s2425
Kike Pérez,Valladolid,CM,0.0,0.0,81.0,0.0,0.0,s2425
Chuky san jose,Valladolid,CM,0.0,0.0,9.0,0.0,0.0,s2425
Lucas Oliveira Rosa,Valladolid,LB,0.0,0.0,90.0,0.0,1.0,s2425
Enzo Boyomo,Valladolid,CB,0.0,0.0,90.0,0.0,0.0,s2425
Javi Sánchez,Valladolid,CB,0.0,0.0,61.0,0.0,0.0,s2425
Stanko Jurić,Valladolid,CM,0.0,0.0,29.0,0.0,0.0,s2425
Luis Pérez,Valladolid,RB,0.0,0.0,90.0,0.0,0.0,s2425
Karl Jakob Hein,Valladolid,GK,0.0,0.0,90.0,0.0,0.0,s2425
Javi Puado,Espanyol,FW,0.0,0.0,90.0,0.0,0.0,s2425
Alejo Véliz,Espanyol,FW,0.0,0.0,69.0,0.0,0.0,s2425
Antoniu,Espanyol,LM,0.0,0.0,21.0,0.0,1.0,s2425
Pol Lozano,Espanyol,CM,0.0,0.0,56.0,0.0,0.0,s2425
Alex Král,Espanyol,CM,0.0,0.0,34.0,0.0,0.0,s2425
José Gragera,Espanyol,CM,0.0,0.0,77.0,0.0,0.0,s2425
Álvaro Aguado,Espanyol,CM,0.0,0.0,13.0,0.0,0.0,s2425
Pere Milla,Espanyol,"LM,CM",0.0,0.0,56.0,0.0,0.0,s2425
Irvin Cardona,Espanyol,"FW,LM",0.0,0.0,34.0,0.0,1.0,s2425
Carlos Romero,Espanyol,LB,0.0,0.0,90.0,0.0,0.0,s2425
Leandro Cabrera,Espanyol,CB,0.0,0.0,90.0,0.0,0.0,s2425
Sergi Gómez,Espanyol,CB,0.0,0.0,90.0,0.0,0.0,s2425
Omar El Hilali,Espanyol,"RB,CB",0.0,0.0,90.0,0.0,0.0,s2425
Álvaro Tejero,Espanyol,"RM,RB",0.0,0.0,69.0,0.0,0.0,s2425
Jofre Carreras,Espanyol,RM,0.0,0.0,21.0,0.0,0.0,s2425
Joan García,Espanyol,GK,0.0,0.0,90.0,0.0,0.0,s2425
Arnaut Danjuma,Villarreal,FW,0.0,1.0,78.0,0.0,0.0,s2425
Ayoze Pérez,Villarreal,FW,0.0,0.0,12.0,0.0,0.0,s2425
Gerard Moreno,Villarreal,FW,0.0,0.0,70.0,0.0,0.0,s2425
Nicolas Pépé,Villarreal,FW,0.0,0.0,20.0,0.0,0.0,s2425
Álex Baena,Villarreal,LM,0.0,0.0,70.0,0.0,0.0,s2425
Pape Gueye,Villarreal,CM,0.0,0.0,20.0,0.0,0.0,s2425
Santi Comesaña,Villarreal,"CM,LM",0.0,0.0,90.0,0.0,0.0,s2425
Daniel Parejo,Villarreal,CM,0.0,0.0,89.0,0.0,0.0,s2425
Ramón Terrats,Villarreal,CM,0.0,0.0,1.0,0.0,0.0,s2425
Yéremi Pino,Villarreal,RM,0.0,0.0,70.0,0.0,1.0,s2425
Ilias Akhomach,Villarreal,RM,0.0,0.0,20.0,0.0,0.0,s2425
Sergi Cardona,Villarreal,LB,0.0,0.0,90.0,0.0,0.0,s2425
Eric Bailly,Villarreal,CB,0.0,0.0,90.0,0.0,0.0,s2425
Raúl Albiol,Villarreal,CB,0.0,0.0,90.0,0.0,0.0,s2425
Kiko Femenía,Villarreal,RB,0.0,0.0,90.0,0.0,0.0,s2425
Diego Conde,Villarreal,GK,1.0,0.0,90.0,0.0,0.0,s2425
Alexander Sørloth,Atlético Madrid,FW,0.0,1.0,45.0,0.0,0.0,s2425
Ángel Correa,Atlético Madrid,FW,0.0,0.0,45.0,0.0,0.0,s2425
Samuel Lino,Atlético Madrid,"AM,WB,CM",0.0,0.0,90.0,0.0,1.0,s2425
Antoine Griezmann,Atlético Madrid,"AM,FW",1.0,0.0,77.0,0.0,0.0,s2425
Julián Álvarez,Atlético Madrid,FW,0.0,0.0,13.0,0.0,0.0,s2425
Koke,Atlético Madrid,CM,0.0,0.0,63.0,0.0,0.0,s2425
Rodrigo de Paul,Atlético Madrid,CM,0.0,0.0,27.0,0.0,0.0,s2425
Pablo Barrios,Atlético Madrid,CM,1.0,0.0,90.0,0.0,1.0,s2425
Reinildo Mandava,Atlético Madrid,WB,0.0,0.0,53.0,0.0,0.0,s2425
Nahuel Molina,Atlético Madrid,WB,0.0,0.0,37.0,0.0,0.0,s2425
Marcos Llorente,Atlético Madrid,"WB,CM",0.0,1.0,90.0,0.0,0.0,s2425
Robin Le Normand,Atlético Madrid,CB,0.0,0.0,90.0,0.0,1.0,s2425
Axel Witsel,Atlético Madrid,CB,0.0,0.0,45.0,0.0,0.0,s2425
José María Giménez,Atlético Madrid,CB,0.0,0.0,45.0,0.0,0.0,s2425
César Azpilicueta,Atlético Madrid,CB,0.0,0.0,90.0,0.0,0.0,s2425
Jan Oblak,Atlético Madrid,GK,0.0,0.0,90.0,0.0,0.0,s2425
Pablo Durán,Celta Vigo,RW,0.0,0.0,4.0,0.0,0.0,s2425
Sergio Carreira,Celta Vigo,RM,0.0,0.0,45.0,0.0,0.0,s2425
Alberto Marí,Valencia,FW,0.0,0.0,7.0,0.0,0.0,s2425
Kelechi Iheanacho,Sevilla,FW,0.0,0.0,14.0,0.0,0.0,s2425
Saúl Ñíguez,Sevilla,LM,0.0,0.0,90.0,0.0,0.0,s2425
Chidera Ejuke,Sevilla,RM,0.0,0.0,20.0,0.0,0.0,s2425
Marcão,Sevilla,CB,0.0,0.0,14.0,0.0,1.0,s2425
Loïc Badé,Sevilla,CB,0.0,0.0,90.0,0.0,0.0,s2425
Thierno Barry,Villarreal,FW,0.0,0.0,26.0,0.0,0.0,s2425
Willy Kambwala,Villarreal,CB,0.0,0.0,90.0,0.0,0.0,s2425
Pablo Ibáñez,Osasuna,CM,0.0,0.0,8.0,0.0,0.0,s2425
Nacho Vidal,Osasuna,RB,0.0,0.0,11.0,0.0,0.0,s2425
Abdón Prats,Mallorca,FW,0.0,0.0,6.0,0.0,0.0,s2425
Fermin López,Barcelona,AM,0.0,0.0,28.0,0.0,1.0,s2425
Adu Ares,Athletic Club,RW,0.0,0.0,19.0,0.0,0.0,s2425
Mikel Jauregizar,Athletic Club,DM,0.0,0.0,28.0,0.0,1.0,s2425
Brian Oliván,Espanyol,"LM,LB",0.0,0.0,23.0,0.0,0.0,s2425
Marash Kumbulla,Espanyol,CB,0.0,0.0,90.0,0.0,1.0,s2425
Umar Sadiq,Real Sociedad,FW,0.0,0.0,24.0,0.0,0.0,s2425
Pablo Marín,Real Sociedad,LM,0.0,0.0,5.0,0.0,0.0,s2425
Jon Ander Olasagasti,Real Sociedad,CM,0.0,0.0,25.0,0.0,0.0,s2425
Alberto Risco,Getafe,LW,0.0,0.0,16.0,0.0,0.0,s2425
Pedro Díaz,Rayo Vallecano,LW,0.0,0.0,6.0,0.0,0.0,s2425
Álvaro García,Rayo Vallecano,RW,0.0,0.0,27.0,0.0,0.0,s2425
Óscar Trejo,Rayo Vallecano,AM,0.0,0.0,63.0,0.0,0.0,s2425
Endrick,Real Madrid,FW,0.0,1.0,5.0,0.0,0.0,s2425
Dani Ceballos,Real Madrid,"AM,LW",0.0,0.0,6.0,0.0,0.0,s2425
Fran García,Real Madrid,LB,0.0,0.0,90.0,0.0,0.0,s2425
Marcos André,Valladolid,FW,0.0,0.0,70.0,0.0,1.0,s2425
Darwin Machís,Valladolid,LM,0.0,0.0,57.0,0.0,0.0,s2425
Mario Martín,Valladolid,DM,0.0,0.0,20.0,0.0,0.0,s2425
Óscar Rodríguez Arnaiz,Leganés,CM,1.0,0.0,86.0,0.0,0.0,s2425
Adrià Altimira,Leganés,"RM,CM",0.0,0.0,4.0,0.0,0.0,s2425
Benito Ramírez,Las Palmas,LB,0.0,0.0,13.0,0.0,0.0,s2425
Carlos Martín,Alavés,FW,0.0,0.0,30.0,0.0,0.0,s2425
Manu Sánchez,Alavés,LB,0.0,0.0,90.0,0.0,0.0,s2425
Aleksandar Sedlar,Alavés,CB,0.0,0.0,85.0,1.0,1.0,s2425
Ricardo Rodríguez,Real Betis,LB,0.0,0.0,45.0,0.0,0.0,s2425
Natan,Real Betis,CB,0.0,0.0,5.0,0.0,0.0,s2425
Rodrigo Riquelme,Atlético Madrid,LB,0.0,0.0,57.0,0.0,0.0,s2425
Conor Gallagher,Atlético Madrid,CM,0.0,0.0,33.0,0.0,0.0,s2425
Bojan Miovski,Girona,FW,0.0,0.0,32.0,0.0,0.0,s2425
Viktor Tsyhankov,Girona,RW,0.0,0.0,67.0,0.0,0.0,s2425
Logan Costa,Villarreal,CB,0.0,0.0,33.0,0.0,0.0,s2425
Alfon,Celta Vigo,RW,0.0,0.0,69.0,0.0,0.0,s2425
Marc Domenech,Mallorca,LW,0.0,0.0,9.0,0.0,0.0,s2425
Leo Román,Mallorca,GK,0.0,0.0,90.0,0.0,0.0,s2425
Albert Sambi Lokonga,Sevilla,CM,0.0,0.0,62.0,0.0,0.0,s2425
Dani Olmo,Barcelona,AM,0.0,1.0,45.0,0.0,0.0,s2425
Juanmi Latasa,Valladolid,FW,0.0,0.0,29.0,0.0,0.0,s2425
Munir El Haddadi,Leganés,LW,0.0,0.0,20.0,0.0,0.0,s2425
Jorge Sáenz,Leganés,CB,0.0,0.0,90.0,0.0,1.0,s2425
Álvaro djaló,Athletic Club,LW,0.0,0.0,57.0,0.0,0.0,s2425
Javi Martón,Athletic Club,FW,0.0,0.0,20.0,0.0,0.0,s2425
Adama Boiro,Athletic Club,LB,0.0,0.0,78.0,0.0,0.0,s2425
Óscar De Marcos,Athletic Club,RB,1.0,0.0,90.0,0.0,0.0,s2425
Julen Agirrezabala,Athletic Club,GK,0.0,0.0,90.0,0.0,0.0,s2425
César Tárrega,Valencia,CB,0.0,0.0,90.0,0.0,0.0,s2425
Jon Martin,Real Sociedad,CB,0.0,0.0,45.0,0.0,1.0,s2425
Igor Zubeldia,Real Sociedad,CB,0.0,0.0,80.0,0.0,1.0,s2425
Abderrahman Rebbach,Alavés,"LW,LM",0.0,0.0,69.0,0.0,1.0,s2425
Toni Martínez,Alavés,FW,0.0,1.0,21.0,0.0,0.0,s2425
Pica,Alavés,CB,0.0,0.0,90.0,0.0,0.0,s2425
Walid Cheddira,Espanyol,FW,0.0,0.0,27.0,0.0,0.0,s2425
Fernando Calero,Espanyol,CB,0.0,0.0,90.0,0.0,0.0,s2425
Yaser Asprilla,Girona,"RM,FW",0.0,0.0,17.0,0.0,0.0,s2425
Donny van de Beek,Girona,FW,1.0,0.0,10.0,0.0,0.0,s2425
Alejandro Francés,Girona,RB,0.0,0.0,90.0,0.0,0.0,s2425
Iker Benito,Osasuna,LW,0.0,0.0,23.0,0.0,0.0,s2425
Javi Martínez,Osasuna,DM,0.0,0.0,6.0,0.0,0.0,s2425
José Campaña,Las Palmas,DM,0.0,0.0,80.0,0.0,0.0,s2425
Pablo Torre,Barcelona,RM,0.0,0.0,8.0,0.0,0.0,s2425
Sergi Dominguez,Barcelona,CB,0.0,0.0,30.0,0.0,0.0,s2425
Cenk Özkacar,Valladolid,FW,0.0,0.0,3.0,0.0,0.0,s2425
Giuliano Simeone,Atlético Madrid,AM,0.0,0.0,7.0,0.0,0.0,s2425
Juan Musso,Atlético Madrid,GK,0.0,0.0,90.0,0.0,0.0,s2425
Roberto Navarro,Mallorca,"LM,LW,RW",0.0,0.0,29.0,0.0,1.0,s2425
Toni Lato,Mallorca,LB,0.0,0.0,71.0,0.0,0.0,s2425
Sergi Canós,Valencia,LM,0.0,0.0,9.0,0.0,0.0,s2425
Juan Bernat,Villarreal,LM,0.0,0.0,14.0,0.0,0.0,s2425
Hugo Sotelo,Celta Vigo,CM,0.0,0.0,15.0,0.0,0.0,s2425
Valentín Barco,Sevilla,"LB,WB",0.0,0.0,90.0,0.0,0.0,s2425
Stanis Idumbo,Sevilla,RW,0.0,0.0,9.0,0.0,0.0,s2425
Bertuğ Yıldırım,Getafe,FW,0.0,0.0,77.0,0.0,0.0,s2425
John Joe,Getafe,LW,0.0,0.0,6.0,0.0,0.0,s2425
Orri Steinn Óskarsson,Real Sociedad,FW,0.0,0.0,25.0,0.0,0.0,s2425
Aihen Muñoz,Real Sociedad,RB,0.0,0.0,25.0,0.0,1.0,s2425
Vitor Roque,Real Betis,FW,0.0,0.0,34.0,0.0,0.0,s2425
Assane Diao,Real Betis,RW,0.0,0.0,19.0,0.0,0.0,s2425
Iker Losada,Real Betis,AM,0.0,0.0,8.0,0.0,0.0,s2425
Giovani Lo Celso,Real Betis,AM,0.0,0.0,30.0,0.0,0.0,s2425
Héctor Bellerín,Real Betis,RB,1.0,0.0,29.0,0.0,0.0,s2425
Sébastien Haller,Leganés,FW,0.0,0.0,90.0,0.0,0.0,s2425
Matija Nastasić,Leganés,CB,0.0,0.0,45.0,0.0,0.0,s2425
Valery Fernández,Mallorca,"RM,RB",0.0,0.0,45.0,0.0,1.0,s2425
Santiago Mouriño,Alavés,"CB,DM",0.0,0.0,27.0,0.0,0.0,s2425
Joan Jordán,Alavés,"DM,RW",1.0,0.0,27.0,0.0,0.0,s2425
Gonzalo Montiel,Sevilla,"LM,FW",0.0,0.0,1.0,0.0,0.0,s2425
Gorka Rivera Alonso,Getafe,"LM,LB,CB",0.0,0.0,20.0,0.0,0.0,s2425
Juan Berrocal,Getafe,CB,0.0,0.0,89.0,0.0,0.0,s2425
Nayef Aguerd,Real Sociedad,CB,0.0,0.0,74.0,0.0,0.0,s2425
Marcos Alonso,Celta Vigo,CB,0.0,0.0,16.0,0.0,0.0,s2425
Joseph Aidoo,Celta Vigo,CB,0.0,0.0,2.0,0.0,0.0,s2425
Vicente Guaita,Celta Vigo,GK,0.0,0.0,90.0,0.0,0.0,s2425
Kenedy,Valladolid,CM,0.0,0.0,6.0,0.0,0.0,s2425
Héctor Fort,Barcelona,RB,0.0,0.0,30.0,0.0,0.0,s2425
Fabio González,Las Palmas,CM,0.0,0.0,45.0,0.0,0.0,s2425
Fábio Silva,Las Palmas,CM,0.0,0.0,28.0,0.0,0.0,s2425
Íñigo Ruíz de Galarreta,Athletic Club,DM,0.0,0.0,58.0,0.0,1.0,s2425
Germán Valera,Valencia,RM,0.0,0.0,12.0,0.0,0.0,s2425
Enzo Barrenechea,Valencia,CM,0.0,0.0,45.0,0.0,0.0,s2425
Sergi Guardiola,Rayo Vallecano,FW,0.0,0.0,4.0,0.0,0.0,s2425
James Rodríguez,Rayo Vallecano,LW,0.0,0.0,4.0,0.0,0.0,s2425
Augusto Batalla,Rayo Vallecano,GK,0.0,0.0,90.0,0.0,0.0,s2425
José Arnáiz,Osasuna,RW,0.0,0.0,15.0,0.0,0.0,s2425
Álvaro Odriozola,Real Sociedad,RB,0.0,0.0,31.0,0.0,0.0,s2425
Borja Mayoral,Getafe,FW,0.0,0.0,16.0,0.0,0.0,s2425
Unai Núñez,Athletic Club,CB,0.0,0.0,90.0,0.0,0.0,s2425
Abdulai Juma Bah,Valladolid,CB,0.0,0.0,77.0,0.0,0.0,s2425
Adnan Januzaj,Las Palmas,CM,0.0,0.0,17.0,0.0,1.0,s2425
Dario Essugo,Las Palmas,CM,0.0,0.0,73.0,0.0,0.0,s2425
Daley Sinkgraven,Las Palmas,LB,0.0,0.0,46.0,0.0,0.0,s2425
Juan Herzog,Las Palmas,CB,0.0,0.0,90.0,0.0,0.0,s2425
Juanpe,Girona,CB,0.0,0.0,90.0,0.0,1.0,s2425
Marko Dmitrović,Leganés,GK,0.0,0.0,90.0,0.0,0.0,s2425
Denis Suárez,Villarreal,LM,0.0,0.0,13.0,0.0,0.0,s2425
Iñaki Peña,Barcelona,GK,0.0,0.0,46.0,0.0,0.0,s2425
Cédric Bakambu,Real Betis,FW,0.0,0.0,22.0,0.0,0.0,s2425
Chiquinho,Mallorca,AM,0.0,0.0,15.0,0.0,0.0,s2425
Suso,Sevilla,FW,0.0,0.0,29.0,0.0,0.0,s2425
Francisco Perez,Valencia,RM,0.0,0.0,29.0,0.0,0.0,s2425
Jesús Vallejo,Real Madrid,CB,0.0,0.0,11.0,0.0,0.0,s2425
Abdoulaye Keita,Getafe,LM,0.0,0.0,28.0,0.0,0.0,s2425
Pejiño,Las Palmas,FW,0.0,0.0,16.0,0.0,0.0,s2425
Naci Ünüvar,Espanyol,"LM,LB",0.0,0.0,18.0,0.0,0.0,s2425
Pau Navarro,Villarreal,CB,0.0,0.0,17.0,0.0,0.0,s2425
Mario Maroto,Valladolid,CM,1.0,0.0,19.0,0.0,0.0,s2425
Raúl Chasco,Valladolid,LB,0.0,0.0,40.0,0.0,0.0,s2425
Álvaro Rodríguez,Getafe,FW,0.0,0.0,2.0,0.0,1.0,s2425
Jon Magunacelaya,Real Sociedad,RM,0.0,0.0,6.0,0.0,0.0,s2425
Peio Canales,Athletic Club,AM,0.0,0.0,20.0,0.0,0.0,s2425
Mateo Mejía,Sevilla,FW,0.0,0.0,11.0,0.0,0.0,s2425
Javi Galán,Atlético Madrid,LB,1.0,0.0,16.0,0.0,0.0,s2425
Pau Cabanes,Villarreal,RM,0.0,0.0,14.0,0.0,0.0,s2425
Dinko Horkaš,Las Palmas,GK,0.0,0.0,90.0,0.0,1.0,s2425
Franco Cervi,Celta Vigo,WB,0.0,0.0,12.0,0.0,0.0,s2425
Eduardo Camavinga,Real Madrid,CM,0.0,0.0,70.0,0.0,0.0,s2425
Andriy Lunin,Real Madrid,GK,0.0,0.0,90.0,0.0,0.0,s2425
Ansu Fati,Barcelona,"RW,LW",0.0,0.0,24.0,0.0,0.0,s2425
Frenkie de Jong,Barcelona,DM,0.0,0.0,10.0,0.0,0.0,s2425
Clément Lenglet,Atlético Madrid,CB,0.0,0.0,90.0,0.0,1.0,s2425
Anuar Tuhami,Valladolid,"LM,RM",0.0,1.0,88.0,0.0,0.0,s2425
Nicolás Serrano,Athletic Club,RW,0.0,0.0,18.0,0.0,0.0,s2425
Mateo Flores,Real Betis,DM,0.0,0.0,23.0,0.0,0.0,s2425
Kim Minsu,Girona,RM,0.0,0.0,19.0,0.0,0.0,s2425
Aridane Hernández,Rayo Vallecano,CB,0.0,0.0,18.0,0.0,0.0,s2425
Allan Nyom,Getafe,LM,0.0,0.0,1.0,0.0,0.0,s2425
Gavi,Barcelona,DM,0.0,0.0,8.0,0.0,0.0,s2425
Rodrigo Abajas,Valencia,LB,0.0,0.0,65.0,0.0,1.0,s2425
José Luis Gayà,Valencia,LB,1.0,0.0,25.0,0.0,0.0,s2425
Álvaro Fernández,Sevilla,GK,0.0,0.0,27.0,0.0,0.0,s2425
Silvi Clúa,Girona,CM,0.0,0.0,65.0,0.0,0.0,s2425
Papa Ba,Girona,RM,0.0,0.0,48.0,0.0,0.0,s2425
David Argüelles,Getafe,LM,0.0,0.0,7.0,0.0,0.0,s2425
Maximiliano Caufriez,Valencia,CB,0.0,0.0,90.0,0.0,0.0,s2425
Thomas Lemar,Atlético Madrid,CM,0.0,0.0,7.0,0.0,0.0,s2425
Daniel Luna,Mallorca,RM,0.0,0.0,12.0,0.0,0.0,s2425
Rafael Bauza,Espanyol,DM,0.0,0.0,61.0,0.0,1.0,s2425
Justin Smith,Espanyol,CM,0.0,0.0,29.0,0.0,0.0,s2425
Israel Domínguez,Sevilla,LW,0.0,0.0,18.0,0.0,0.0,s2425
Tadeo Allende,Celta Vigo,FW,0.0,0.0,2.0,0.0,0.0,s2425
Mihailo Ristić,Celta Vigo,LM,0.0,0.0,66.0,0.0,0.0,s2425
Raúl Asencio,Real Madrid,CB,1.0,0.0,61.0,0.0,0.0,s2425
Domingos Duarte,Getafe,CB,0.0,0.0,90.0,0.0,0.0,s2425
Ferrán Ruiz,Girona,DM,0.0,0.0,18.0,0.0,0.0,s2425
Carlos Guirao,Real Betis,DM,0.0,0.0,56.0,0.0,0.0,s2425
Mateu Morey,Mallorca,RB,0.0,0.0,85.0,0.0,0.0,s2425
Coba da Costa,Getafe,LW,0.0,0.0,45.0,0.0,0.0,s2425
Jesus Rodríguez,Real Betis,"RW,LW",0.0,0.0,82.0,0.0,0.0,s2425
