player_name,team,season,position,minutes_played,goals,assists,yellow_cards,red_cards
Aarón Escandell,Granada,s2122,Goalkeeper,283.0,0.0,0.0,1.0,1.0
Aarón Escandell,Las Palmas,s2324,Not Available,152.0,0.0,0.0,0.0,1.0
Abde Ezzalzouli,Real Betis,s2425,LW,32.0,0.0,0.0,0.0,0.0
Abdel Abqar,Alavés,s2425,CB,90.0,0.0,0.0,1.0,0.0
Abdelkabir Abqar,Alavés,s2122,Defender,0.0,0.0,0.0,0.0,0.0
Abdelkabir Abqar,Alavés,s2324,Not Available,2314.0,0.0,0.0,10.0,0.0
Abderrahman Rebbach,Alavés,s2324,Not Available,713.0,1.0,0.0,1.0,0.0
Abderrahman Rebbach,Alavés,s2425,"LW,LM",69.0,0.0,0.0,1.0,0.0
Abdessamad Ezzalzouli,Barcelona,s2122,Forward,581.0,1.0,0.0,4.0,0.0
Abdessamad Ezzalzouli,Osasuna,s2223,   AM(L),855.0,1.0,2.0,1.0,1.0
Abdessamad Ezzalzouli,Real Betis,s2324,Not Available,921.0,1.0,0.0,1.0,0.0
Abdoulaye Keita,Getafe,s2425,LM,28.0,0.0,0.0,0.0,0.0
Abdul Mumin,Rayo Vallecano,s2223,   D(C),282.0,0.0,0.0,1.0,0.0
Abdul Mumin,Rayo Vallecano,s2324,Not Available,1695.0,1.0,0.0,5.0,1.0
Abdul Mumin,Rayo Vallecano,s2425,CB,90.0,0.0,1.0,0.0,0.0
Abdulai Juma Bah,Valladolid,s2425,CB,77.0,0.0,0.0,0.0,0.0
Abdón Prats,Mallorca,s2122,Forward,633.0,3.0,0.0,4.0,0.0
Abdón Prats,Mallorca,s2223,   FW,251.0,1.0,1.0,0.0,0.0
Abdón Prats,Mallorca,s2324,Not Available,1258.0,6.0,1.0,3.0,0.0
Abdón Prats,Mallorca,s2425,FW,6.0,0.0,0.0,0.0,0.0
Abel,Osasuna,s2425,LB,59.0,0.0,0.0,0.0,0.0
Abel Ruiz,Girona,s2425,FW,80.0,0.0,0.0,0.0,0.0
Abner,Real Betis,s2223,   D(L) M(L),367.0,0.0,0.0,2.0,0.0
Abner,Real Betis,s2324,Not Available,1397.0,0.0,1.0,3.0,0.0
Aboubacar Bassinga,Las Palmas,s2425,AM,4.0,0.0,0.0,0.0,0.0
Adama Boiro,Athletic Club,s2425,LB,78.0,0.0,0.0,0.0,0.0
Adama Traoré,Barcelona,s2122,Forward,378.0,0.0,2.0,0.0,0.0
Adnan Januzaj,Las Palmas,s2425,CM,17.0,0.0,0.0,1.0,0.0
Adnan Januzaj,Real Sociedad,s2122,Midfielder,1625.0,3.0,0.0,5.0,0.0
Adnan Januzaj,Sevilla,s2223,   AM(CLR),47.0,0.0,0.0,0.0,0.0
Adnan Januzaj,Sevilla,s2324,Not Available,187.0,0.0,0.0,0.0,0.0
Adri Embarba,Rayo Vallecano,s2425,LM,74.0,0.0,0.0,1.0,0.0
Adrià Altimira,Leganés,s2425,"RM,CM",4.0,0.0,0.0,0.0,0.0
Adrià Altimira,Villarreal,s2324,Not Available,779.0,0.0,0.0,3.0,0.0
Adrià Pedrosa,Espanyol,s2122,Defender,2722.0,1.0,1.0,8.0,0.0
Adrià Pedrosa,Sevilla,s2324,Not Available,1749.0,1.0,4.0,1.0,0.0
Adrià Pedrosa,Sevilla,s2425,LB,90.0,0.0,0.0,1.0,0.0
Adrián Butzke,Unknown,s2122,Unknown,0.0,0.0,0.0,0.0,0.0
Adrián De la Fuente,Villarreal,s2122,Defender,0.0,0.0,0.0,0.0,0.0
Adrián Embarba,Almería,s2223,   AM(CLR) FW,894.0,1.0,3.0,3.0,1.0
Adrián Embarba,Almería,s2324,Not Available,2485.0,3.0,2.0,5.0,0.0
Adrián Embarba,Espanyol,s2122,Forward,1995.0,0.0,2.0,4.0,0.0
Adrián Quintela,Rayo Vallecano,s2122,Goalkeeper,0.0,0.0,0.0,0.0,0.0
Adrián Rodríguez,Alavés,s2122,Goalkeeper,0.0,0.0,0.0,0.0,0.0
Adu Ares,Athletic Club,s2425,RW,19.0,0.0,0.0,0.0,0.0
Agustín Marchesín,Celta de Vigo,s2223,   GK,1710.0,0.0,0.0,3.0,0.0
Aiham Ousou,Cádiz,s2324,Not Available,429.0,0.0,0.0,0.0,0.0
Aihen Muñoz,Real Sociedad,s2122,Defender,1344.0,0.0,0.0,2.0,1.0
Aihen Muñoz,Real Sociedad,s2223,   D(L),785.0,0.0,0.0,0.0,0.0
Aihen Muñoz,Real Sociedad,s2324,Not Available,1120.0,0.0,2.0,2.0,0.0
Aihen Muñoz,Real Sociedad,s2425,RB,25.0,0.0,0.0,1.0,0.0
Aimar Oroz,Osasuna,s2223,   AM(C),1165.0,3.0,1.0,5.0,0.0
Aimar Oroz,Osasuna,s2324,Not Available,2350.0,2.0,1.0,3.0,0.0
Aimar Oroz,Osasuna,s2425,LW,89.0,0.0,0.0,0.0,0.0
Aingeru Olabarrieta,Athletic Club,s2324,Not Available,8.0,0.0,0.0,0.0,0.0
Aitor Fernández,Levante,s2122,Goalkeeper,1167.0,0.0,0.0,1.0,1.0
Aitor Fernández,Osasuna,s2223,   GK,1170.0,0.0,0.0,1.0,0.0
Aitor Fernández,Osasuna,s2324,Not Available,550.0,0.0,0.0,2.0,0.0
Aitor Paredes,Athletic Club,s2122,Defender,0.0,0.0,0.0,0.0,0.0
Aitor Paredes,Athletic Club,s2223,   Defender,232.0,0.0,0.0,1.0,0.0
Aitor Paredes,Athletic Club,s2324,Not Available,2706.0,1.0,0.0,7.0,1.0
Aitor Paredes,Athletic Club,s2425,CB,80.0,0.0,0.0,0.0,0.0
Aitor Ruibal,Real Betis,s2122,Forward,858.0,0.0,0.0,6.0,0.0
Aitor Ruibal,Real Betis,s2223,   D(R) M(LR),1081.0,0.0,0.0,3.0,0.0
Aitor Ruibal,Real Betis,s2324,Not Available,1015.0,2.0,1.0,5.0,0.0
Aitor Ruibal,Real Betis,s2425,FW,69.0,0.0,0.0,1.0,0.0
Alan Godoy,Alavés,s2122,Forward,0.0,0.0,0.0,0.0,0.0
Albert Sambi Lokonga,Sevilla,s2425,CM,62.0,0.0,0.0,0.0,0.0
Alberto Flores,Sevilla,s2122,Goalkeeper,0.0,0.0,0.0,0.0,0.0
Alberto Marí,Valencia,s2324,Not Available,264.0,1.0,1.0,0.0,0.0
Alberto Marí,Valencia,s2425,FW,7.0,0.0,0.0,0.0,0.0
Alberto Moleiro,Las Palmas,s2324,Not Available,1807.0,3.0,3.0,1.0,0.0
Alberto Moleiro,Las Palmas,s2425,LW,86.0,0.0,0.0,0.0,0.0
Alberto Moreno,Villarreal,s2122,Defender,1222.0,3.0,2.0,3.0,0.0
Alberto Moreno,Villarreal,s2223,   D(L) M(L),848.0,0.0,0.0,5.0,0.0
Alberto Moreno,Villarreal,s2324,Not Available,1490.0,2.0,2.0,1.0,2.0
Alberto Moreno Rebanal,Atlético Madrid,s2122,Midfielder,0.0,0.0,0.0,0.0,0.0
Alberto Perea,Cádiz,s2122,Midfielder,775.0,0.0,1.0,2.0,0.0
Alberto Risco,Getafe,s2324,Not Available,135.0,0.0,0.0,0.0,0.0
Alberto Risco,Getafe,s2425,LW,16.0,0.0,0.0,0.0,0.0
Alberto Rodríguez,Fuenlabrada,s2122,Defender,681.0,0.0,0.0,5.0,0.0
Alberto Soro,Granada,s2122,Midfielder,575.0,0.0,0.0,0.0,0.0
Aleix Febas,Málaga,s2122,Midfielder,1414.0,2.0,1.0,2.0,0.0
Aleix García,Girona,s2223,   DMC,2148.0,1.0,5.0,1.0,0.0
Aleix García,Girona,s2324,Not Available,3201.0,3.0,6.0,4.0,1.0
Aleix Gorjón,Espanyol,s2122,Forward,0.0,0.0,0.0,0.0,0.0
Aleix Vidal,Espanyol,s2122,Defender,1905.0,2.0,0.0,10.0,0.0
Aleix Vidal,Espanyol,s2223,   D(R) M(LR),882.0,0.0,1.0,4.0,0.0
Alejandro Alfaro,Elche,s2223,   Midfielder,14.0,0.0,0.0,0.0,0.0
Alejandro Asensio,Rayo Vallecano,s2122,Forward,12.0,0.0,0.0,0.0,0.0
Alejandro Balboa Bandeira,Alavés,s2122,Midfielder,0.0,0.0,0.0,0.0,0.0
Alejandro Balde,Barcelona,s2223,   D(LR),1574.0,0.0,4.0,2.0,0.0
Alejandro Balde,Barcelona,s2425,LB,63.0,0.0,0.0,0.0,0.0
Alejandro Balde Martínez,Barcelona,s2122,Defender,187.0,0.0,0.0,0.0,0.0
Alejandro Berenguer Remiro,Athletic Club,s2122,Forward,2172.0,3.0,6.0,8.0,0.0
Alejandro Blanco,Unknown,s2122,Unknown,0.0,0.0,0.0,0.0,0.0
Alejandro Blesa,Unknown,s2122,Unknown,0.0,0.0,0.0,0.0,0.0
Alejandro Cantero,Levante,s2122,Forward,595.0,0.0,1.0,1.0,0.0
Alejandro Catena,Osasuna,s2324,Not Available,2536.0,1.0,3.0,8.0,1.0
Alejandro Catena,Osasuna,s2425,CB,90.0,0.0,0.0,0.0,0.0
Alejandro Catena,Rayo Vallecano,s2122,Defender,3240.0,2.0,2.0,8.0,0.0
Alejandro Catena,Rayo Vallecano,s2223,   D(C),2070.0,1.0,1.0,7.0,1.0
Alejandro Fernández Iglesias,Cádiz,s2122,Midfielder,2051.0,3.0,2.0,2.0,0.0
Alejandro Francés,Girona,s2425,RB,90.0,0.0,0.0,0.0,0.0
Alejandro Gómez,Sevilla,s2122,Midfielder,1787.0,5.0,1.0,4.0,0.0
Alejandro Orellana Gómez,Barcelona,s2122,Midfielder,0.0,0.0,0.0,0.0,0.0
Alejandro Pozo,Almería,s2122,Midfielder,3174.0,3.0,3.0,1.0,0.0
Alejandro Pozo,Almería,s2223,   D(R) M(R),1122.0,0.0,2.0,0.0,0.0
Alejandro Pozo,Almería,s2324,Not Available,970.0,0.0,0.0,3.0,0.0
Alejandro Primo,Levante,s2122,Goalkeeper,90.0,0.0,0.0,0.0,0.0
Alejandro Pérez Cea,Espanyol,s2122,Midfielder,0.0,0.0,0.0,0.0,0.0
Alejandro Remiro Gargallo,Real Sociedad,s2122,Goalkeeper,3150.0,0.0,0.0,1.0,0.0
Alejo Véliz,Espanyol,s2425,FW,69.0,0.0,0.0,0.0,0.0
Alejo Véliz,Sevilla,s2324,Not Available,31.0,0.0,0.0,0.0,0.0
Aleksandar Radovanovic,Almería,s2324,Not Available,571.0,0.0,0.0,2.0,0.0
Aleksandar Sedlar,Alavés,s2324,Not Available,948.0,1.0,0.0,2.0,0.0
Aleksandar Sedlar,Alavés,s2425,CB,85.0,0.0,0.0,1.0,1.0
Aleksander Sedlar,Mallorca,s2122,Defender,401.0,0.0,0.0,3.0,1.0
Alessandro Burlamaqui,Valencia,s2122,Midfielder,0.0,0.0,0.0,0.0,0.0
Alex Král,Espanyol,s2425,CM,34.0,0.0,0.0,0.0,0.0
Alex Padilla,Athletic Club,s2425,GK,90.0,0.0,0.0,0.0,0.0
Alex Petxarroman,Athletic Club,s2122,Defender,401.0,0.0,0.0,4.0,0.0
Alex Telles,Sevilla,s2223,   D(L) M(L),924.0,0.0,2.0,4.0,0.0
Alexander Callens,Girona,s2223,   D(CL),52.0,0.0,0.0,0.0,0.0
Alexander Isak,Real Sociedad,s2122,Forward,2155.0,6.0,2.0,6.0,0.0
Alexander Isak,Real Sociedad,s2223,   FW,154.0,1.0,0.0,0.0,0.0
Alexander Sørloth,Atlético Madrid,s2425,FW,45.0,1.0,0.0,0.0,0.0
Alexander Sørloth,Real Sociedad,s2122,Forward,1760.0,4.0,0.0,2.0,0.0
Alexander Sørloth,Real Sociedad,s2223,   AM(R) FW,1600.0,9.0,1.0,4.0,0.0
Alexander Sørloth,Villarreal,s2324,Not Available,2491.0,23.0,6.0,3.0,0.0
Alexandre Moreno Lopera,Real Betis,s2122,Forward,2407.0,5.0,3.0,3.0,1.0
Alexandru Mircea Tirlea,Alavés,s2122,Midfielder,14.0,0.0,0.0,0.0,0.0
Alfon,Celta de Vigo,s2425,RW,69.0,0.0,0.0,0.0,0.0
Alfonso Espino,Cádiz,s2122,Defender,3329.0,2.0,2.0,6.0,0.0
Alfonso Espino,Cádiz,s2223,   D(L),2043.0,0.0,3.0,6.0,0.0
Alfonso Espino,Rayo Vallecano,s2324,Not Available,2512.0,0.0,1.0,9.0,0.0
Alfonso Espino,Rayo Vallecano,s2425,LB,90.0,0.0,0.0,0.0,0.0
Alfonso González Martínez,Celta de Vigo,s2122,Forward,0.0,0.0,0.0,0.0,0.0
Alfonso Pastor,Sevilla,s2122,Goalkeeper,0.0,0.0,0.0,0.0,0.0
Alfonso Pedraza,Villarreal,s2122,Forward,1703.0,4.0,4.0,2.0,0.0
Alfonso Pedraza,Villarreal,s2223,   D(L) M(L),950.0,0.0,1.0,1.0,0.0
Alfonso Pedraza,Villarreal,s2324,Not Available,1119.0,1.0,3.0,4.0,1.0
Allan Nyom,Getafe,s2425,LM,1.0,0.0,0.0,0.0,0.0
Allan-Roméo Nyom,Leganés,s2122,Defender,1263.0,1.0,1.0,5.0,0.0
Amankwaa Akurugu,Unknown,s2122,Unknown,0.0,0.0,0.0,0.0,0.0
Amath,Valladolid,s2425,RW,69.0,0.0,1.0,0.0,0.0
Amath Ndiaye,Mallorca,s2122,Forward,884.0,0.0,1.0,5.0,0.0
Amath Ndiaye,Mallorca,s2223,   AM(L),558.0,1.0,0.0,2.0,0.0
Amath Ndiaye,Mallorca,s2324,Not Available,388.0,0.0,0.0,2.0,0.0
Anastasios Douvikas,Celta de Vigo,s2324,Not Available,886.0,7.0,1.0,2.0,0.0
Anastasios Douvikas,Celta de Vigo,s2425,FW,77.0,0.0,0.0,0.0,0.0
Ander Barrenetxea,Real Sociedad,s2122,Forward,548.0,1.0,1.0,0.0,0.0
Ander Barrenetxea,Real Sociedad,s2223,   M(LR),403.0,1.0,0.0,3.0,0.0
Ander Barrenetxea,Real Sociedad,s2324,Not Available,1436.0,4.0,1.0,1.0,0.0
Ander Barrenetxea,Real Sociedad,s2425,LM,23.0,0.0,0.0,0.0,0.0
Ander Capa,Athletic Club,s2122,Defender,3.0,0.0,0.0,0.0,0.0
Ander Capa,Athletic Club,s2223,   D(R) M(R),25.0,0.0,0.0,0.0,0.0
Ander Guevara,Alavés,s2324,Not Available,2936.0,1.0,0.0,7.0,0.0
Ander Guevara,Alavés,s2425,DM,79.0,0.0,0.0,0.0,0.0
Ander Guevara,Real Sociedad,s2122,Midfielder,870.0,0.0,0.0,2.0,0.0
Ander Guevara,Real Sociedad,s2223,   DMC,133.0,0.0,0.0,1.0,0.0
Ander Herrera,Athletic Club,s2223,   M(C),308.0,0.0,1.0,3.0,1.0
Ander Herrera,Athletic Club,s2324,Not Available,1023.0,0.0,3.0,4.0,0.0
Ander Herrera,Athletic Club,s2425,DM,34.0,0.0,0.0,1.0,0.0
Ander Iruarrizaga,Athletic Club,s2122,Goalkeeper,0.0,0.0,0.0,0.0,0.0
Ander Martín,Real Sociedad,s2122,Forward,85.0,0.0,0.0,0.0,0.0
Ander Martín,Real Sociedad,s2223,   Forward,39.0,0.0,0.0,0.0,0.0
Andoni Gorosabel,Alavés,s2324,Not Available,2863.0,1.0,0.0,6.0,0.0
Andoni Gorosabel,Athletic Club,s2425,RB,80.0,0.0,0.0,1.0,0.0
Andoni Gorosabel,Real Sociedad,s2122,Defender,2296.0,0.0,4.0,4.0,0.0
Andoni Gorosabel,Real Sociedad,s2223,   D(R),911.0,0.0,0.0,2.0,0.0
Andreas Christensen,Barcelona,s2223,   D(C) DMC,1176.0,0.0,1.0,2.0,0.0
Andreas Christensen,Barcelona,s2324,Not Available,1990.0,2.0,2.0,4.0,0.0
Andreas Christensen,Barcelona,s2425,CB,27.0,0.0,0.0,1.0,0.0
Andrei Ratiu,Rayo Vallecano,s2324,Not Available,627.0,0.0,0.0,1.0,0.0
Andrei Ratiu,Rayo Vallecano,s2425,RB,79.0,0.0,0.0,0.0,0.0
Andrii Lunin,Real Madrid,s2122,Goalkeeper,180.0,0.0,0.0,0.0,0.0
Andriy Lunin,Real Madrid,s2223,   GK,540.0,0.0,0.0,0.0,0.0
Andriy Lunin,Real Madrid,s2324,Not Available,1890.0,0.0,0.0,2.0,0.0
Andriy Lunin,Real Madrid,s2425,GK,90.0,0.0,0.0,0.0,0.0
André Almeida,Valencia,s2223,   M(C),1582.0,2.0,3.0,2.0,0.0
André Almeida,Valencia,s2324,Not Available,969.0,2.0,1.0,0.0,0.0
André Ferreira,Granada,s2324,Not Available,1339.0,0.0,0.0,1.0,0.0
André Silva,Real Sociedad,s2324,Not Available,730.0,3.0,0.0,1.0,0.0
Andrés Guardado,Real Betis,s2122,Midfielder,1394.0,0.0,1.0,4.0,0.0
Andrés Guardado,Real Betis,s2223,   D(L) M(CL),882.0,1.0,1.0,4.0,0.0
Andrés Guardado,Real Betis,s2324,Not Available,442.0,0.0,0.0,2.0,0.0
Andrés Martín,Rayo Vallecano,s2223,   Forward,145.0,0.0,0.0,1.0,0.0
Andrés Martín,Tenerife,s2122,Forward,699.0,2.0,2.0,1.0,0.0
Anssumane Fati Vieira,Barcelona,s2122,Forward,331.0,4.0,0.0,0.0,0.0
Ansu Fati,Barcelona,s2223,   AM(L) FW,925.0,3.0,3.0,2.0,0.0
Ansu Fati,Barcelona,s2324,Not Available,47.0,0.0,0.0,0.0,0.0
Ansu Fati,Barcelona,s2425,"RW,LW",24.0,0.0,0.0,0.0,0.0
Antal Yaakobishvili,Girona,s2324,Not Available,60.0,0.0,0.0,0.0,0.0
Ante Budimir,Osasuna,s2122,Forward,1742.0,8.0,2.0,3.0,0.0
Ante Budimir,Osasuna,s2223,   FW,1111.0,2.0,0.0,2.0,0.0
Ante Budimir,Osasuna,s2324,Not Available,2449.0,17.0,2.0,4.0,0.0
Ante Budimir,Osasuna,s2425,FW,90.0,0.0,0.0,0.0,0.0
Anthony Lozano,Almería,s2324,Not Available,866.0,3.0,0.0,2.0,0.0
Anthony Lozano,Cádiz,s2122,Forward,1677.0,7.0,2.0,8.0,0.0
Anthony Lozano,Cádiz,s2223,   AM(L) FW,1191.0,0.0,0.0,3.0,0.0
Anthony Martial,Sevilla,s2122,Forward,495.0,0.0,1.0,1.0,0.0
Antoine Griezmann,Atlético Madrid,s2122,Forward,1706.0,3.0,4.0,3.0,0.0
Antoine Griezmann,Atlético Madrid,s2223,   AM(CLR) FW,1693.0,8.0,8.0,0.0,0.0
Antoine Griezmann,Atlético Madrid,s2324,Not Available,2654.0,16.0,6.0,5.0,0.0
Antoine Griezmann,Atlético Madrid,s2425,"AM,FW",77.0,0.0,1.0,0.0,0.0
Antonio Barragán,Elche,s2122,Defender,1022.0,0.0,0.0,5.0,0.0
Antonio Blanco,Alavés,s2324,Not Available,2436.0,0.0,1.0,5.0,1.0
Antonio Blanco,Alavés,s2425,DM,90.0,0.0,1.0,0.0,0.0
Antonio Blanco,Cádiz,s2223,   Midfielder,159.0,0.0,0.0,0.0,0.0
Antonio Blanco,Real Madrid,s2122,Midfielder,30.0,0.0,0.0,0.0,0.0
Antonio Gomís Alemañ,Atlético Madrid,s2122,Goalkeeper,0.0,0.0,0.0,0.0,0.0
Antonio Latorre,Valencia,s2122,Defender,591.0,0.0,1.0,5.0,0.0
Antonio Leal,Unknown,s2122,Unknown,0.0,0.0,0.0,0.0,0.0
Antonio Marchena,Real Betis,s2122,Midfielder,0.0,0.0,0.0,0.0,0.0
Antonio Moya,Alavés,s2122,Defender,1383.0,0.0,1.0,2.0,0.0
Antonio Pacheco,Villarreal,s2122,Midfielder,0.0,0.0,0.0,0.0,0.0
Antonio Puertas,Granada,s2324,Not Available,720.0,0.0,2.0,3.0,1.0
Antonio Raíllo,Mallorca,s2122,Defender,1530.0,2.0,0.0,8.0,0.0
Antonio Raíllo,Mallorca,s2223,   D(C),2160.0,1.0,1.0,8.0,0.0
Antonio Raíllo,Mallorca,s2324,Not Available,2198.0,3.0,2.0,4.0,1.0
Antonio Raíllo,Mallorca,s2425,CB,90.0,0.0,0.0,0.0,0.0
Antonio Rüdiger,Real Madrid,s2223,   D(CR),1509.0,1.0,0.0,1.0,0.0
Antonio Rüdiger,Real Madrid,s2324,Not Available,2707.0,1.0,0.0,7.0,0.0
Antonio Rüdiger,Real Madrid,s2425,CB,90.0,0.0,0.0,0.0,0.0
Antonio Sivera,Alavés,s2122,Goalkeeper,276.0,0.0,0.0,1.0,0.0
Antonio Sivera,Alavés,s2324,Not Available,3060.0,0.0,0.0,3.0,0.0
Antonio Sivera,Alavés,s2425,GK,90.0,0.0,0.0,0.0,0.0
Antonio Sánchez,Mallorca,s2122,Midfielder,1622.0,1.0,0.0,3.0,0.0
Antonio Sánchez,Mallorca,s2223,   AM(CR),647.0,0.0,0.0,4.0,0.0
Antonio Sánchez,Mallorca,s2324,Not Available,1463.0,3.0,1.0,3.0,0.0
Antonio Sánchez,Mallorca,s2425,RW,24.0,0.0,0.0,0.0,0.0
Antonio Zarzana,Sevilla,s2122,Forward,0.0,0.0,0.0,0.0,0.0
Antoniu,Espanyol,s2425,LM,21.0,0.0,0.0,1.0,0.0
Anuar Tuhami,Valladolid,s2223,   AM(C),212.0,1.0,0.0,1.0,0.0
Anuar Tuhami,Valladolid,s2425,"LM,RM",88.0,1.0,0.0,0.0,0.0
Arda Güler,Real Madrid,s2324,Not Available,373.0,6.0,0.0,1.0,0.0
Arda Güler,Real Madrid,s2425,RM,3.0,0.0,0.0,0.0,0.0
Aridane Hernández,Osasuna,s2122,Defender,1159.0,0.0,0.0,1.0,0.0
Aridane Hernández,Osasuna,s2223,   D(C),864.0,0.0,0.0,0.0,0.0
Aridane Hernández,Rayo Vallecano,s2324,Not Available,1691.0,0.0,0.0,3.0,0.0
Aridane Hernández,Rayo Vallecano,s2425,CB,18.0,0.0,0.0,0.0,0.0
Aritz Arambarri,Leganés,s2425,CB,87.0,0.0,0.0,0.0,0.0
Aritz Elustondo,Real Sociedad,s2122,Defender,2102.0,4.0,1.0,3.0,1.0
Aritz Elustondo,Real Sociedad,s2223,   D(CR),1031.0,0.0,1.0,4.0,1.0
Aritz Elustondo,Real Sociedad,s2324,Not Available,808.0,0.0,1.0,2.0,0.0
Aritz Elustondo,Real Sociedad,s2425,CB,90.0,0.0,0.0,0.0,0.0
Arnau Comas,Barcelona,s2122,Defender,0.0,0.0,0.0,0.0,0.0
Arnau Martinez,Girona,s2223,   D(R),1670.0,2.0,2.0,7.0,0.0
Arnau Martinez,Girona,s2324,Not Available,1240.0,0.0,2.0,5.0,0.0
Arnau Martinez,Girona,s2425,"RB,CM",90.0,0.0,0.0,0.0,0.0
Arnau Puigmal,Almería,s2223,   Midfielder,377.0,0.0,0.0,3.0,0.0
Arnau Puigmal,Almería,s2324,Not Available,248.0,0.0,0.0,3.0,0.0
Arnau Tenas,Barcelona,s2122,Goalkeeper,0.0,0.0,0.0,0.0,0.0
Arnau Tenas,Barcelona,s2223,   Goalkeeper,1.0,0.0,0.0,1.0,0.0
Arnaut Danjuma,Villarreal,s2122,Midfielder,1477.0,10.0,3.0,2.0,0.0
Arnaut Danjuma,Villarreal,s2223,   AM(L) FW,480.0,2.0,0.0,0.0,0.0
Arnaut Danjuma,Villarreal,s2425,FW,78.0,1.0,0.0,0.0,0.0
Arsen Zakharyan,Real Sociedad,s2324,Not Available,1229.0,1.0,2.0,1.0,0.0
Artem Dovbyk,Girona,s2324,Not Available,2605.0,24.0,8.0,2.0,0.0
Arthur Vermeeren,Atlético Madrid,s2324,Not Available,159.0,0.0,0.0,2.0,0.0
Asier Illarramendi,Real Sociedad,s2122,Midfielder,377.0,0.0,0.0,1.0,0.0
Asier Illarramendi,Real Sociedad,s2223,   M(C),662.0,1.0,0.0,3.0,0.0
Asier Villalibre,Alavés,s2425,FW,11.0,0.0,0.0,0.0,0.0
Asier Villalibre,Athletic Club,s2122,Forward,538.0,2.0,0.0,0.0,0.0
Asier Villalibre,Athletic Club,s2324,Not Available,503.0,2.0,1.0,0.0,0.0
Assane Diao,Real Betis,s2324,Not Available,1052.0,2.0,0.0,4.0,0.0
Assane Diao,Real Betis,s2425,RW,19.0,0.0,0.0,0.0,0.0
Augusto Batalla,Granada,s2324,Not Available,1530.0,0.0,0.0,3.0,0.0
Augusto Batalla,Rayo Vallecano,s2425,GK,90.0,0.0,0.0,0.0,0.0
Augusto Solari,Celta de Vigo,s2122,Midfielder,698.0,0.0,0.0,5.0,0.0
Augusto Solari,Celta de Vigo,s2223,   AM(CR),211.0,0.0,1.0,0.0,0.0
Aurélien Tchouaméni,Real Madrid,s2223,   DMC,1252.0,0.0,3.0,1.0,0.0
Aurélien Tchouaméni,Real Madrid,s2324,Not Available,1987.0,3.0,1.0,7.0,0.0
Aurélien Tchouaméni,Real Madrid,s2425,CM,62.0,0.0,0.0,0.0,0.0
Awer Mabil,Cádiz,s2223,   AM(LR) FW,163.0,0.0,0.0,0.0,0.0
Axel Werner,Unknown,s2122,Unknown,0.0,0.0,0.0,0.0,0.0
Axel Witsel,Atlético Madrid,s2223,   D(C) M(C),1387.0,0.0,0.0,2.0,0.0
Axel Witsel,Atlético Madrid,s2324,Not Available,2784.0,2.0,0.0,5.0,0.0
Axel Witsel,Atlético Madrid,s2425,CB,45.0,0.0,0.0,0.0,0.0
Ayoze Pérez,Real Betis,s2223,   AM(CLR) FW,347.0,0.0,0.0,0.0,0.0
Ayoze Pérez,Real Betis,s2324,Not Available,2307.0,9.0,1.0,4.0,0.0
Ayoze Pérez,Villarreal,s2425,FW,12.0,0.0,0.0,0.0,0.0
Aïssa Mandi,Villarreal,s2122,Defender,1374.0,1.0,0.0,3.0,0.0
Aïssa Mandi,Villarreal,s2223,   D(CLR),438.0,0.0,0.0,0.0,0.0
Aïssa Mandi,Villarreal,s2324,Not Available,1113.0,1.0,0.0,3.0,0.0
Bebé,Rayo Vallecano,s2223,   AM(LR) FW,57.0,0.0,0.0,1.0,0.0
Bebé,Rayo Vallecano,s2324,Not Available,193.0,2.0,0.0,1.0,0.0
Ben Brereton Diaz,Villarreal,s2324,Not Available,261.0,0.0,0.0,2.0,0.0
Benito Ramírez,Las Palmas,s2324,Not Available,368.0,1.0,1.0,0.0,0.0
Benito Ramírez,Las Palmas,s2425,LB,13.0,0.0,0.0,0.0,0.0
Benjamin Lecomte,Atlético Madrid,s2122,Goalkeeper,0.0,0.0,0.0,1.0,0.0
Benjamin Lecomte,Espanyol,s2223,   GK,900.0,0.0,0.0,1.0,1.0
Bernardo Espinosa,Girona,s2223,   D(C),846.0,0.0,1.0,3.0,0.0
Bertrand Traoré,Villarreal,s2324,Not Available,569.0,1.0,0.0,4.0,0.0
Bertuğ Yıldırım,Getafe,s2425,FW,77.0,0.0,0.0,0.0,0.0
Beñat Prados,Athletic Club,s2324,Not Available,1450.0,0.0,0.0,1.0,0.0
Beñat Prados,Athletic Club,s2425,DM,56.0,0.0,0.0,1.0,0.0
Beñat Turrientes,Real Sociedad,s2223,   Midfielder,102.0,0.0,0.0,0.0,0.0
Beñat Turrientes,Real Sociedad,s2324,Not Available,1688.0,0.0,1.0,4.0,0.0
Beñat Turrientes,Real Sociedad,s2425,LM,67.0,0.0,0.0,0.0,0.0
Beñat Turrientes,Real Sociedad B,s2122,Midfielder,1751.0,0.0,1.0,4.0,0.0
Bojan Miovski,Girona,s2425,FW,32.0,0.0,0.0,0.0,0.0
Borja García,Girona,s2223,   AM(CL),447.0,1.0,0.0,1.0,0.0
Borja Iglesias,Celta de Vigo,s2425,FW,13.0,0.0,0.0,0.0,0.0
Borja Iglesias,Real Betis,s2122,Forward,1570.0,10.0,0.0,4.0,0.0
Borja Iglesias,Real Betis,s2223,   FW,1692.0,11.0,3.0,1.0,1.0
Borja Iglesias,Real Betis,s2324,Not Available,404.0,0.0,1.0,2.0,0.0
Borja Mayoral,Getafe,s2122,Forward,1046.0,6.0,1.0,3.0,0.0
Borja Mayoral,Getafe,s2223,   FW,2055.0,6.0,1.0,4.0,0.0
Borja Mayoral,Getafe,s2324,Not Available,2162.0,15.0,1.0,2.0,0.0
Borja Mayoral,Getafe,s2425,FW,16.0,0.0,0.0,0.0,0.0
Boubakary Soumaré,Sevilla,s2324,Not Available,2286.0,0.0,1.0,10.0,0.0
Boulaye Dia,Villarreal,s2122,Forward,1266.0,5.0,5.0,3.0,0.0
Brahim Díaz,Real Madrid,s2324,Not Available,1551.0,8.0,6.0,0.0,0.0
Brahim Díaz,Real Madrid,s2425,LW,3.0,0.0,0.0,0.0,0.0
Brais Méndez,Celta de Vigo,s2122,Midfielder,3036.0,4.0,5.0,8.0,0.0
Brais Méndez,Real Sociedad,s2223,   AM(CR) FW,1837.0,7.0,3.0,5.0,0.0
Brais Méndez,Real Sociedad,s2324,Not Available,2420.0,5.0,6.0,7.0,0.0
Brais Méndez,Real Sociedad,s2425,RM,90.0,0.0,0.0,0.0,0.0
Brian Ocampo,Cádiz,s2223,   AM(L),1129.0,1.0,1.0,2.0,0.0
Brian Ocampo,Cádiz,s2324,Not Available,237.0,1.0,0.0,2.0,0.0
Brian Oliván,Espanyol,s2223,   D(CL),1922.0,1.0,5.0,6.0,0.0
Brian Oliván,Espanyol,s2425,"LM,LB",23.0,0.0,0.0,0.0,0.0
Brian Oliván,Mallorca,s2122,Defender,2188.0,1.0,0.0,7.0,0.0
Bruno Langa,Almería,s2324,Not Available,819.0,1.0,0.0,1.0,1.0
Bruno Méndez,Granada,s2324,Not Available,1336.0,2.0,0.0,4.0,0.0
Bryan Gil,Girona,s2425,RW,80.0,0.0,0.0,0.0,0.0
Bryan Gil,Sevilla,s2223,   AM(CLR),269.0,1.0,1.0,1.0,0.0
Bryan Gil,Valencia,s2122,Forward,755.0,0.0,1.0,3.0,0.0
Bryan Zaragoza,Granada,s2122,Midfielder,0.0,0.0,0.0,0.0,0.0
Bryan Zaragoza,Granada,s2324,Not Available,1640.0,6.0,2.0,5.0,0.0
Bryan Zaragoza,Osasuna,s2425,LM,31.0,0.0,0.0,0.0,0.0
Caglar Söyüncü,Atlético Madrid,s2324,Not Available,110.0,0.0,0.0,0.0,1.0
Carl Starfelt,Celta de Vigo,s2324,Not Available,2218.0,1.0,0.0,4.0,0.0
Carl Starfelt,Celta de Vigo,s2425,CB,45.0,0.0,0.0,0.0,0.0
Carles Aleñá,Getafe,s2122,Midfielder,2339.0,1.0,2.0,6.0,1.0
Carles Aleñá,Getafe,s2223,   AM(CLR),1584.0,2.0,2.0,8.0,1.0
Carles Aleñá,Getafe,s2324,Not Available,1007.0,1.0,1.0,6.0,0.0
Carles Aleñá,Getafe,s2425,"CM,RM",51.0,0.0,0.0,0.0,0.0
Carles Marco,Elche,s2122,Defender,0.0,0.0,0.0,0.0,0.0
Carles Pérez,Celta de Vigo,s2223,   AM(CR) FW,1283.0,0.0,3.0,2.0,0.0
Carles Pérez,Celta de Vigo,s2324,Not Available,768.0,1.0,1.0,3.0,0.0
Carles Pérez,Getafe,s2425,RM,45.0,0.0,0.0,0.0,0.0
Carlo García,Villarreal,s2122,Midfielder,6.0,0.0,0.0,0.0,0.0
Carlos Akapo Martínez,Cádiz,s2122,Defender,1847.0,0.0,0.0,4.0,0.0
Carlos Bacca,Granada,s2122,Forward,508.0,0.0,1.0,3.0,0.0
Carlos Benavídez,Alavés,s2324,Not Available,1121.0,3.0,1.0,5.0,0.0
Carlos Benavídez,Alavés,s2425,DM,11.0,0.0,0.0,0.0,0.0
Carlos Benítez Royo,Levante,s2122,Midfielder,0.0,0.0,0.0,0.0,0.0
Carlos Clerc,Levante,s2122,Defender,1517.0,0.0,0.0,6.0,0.0
Carlos Domínguez,Celta de Vigo,s2122,Defender,341.0,0.0,0.0,1.0,0.0
Carlos Domínguez,Celta de Vigo,s2223,   D(C),17.0,0.0,0.0,0.0,0.0
Carlos Domínguez,Celta de Vigo,s2324,Not Available,1585.0,0.0,0.0,2.0,0.0
Carlos Domínguez,Celta de Vigo,s2425,CB,90.0,0.0,0.0,0.0,0.0
Carlos Dotor,Celta de Vigo,s2324,Not Available,702.0,0.0,0.0,2.0,0.0
Carlos Fernández,Real Sociedad,s2223,   AM(C) FW,406.0,1.0,0.0,5.0,0.0
Carlos Fernández,Real Sociedad,s2324,Not Available,406.0,2.0,1.0,3.0,0.0
Carlos García,Cádiz,s2223,   Defender,24.0,0.0,1.0,0.0,0.0
Carlos Giménez,Levante,s2122,Defender,0.0,0.0,0.0,0.0,0.0
Carlos Guirao,Real Betis,s2425,DM,56.0,0.0,0.0,0.0,0.0
Carlos Henrique Casimiro,Real Madrid,s2122,Midfielder,2575.0,1.0,3.0,11.0,0.0
Carlos Manuel Pérez Sánchez,Valencia,s2122,Goalkeeper,0.0,0.0,0.0,0.0,0.0
Carlos Martín,Alavés,s2425,FW,30.0,0.0,0.0,0.0,0.0
Carlos Martín,Atlético Madrid,s2223,   Forward,4.0,0.0,0.0,0.0,0.0
Carlos Martín Domínguez,Atlético Madrid,s2122,Midfielder,5.0,0.0,0.0,1.0,0.0
Carlos Neva,Granada,s2122,Defender,2115.0,0.0,0.0,1.0,0.0
Carlos Neva,Granada,s2324,Not Available,3152.0,0.0,2.0,4.0,0.0
Carlos Romero,Espanyol,s2425,LB,90.0,0.0,0.0,0.0,0.0
Carlos Romero,Villarreal,s2324,Not Available,259.0,0.0,0.0,1.0,0.0
Carlos Soler,Valencia,s2122,Midfielder,2480.0,11.0,5.0,4.0,0.0
Carlos Vicente,Alavés,s2324,Not Available,1118.0,2.0,4.0,1.0,0.0
Carlos Vicente,Alavés,s2425,RB,90.0,0.0,0.0,0.0,0.0
Carlos Álvarez,Sevilla,s2223,   Midfielder,9.0,0.0,0.0,1.0,0.0
Cenk Özkacar,Valencia,s2223,   D(C),688.0,0.0,0.0,1.0,0.0
Cenk Özkacar,Valencia,s2324,Not Available,1595.0,0.0,0.0,3.0,0.0
Cenk Özkacar,Valladolid,s2425,FW,3.0,0.0,0.0,0.0,0.0
Cesar Fernandez,Celta de Vigo,s2122,Goalkeeper,0.0,0.0,0.0,0.0,0.0
Cesar Moreno,Unknown,s2122,Unknown,0.0,0.0,0.0,0.0,0.0
Chadi Riad,Barcelona,s2223,   Defender,1.0,0.0,0.0,0.0,0.0
Chadi Riad,Real Betis,s2324,Not Available,2164.0,0.0,0.0,1.0,0.0
Cheikh Kane Sarr,Granada,s2122,Goalkeeper,0.0,0.0,0.0,0.0,0.0
Chidera Ejuke,Sevilla,s2425,RM,20.0,0.0,0.0,0.0,0.0
Chiquinho,Mallorca,s2425,AM,15.0,0.0,0.0,0.0,0.0
Chris Ramos,Cádiz,s2223,   Forward,83.0,0.0,0.0,0.0,0.0
Chrisantus Uche,Getafe,s2425,FW,90.0,1.0,0.0,1.0,0.0
Christopher Ramos,Cádiz,s2324,Not Available,2627.0,5.0,1.0,5.0,0.0
Chuky san jose,Valladolid,s2425,CM,9.0,0.0,0.0,0.0,0.0
Chumi,Almería,s2223,   D(C),1015.0,1.0,0.0,4.0,0.0
Claudio Bravo,Real Betis,s2122,Goalkeeper,1457.0,0.0,0.0,2.0,0.0
Claudio Bravo,Real Betis,s2223,   GK,540.0,0.0,0.0,1.0,0.0
Claudio Bravo,Real Betis,s2324,Not Available,630.0,0.0,0.0,0.0,0.0
Clerc,Elche,s2223,   D(L) M(L),1583.0,0.0,1.0,1.0,0.0
Clément Grenier,Mallorca,s2122,Midfielder,56.0,1.0,0.0,1.0,0.0
Clément Grenier,Mallorca,s2223,   M(CL),608.0,0.0,0.0,7.0,0.0
Clément Lenglet,Atlético Madrid,s2425,CB,90.0,0.0,0.0,1.0,0.0
Clément Lenglet,Barcelona,s2122,Defender,818.0,0.0,1.0,4.0,0.0
Coba da Costa,Getafe,s2425,LW,45.0,0.0,0.0,0.0,0.0
Conor Gallagher,Atlético Madrid,s2425,CM,33.0,0.0,0.0,0.0,0.0
Cristhian Mosquera,Valencia,s2122,Defender,209.0,0.0,0.0,1.0,0.0
Cristhian Mosquera,Valencia,s2223,   Defender,143.0,0.0,0.0,0.0,0.0
Cristhian Mosquera,Valencia,s2324,Not Available,3074.0,0.0,0.0,2.0,0.0
Cristhian Mosquera,Valencia,s2425,CB,90.0,0.0,0.0,0.0,0.0
Cristhian Stuani,Girona,s2223,   AM(CLR) FW,696.0,6.0,0.0,6.0,0.0
Cristhian Stuani,Girona,s2324,Not Available,782.0,9.0,3.0,6.0,0.0
Cristhian Stuani,Girona,s2425,FW,10.0,0.0,0.0,0.0,0.0
Cristian Herrera,Las Palmas,s2324,Not Available,159.0,1.0,0.0,1.0,0.0
Cristian Portu,Girona,s2324,Not Available,1271.0,7.0,5.0,4.0,0.0
Cristian Portu,Girona,s2425,LW,65.0,0.0,0.0,0.0,0.0
Cristian Portugués Manzanera,Real Sociedad,s2122,Midfielder,1586.0,1.0,2.0,5.0,0.0
Cristian Rivero,Alcorcón,s2122,Goalkeeper,270.0,0.0,0.0,0.0,0.0
Cristian Tello,Real Betis,s2122,Forward,807.0,2.0,2.0,2.0,0.0
Cristiano Piccini,Unknown,s2122,Unknown,0.0,0.0,0.0,0.0,0.0
Cristo Romero,Real Sociedad,s2122,Defender,16.0,0.0,0.0,0.0,0.0
Curro Sánchez,Almería,s2223,   Midfielder,41.0,0.0,0.0,1.0,0.0
Cyle Larin,Mallorca,s2324,Not Available,1823.0,3.0,2.0,8.0,0.0
Cyle Larin,Mallorca,s2425,LW,19.0,0.0,0.0,0.0,0.0
Cyle Larin,Valladolid,s2223,   AM(LR) FW,423.0,4.0,0.0,2.0,0.0
Cárdenas,Rayo Vallecano,s2425,GK,90.0,0.0,0.0,0.0,0.0
Cédric Bakambu,Real Betis,s2324,Not Available,195.0,0.0,0.0,1.0,0.0
Cédric Bakambu,Real Betis,s2425,FW,22.0,0.0,0.0,0.0,0.0
César Azpilicueta,Atlético Madrid,s2324,Not Available,1421.0,0.0,2.0,4.0,0.0
César Azpilicueta,Atlético Madrid,s2425,CB,90.0,0.0,0.0,0.0,0.0
César Montes,Almería,s2324,Not Available,1792.0,0.0,0.0,5.0,0.0
César Montes,Espanyol,s2223,   D(C),585.0,0.0,0.0,3.0,0.0
César Tárrega,Valencia,s2122,Defender,0.0,0.0,0.0,0.0,0.0
César Tárrega,Valencia,s2425,CB,90.0,0.0,0.0,0.0,0.0
César de la Hoz,Almería,s2223,   DMC,1112.0,1.0,0.0,5.0,0.0
Daley Blind,Girona,s2324,Not Available,2971.0,1.0,2.0,6.0,0.0
Daley Blind,Girona,s2425,CB,90.0,0.0,0.0,0.0,0.0
Daley Sinkgraven,Las Palmas,s2324,Not Available,375.0,0.0,0.0,0.0,1.0
Daley Sinkgraven,Las Palmas,s2425,LB,46.0,0.0,0.0,0.0,0.0
Damián Rodríguez,Celta de Vigo,s2122,Midfielder,0.0,0.0,0.0,0.0,0.0
Damián Rodríguez,Celta de Vigo,s2324,Not Available,257.0,0.0,2.0,1.0,0.0
Damián Rodríguez,Celta de Vigo,s2425,CM,90.0,0.0,0.0,1.0,0.0
Damián Suárez,Getafe,s2122,Defender,2720.0,0.0,3.0,13.0,0.0
Damián Suárez,Getafe,s2223,   D(R) M(R),1052.0,1.0,0.0,2.0,0.0
Damián Suárez,Getafe,s2324,Not Available,1306.0,0.0,2.0,7.0,1.0
Dani Carvajal,Real Madrid,s2425,RB,86.0,0.0,0.0,0.0,0.0
Dani Ceballos,Real Madrid,s2122,Midfielder,267.0,0.0,0.0,1.0,0.0
Dani Ceballos,Real Madrid,s2223,   M(CL),805.0,0.0,1.0,3.0,0.0
Dani Ceballos,Real Madrid,s2425,"AM,LW",6.0,0.0,0.0,0.0,0.0
Dani García,Athletic Club,s2223,   DMC,838.0,0.0,1.0,3.0,0.0
Dani García,Athletic Club,s2324,Not Available,738.0,1.0,0.0,4.0,0.0
Dani Gómez,Espanyol,s2223,   FW,71.0,0.0,0.0,1.0,0.0
Dani Gómez,Valencia,s2425,FW,25.0,0.0,0.0,0.0,0.0
Dani Olmo,Barcelona,s2425,AM,45.0,1.0,0.0,0.0,0.0
Dani Raba,Leganés,s2425,RW,28.0,0.0,0.0,0.0,0.0
Dani Rodríguez,Mallorca,s2223,   AM(CLR),1500.0,3.0,3.0,7.0,0.0
Dani Rodríguez,Mallorca,s2425,LW,66.0,0.0,1.0,0.0,0.0
Dani Vivian,Athletic Club,s2223,   D(C),1534.0,1.0,0.0,5.0,0.0
Daniel Alves da Silva,Barcelona,s2122,Defender,1103.0,1.0,3.0,2.0,1.0
Daniel Carvajal,Real Madrid,s2122,Defender,1549.0,1.0,3.0,1.0,0.0
Daniel Carvajal,Real Madrid,s2223,   D(R),1366.0,0.0,2.0,4.0,0.0
Daniel Carvajal,Real Madrid,s2324,Not Available,2172.0,4.0,3.0,3.0,1.0
Daniel Ceballos,Real Madrid,s2324,Not Available,586.0,0.0,2.0,2.0,0.0
Daniel Cárdenas,Levante,s2122,Goalkeeper,2160.0,0.0,0.0,3.0,0.0
Daniel García Carrillo,Athletic Club,s2122,Midfielder,2190.0,0.0,0.0,9.0,0.0
Daniel Gómez Alcón,Levante,s2122,Forward,1060.0,4.0,2.0,1.0,0.0
Daniel José Rodríguez Vázquez,Mallorca,s2122,Midfielder,2838.0,3.0,3.0,7.0,0.0
Daniel Luna,Mallorca,s2425,RM,12.0,0.0,0.0,0.0,0.0
Daniel Parejo,Villarreal,s2122,Midfielder,2708.0,2.0,10.0,3.0,0.0
Daniel Parejo,Villarreal,s2223,   M(C),2209.0,1.0,3.0,3.0,0.0
Daniel Parejo,Villarreal,s2324,Not Available,2586.0,3.0,5.0,4.0,0.0
Daniel Parejo,Villarreal,s2425,CM,89.0,0.0,0.0,0.0,0.0
Daniel Raba Antolín,Granada,s2122,Forward,24.0,0.0,0.0,0.0,0.0
Daniel Rebollo,Real Betis,s2122,Goalkeeper,0.0,0.0,0.0,0.0,0.0
Daniel Rodriguez,Mallorca,s2324,Not Available,2632.0,2.0,4.0,9.0,0.0
Daniel Villahermosa,Espanyol,s2122,Midfielder,22.0,0.0,0.0,0.0,0.0
Daniel Vivian,Athletic Club,s2122,Defender,1985.0,2.0,1.0,2.0,0.0
Daniel Vivian,Athletic Club,s2324,Not Available,2879.0,0.0,0.0,6.0,0.0
Daniel Vivian,Athletic Club,s2425,CB,10.0,0.0,0.0,0.0,0.0
Daniel Wass,Atlético Madrid,s2122,Midfielder,45.0,0.0,0.0,1.0,0.0
Dario Essugo,Las Palmas,s2425,CM,73.0,0.0,0.0,0.0,0.0
Darko Brašanac,Leganés,s2425,DM,87.0,0.0,0.0,0.0,0.0
Darko Brašanac,Osasuna,s2122,Midfielder,2412.0,1.0,2.0,9.0,0.0
Darko Brašanac,Osasuna,s2223,   M(CR),954.0,1.0,1.0,4.0,0.0
Darwin Machís,Cádiz,s2324,Not Available,782.0,4.0,0.0,0.0,1.0
Darwin Machís,Granada,s2122,Forward,1381.0,4.0,2.0,2.0,0.0
Darwin Machís,Valladolid,s2223,   AM(LR),366.0,0.0,1.0,1.0,0.0
Darwin Machís,Valladolid,s2425,LM,57.0,0.0,0.0,0.0,0.0
Darío Benedetto,Unknown,s2122,Unknown,0.0,0.0,0.0,0.0,0.0
Darío Poveda,Huesca,s2122,Forward,788.0,2.0,0.0,1.0,0.0
Darío Ramos,Osasuna,s2122,Goalkeeper,0.0,0.0,0.0,0.0,0.0
David Alaba,Real Madrid,s2122,Defender,2644.0,2.0,3.0,2.0,0.0
David Alaba,Real Madrid,s2223,   D(CL) M(CL),1546.0,1.0,3.0,3.0,0.0
David Alaba,Real Madrid,s2324,Not Available,1156.0,0.0,1.0,2.0,0.0
David Argüelles,Getafe,s2425,LM,7.0,0.0,0.0,0.0,0.0
David García,Osasuna,s2122,Defender,3105.0,4.0,0.0,8.0,0.0
David García,Osasuna,s2223,   D(C),1942.0,2.0,0.0,7.0,1.0
David García,Osasuna,s2324,Not Available,2336.0,0.0,1.0,5.0,0.0
David Gil,Cádiz,s2122,Goalkeeper,0.0,0.0,0.0,0.0,0.0
David Gil,Cádiz,s2324,Not Available,371.0,0.0,0.0,1.0,0.0
David López,Espanyol,s2122,Midfielder,743.0,0.0,0.0,1.0,0.0
David López,Girona,s2223,   D(C) DMC,1070.0,2.0,1.0,3.0,0.0
David López,Girona,s2324,Not Available,1975.0,3.0,0.0,4.0,0.0
David López,Girona,s2425,CB,90.0,0.0,0.0,0.0,0.0
David Otorbi,Valencia,s2425,LM,14.0,0.0,0.0,0.0,0.0
David Remeseiro Salgueiro,Alavés,s2122,Forward,681.0,0.0,1.0,1.0,0.0
David Silva,Real Sociedad,s2122,Midfielder,1731.0,2.0,4.0,4.0,1.0
David Silva,Real Sociedad,s2223,   M(CLR) FW,1239.0,1.0,3.0,2.0,0.0
David Soria,Getafe,s2122,Goalkeeper,3415.0,0.0,0.0,4.0,0.0
David Soria,Getafe,s2223,   GK,2250.0,0.0,0.0,1.0,0.0
David Soria,Getafe,s2324,Not Available,3414.0,0.0,0.0,3.0,0.0
David Soria,Getafe,s2425,GK,90.0,0.0,0.0,0.0,0.0
David Timor,Huesca,s2122,Midfielder,1307.0,0.0,0.0,6.0,0.0
David Torres,Valladolid,s2223,   Defender,100.0,0.0,0.0,0.0,0.0
David Torres,Valladolid,s2425,CB,9.0,0.0,0.0,0.0,0.0
Denis Cheryshev,Valencia,s2122,Forward,555.0,0.0,1.0,1.0,0.0
Denis Suárez,Celta de Vigo,s2122,Midfielder,2835.0,4.0,6.0,4.0,0.0
Denis Suárez,Espanyol,s2223,   M(CLR),311.0,0.0,0.0,0.0,0.0
Denis Suárez,Villarreal,s2324,Not Available,130.0,0.0,0.0,0.0,0.0
Denis Suárez,Villarreal,s2425,LM,13.0,0.0,0.0,0.0,0.0
Diadie Samassékou,Cádiz,s2324,Not Available,87.0,0.0,0.0,0.0,0.0
Diego,Leganés,s2425,FW,3.0,0.0,0.0,0.0,0.0
Diego Bri,Elche,s2122,Midfielder,0.0,0.0,0.0,0.0,0.0
Diego Carlos Santos Silva,Unknown,s2122,Unknown,0.0,0.0,0.0,0.0,0.0
Diego Conde,Getafe,s2122,Goalkeeper,5.0,0.0,0.0,0.0,0.0
Diego Conde,Villarreal,s2425,GK,90.0,0.0,1.0,0.0,0.0
Diego González,Elche,s2122,Defender,1788.0,0.0,0.0,3.0,1.0
Diego González,Elche,s2223,   D(CL),838.0,0.0,0.0,5.0,0.0
Diego Lainez,Real Betis,s2122,Midfielder,135.0,0.0,0.0,0.0,0.0
Diego Llorente,Real Betis,s2425,CB,90.0,0.0,0.0,0.0,0.0
Diego López,Espanyol,s2122,Goalkeeper,3178.0,0.0,0.0,4.0,0.0
Diego López,Getafe,s2122,Midfielder,0.0,0.0,0.0,0.0,0.0
Diego López,Rayo Vallecano,s2223,   GK,90.0,0.0,0.0,0.0,0.0
Diego López,Valencia,s2122,Forward,0.0,0.0,0.0,0.0,0.0
Diego López,Valencia,s2223,   Forward,9.0,0.0,0.0,0.0,0.0
Diego López,Valencia,s2324,Not Available,2671.0,3.0,6.0,2.0,0.0
Diego López,Valencia,s2425,LM,65.0,0.0,1.0,0.0,0.0
Diego Mariño,Almería,s2223,   GK,45.0,0.0,0.0,0.0,0.0
Diego Moreno,Osasuna,s2223,   D(R),532.0,0.0,0.0,0.0,0.0
Diego Méndez,Rayo Vallecano,s2223,   Midfielder,1.0,0.0,0.0,0.0,0.0
Diego Piñeiro del Álamo,Real Madrid,s2122,Goalkeeper,0.0,0.0,0.0,0.0,0.0
Diego Rico,Getafe,s2324,Not Available,2536.0,0.0,7.0,10.0,0.0
Diego Rico,Getafe,s2425,LB,90.0,0.0,0.0,0.0,0.0
Diego Rico,Real Sociedad,s2122,Defender,1646.0,0.0,0.0,4.0,0.0
Diego Rico,Real Sociedad,s2223,   D(CL) M(L),1467.0,0.0,0.0,3.0,0.0
Diego Trueba Chinchurreta,Getafe,s2122,Defender,0.0,0.0,0.0,0.0,0.0
Dimitri Foulquier,Valencia,s2122,Defender,2339.0,0.0,1.0,11.0,0.0
Dimitri Foulquier,Valencia,s2223,   D(CLR) M(R),1019.0,0.0,1.0,3.0,0.0
Dimitri Foulquier,Valencia,s2324,Not Available,1833.0,0.0,0.0,3.0,0.0
Dimitri Foulquier,Valencia,s2425,LM,25.0,0.0,0.0,0.0,0.0
Dinko Horkaš,Las Palmas,s2425,GK,90.0,0.0,0.0,1.0,0.0
Dion Lopy,Almería,s2324,Not Available,1917.0,0.0,0.0,5.0,0.0
Djené Dakonam,Getafe,s2122,Defender,3117.0,0.0,1.0,11.0,1.0
Djené Dakonam,Getafe,s2223,   D(C),1899.0,0.0,1.0,7.0,0.0
Djené Dakonam,Getafe,s2324,Not Available,2490.0,0.0,0.0,12.0,1.0
Djené Dakonam,Getafe,s2425,CB,90.0,0.0,0.0,0.0,0.0
Djibril Sow,Sevilla,s2324,Not Available,1469.0,1.0,1.0,5.0,0.0
Djibril Sow,Sevilla,s2425,"DM,AM",90.0,0.0,0.0,0.0,0.0
Dodi Lukebakio,Sevilla,s2324,Not Available,1124.0,5.0,1.0,0.0,0.0
Dodi Lukebakio,Sevilla,s2425,"LW,RW",73.0,0.0,0.0,0.0,0.0
Domingos André Ribeiro Almeida,Valencia,s2425,FW,65.0,0.0,0.0,0.0,0.0
Domingos Duarte,Getafe,s2223,   D(C),2106.0,0.0,2.0,8.0,1.0
Domingos Duarte,Getafe,s2324,Not Available,905.0,0.0,0.0,3.0,2.0
Domingos Duarte,Getafe,s2425,CB,90.0,0.0,0.0,0.0,0.0
Domingos Quina,Elche,s2223,   M(CL),269.0,0.0,0.0,1.0,1.0
Domingos de Sousa Coutinho Meneses Duarte,Granada,s2122,Defender,1689.0,1.0,0.0,7.0,1.0
Dominik Greif,Mallorca,s2122,Goalkeeper,90.0,0.0,0.0,0.0,0.0
Dominik Greif,Mallorca,s2324,Not Available,90.0,0.0,0.0,0.0,0.0
Dominik Greif,Mallorca,s2425,GK,90.0,0.0,0.0,0.0,0.0
Donny van de Beek,Girona,s2425,FW,10.0,0.0,1.0,0.0,0.0
Dyego Sousa,Almería,s2223,   FW,353.0,0.0,1.0,1.0,0.0
Dídac Vilá,Espanyol,s2122,Defender,197.0,0.0,0.0,3.0,0.0
Eden Hazard,Real Madrid,s2122,Forward,713.0,0.0,1.0,2.0,0.0
Eden Hazard,Real Madrid,s2223,   M(CLR) FW,98.0,0.0,0.0,0.0,0.0
Edgar Badia,Elche,s2122,Goalkeeper,2160.0,0.0,0.0,2.0,0.0
Edgar Badia,Elche,s2223,   GK,2250.0,0.0,0.0,2.0,0.0
Edgar González,Almería,s2324,Not Available,2528.0,2.0,0.0,5.0,1.0
Edgar González,Real Betis,s2122,Midfielder,1457.0,1.0,1.0,6.0,0.0
Edgar González,Real Betis,s2223,   D(C) DMC,1144.0,0.0,0.0,4.0,1.0
Edgar Méndez,Alavés,s2122,Forward,1614.0,1.0,1.0,6.0,0.0
Edinson Cavani,Valencia,s2223,   AM(LR) FW,957.0,5.0,1.0,4.0,0.0
Edu Expósito,Espanyol,s2223,   M(C),958.0,2.0,2.0,3.0,0.0
Eduardo Camavinga,Real Madrid,s2122,Midfielder,1229.0,2.0,1.0,9.0,0.0
Eduardo Camavinga,Real Madrid,s2223,   D(L) DMC,1267.0,0.0,1.0,4.0,0.0
Eduardo Camavinga,Real Madrid,s2324,Not Available,1824.0,0.0,2.0,9.0,0.0
Eduardo Camavinga,Real Madrid,s2425,CM,70.0,0.0,0.0,0.0,0.0
El Bilal Touré,Almería,s2223,   FW,1180.0,6.0,2.0,0.0,0.0
Endrick,Real Madrid,s2425,FW,5.0,1.0,0.0,0.0,0.0
Enes Ünal,Getafe,s2122,Forward,2809.0,16.0,1.0,8.0,0.0
Enes Ünal,Getafe,s2223,   FW,2190.0,12.0,3.0,4.0,0.0
Enes Ünal,Getafe,s2324,Not Available,138.0,0.0,1.0,0.0,0.0
Enis Bardhi,Levante,s2122,Midfielder,1700.0,3.0,3.0,3.0,0.0
Enric Franquesa,Leganés,s2425,LW,90.0,0.0,0.0,0.0,0.0
Enric Franquesa,Levante,s2122,Midfielder,616.0,0.0,0.0,1.0,0.0
Enrique Barja,Osasuna,s2324,Not Available,293.0,0.0,0.0,3.0,0.0
Enrique Barja Alfonso,Osasuna,s2122,Forward,863.0,2.0,0.0,2.0,0.0
Enrique García Martínez,Osasuna,s2122,Forward,1857.0,5.0,1.0,2.0,0.0
Enrique Gómez Hermoso,Real Betis,s2122,Midfielder,90.0,1.0,0.0,0.0,0.0
Enrique Jesús Salas Valiente,Sevilla,s2122,Defender,0.0,0.0,0.0,0.0,0.0
Enrique Pérez Muñoz,Elche,s2122,Midfielder,518.0,2.0,0.0,1.0,0.0
Enzo Barrenechea,Valencia,s2425,CM,45.0,0.0,0.0,0.0,0.0
Enzo Boyomo,Valladolid,s2425,CB,90.0,0.0,0.0,0.0,0.0
Enzo Loiodice,Las Palmas,s2324,Not Available,1792.0,0.0,1.0,2.0,0.0
Enzo Loiodice,Las Palmas,s2425,DM,68.0,0.0,0.0,0.0,0.0
Enzo Roco,Elche,s2122,Defender,2555.0,1.0,0.0,10.0,0.0
Enzo Roco,Elche,s2223,   D(C),1480.0,0.0,0.0,3.0,1.0
Eray Cömert,Valencia,s2122,Defender,408.0,0.0,0.0,2.0,0.0
Eray Cömert,Valencia,s2223,   D(C),1438.0,1.0,0.0,4.0,1.0
Eray Cömert,Valladolid,s2425,"CM,CB",81.0,0.0,0.0,0.0,0.0
Eric Bailly,Villarreal,s2324,Not Available,838.0,0.0,0.0,4.0,0.0
Eric Bailly,Villarreal,s2425,CB,90.0,0.0,0.0,0.0,0.0
Eric García,Barcelona,s2122,Defender,2041.0,0.0,0.0,5.0,1.0
Eric García,Barcelona,s2223,   D(C),911.0,1.0,0.0,3.0,0.0
Eric García,Barcelona,s2425,CM,20.0,0.0,0.0,0.0,0.0
Eric García,Girona,s2324,Not Available,2697.0,5.0,0.0,5.0,0.0
Erick Cabaco,Getafe,s2122,Defender,403.0,0.0,1.0,3.0,0.0
Erik Lamela,Sevilla,s2122,Midfielder,1014.0,5.0,2.0,5.0,0.0
Erik Lamela,Sevilla,s2223,   AM(CLR) FW,1301.0,4.0,0.0,6.0,1.0
Erik Lamela,Sevilla,s2324,Not Available,459.0,2.0,0.0,3.0,0.0
Estanislau Pedrola Fortuny,Barcelona,s2122,Forward,10.0,0.0,0.0,0.0,0.0
Esteban Saveljich,Rayo Vallecano,s2122,Defender,1707.0,0.0,0.0,4.0,0.0
Esteban Saveljich,Rayo Vallecano,s2223,   D(C),1.0,0.0,0.0,0.0,0.0
Ezequiel Ponce,Elche,s2122,Forward,662.0,1.0,0.0,1.0,1.0
Ezequiel Ponce,Elche,s2223,   AM(L) FW,986.0,3.0,0.0,2.0,0.0
Ezequiel Ávila,Osasuna,s2122,Forward,1873.0,6.0,1.0,7.0,1.0
Ezequiel Ávila,Osasuna,s2223,   AM(LR) FW,1416.0,7.0,2.0,7.0,1.0
Ezequiel Ávila,Osasuna,s2324,Not Available,1166.0,0.0,3.0,0.0,0.0
Ezequiel Ávila,Real Betis,s2324,Not Available,1166.0,2.0,0.0,5.0,3.0
Ezequiel Ávila,Real Betis,s2425,FW,21.0,0.0,0.0,0.0,0.0
Fabio González,Las Palmas,s2324,Not Available,121.0,0.0,0.0,1.0,0.0
Fabio González,Las Palmas,s2425,CM,45.0,0.0,0.0,0.0,0.0
Fabricio Angileri,Getafe,s2324,Not Available,160.0,0.0,0.0,2.0,1.0
Fabrizio Angileri,Getafe,s2223,   D(L) M(L),544.0,0.0,0.0,2.0,1.0
Facundo Pellistri,Alavés,s2122,Forward,663.0,0.0,0.0,0.0,0.0
Facundo Pellistri,Granada,s2324,Not Available,1220.0,2.0,1.0,0.0,1.0
Faitout Maouassa,Granada,s2324,Not Available,244.0,0.0,1.0,0.0,0.0
Fali,Cádiz,s2223,   D(C) DMC,1277.0,0.0,0.0,5.0,0.0
Fali,Cádiz,s2324,Not Available,2550.0,0.0,0.0,12.0,0.0
Famara Diédhiou,Granada,s2324,Not Available,82.0,0.0,1.0,1.0,0.0
Fede San Emeterio,Cádiz,s2223,   DMC,1091.0,0.0,0.0,7.0,0.0
Federico Fernández,Elche,s2223,   D(C),90.0,0.0,0.0,0.0,0.0
Federico San Emeterio,Cádiz,s2324,Not Available,155.0,1.0,0.0,1.0,1.0
Federico San Emeterio Díaz,Cádiz,s2122,Midfielder,836.0,0.0,0.0,3.0,0.0
Federico Valverde,Real Madrid,s2122,Midfielder,1832.0,0.0,1.0,2.0,0.0
Federico Valverde,Real Madrid,s2223,   M(CLR),1960.0,7.0,2.0,2.0,0.0
Federico Valverde,Real Madrid,s2324,Not Available,2910.0,2.0,7.0,2.0,0.0
Federico Valverde,Real Madrid,s2425,"RM,LM",90.0,0.0,0.0,0.0,0.0
Felipe Augusto de Almeida Monteiro,Atlético Madrid,s2122,Defender,1499.0,2.0,1.0,5.0,1.0
Ferland Mendy,Real Madrid,s2122,Defender,1738.0,2.0,1.0,4.0,0.0
Ferland Mendy,Real Madrid,s2223,   D(L) M(L),1134.0,0.0,1.0,2.0,0.0
Ferland Mendy,Real Madrid,s2324,Not Available,1725.0,0.0,0.0,5.0,0.0
Ferland Mendy,Real Madrid,s2425,LB,89.0,0.0,0.0,0.0,1.0
Fermin López,Barcelona,s2324,Not Available,1444.0,8.0,0.0,2.0,0.0
Fermin López,Barcelona,s2425,AM,28.0,0.0,0.0,1.0,0.0
Fernando Calero,Espanyol,s2122,Defender,1089.0,0.0,0.0,3.0,0.0
Fernando Calero,Espanyol,s2223,   D(C),1228.0,0.0,0.0,3.0,0.0
Fernando Calero,Espanyol,s2425,CB,90.0,0.0,0.0,0.0,0.0
Fernando Francisco Reges,Sevilla,s2122,Midfielder,1850.0,1.0,1.0,6.0,0.0
Fernando Francisco Reges,Sevilla,s2223,   D(C) DMC,1148.0,0.0,0.0,2.0,1.0
Fernando Francisco Reges,Sevilla,s2324,Not Available,459.0,0.0,0.0,0.0,0.0
Fernando Martínez,Almería,s2223,   GK,2116.0,0.0,0.0,2.0,0.0
Fernando Medrano,Celta de Vigo,s2122,Defender,0.0,0.0,0.0,0.0,0.0
Fernando Niño,Mallorca,s2122,Forward,879.0,2.0,0.0,2.0,0.0
Fernando Niño,Villarreal,s2223,   FW,19.0,0.0,0.0,0.0,0.0
Fernando Pacheco,Alavés,s2122,Goalkeeper,3054.0,0.0,0.0,1.0,0.0
Fernando Pacheco,Espanyol,s2223,   GK,360.0,0.0,0.0,0.0,0.0
Ferran Jutglà,Barcelona,s2122,Forward,303.0,1.0,0.0,1.0,0.0
Ferrán Quetglás,Mallorca,s2122,Goalkeeper,0.0,0.0,0.0,0.0,0.0
Ferrán Ruiz,Girona,s2425,DM,18.0,0.0,0.0,0.0,0.0
Ferrán Torres,Barcelona,s2122,Midfielder,1417.0,4.0,4.0,1.0,0.0
Ferrán Torres,Barcelona,s2223,   AM(LR) FW,987.0,2.0,0.0,4.0,1.0
Ferrán Torres,Barcelona,s2324,Not Available,1204.0,7.0,2.0,2.0,0.0
Ferrán Torres,Barcelona,s2425,LW,63.0,0.0,0.0,0.0,0.0
Fidel Chaves de la Torre,Elche,s2122,Forward,2280.0,5.0,6.0,9.0,0.0
Fidel Chaves de la Torre,Elche,s2223,   M(CLR),791.0,1.0,1.0,4.0,0.0
Filip Jörgensen,Villarreal,s2122,Goalkeeper,0.0,0.0,0.0,0.0,0.0
Filip Jörgensen,Villarreal,s2223,   Goalkeeper,90.0,0.0,0.0,0.0,0.0
Filip Jörgensen,Villarreal,s2324,Not Available,3240.0,0.0,0.0,4.0,0.0
Florentino Ibrain Morris Luís,Getafe,s2122,Midfielder,984.0,0.0,1.0,2.0,0.0
Florian Lejeune,Alavés,s2122,Defender,2699.0,0.0,0.0,7.0,1.0
Florian Lejeune,Rayo Vallecano,s2223,   D(C),1941.0,4.0,0.0,4.0,1.0
Florian Lejeune,Rayo Vallecano,s2324,Not Available,3328.0,3.0,1.0,5.0,0.0
Florian Lejeune,Rayo Vallecano,s2425,CB,90.0,0.0,0.0,1.0,0.0
Florin Andone,Cádiz,s2122,Forward,173.0,0.0,0.0,1.0,0.0
Fran Beltrán,Celta de Vigo,s2223,   DMC,2015.0,0.0,1.0,4.0,0.0
Fran Beltrán,Celta de Vigo,s2324,Not Available,2438.0,0.0,0.0,2.0,0.0
Fran Beltrán,Celta de Vigo,s2425,CM,64.0,0.0,0.0,0.0,0.0
Fran Delgado,Real Betis,s2223,   Defender,11.0,0.0,0.0,0.0,0.0
Fran García,Rayo Vallecano,s2223,   D(L),2239.0,0.0,2.0,1.0,0.0
Fran García,Real Madrid,s2425,LB,90.0,0.0,0.0,0.0,0.0
Fran Pérez,Valencia,s2223,   Midfielder,87.0,0.0,0.0,1.0,0.0
Fran Pérez,Valencia,s2324,Not Available,2069.0,1.0,4.0,4.0,0.0
Francis Coquelin,Villarreal,s2122,Midfielder,826.0,2.0,1.0,3.0,0.0
Francis Coquelin,Villarreal,s2223,   M(CLR),746.0,1.0,0.0,2.0,0.0
Francis Coquelin,Villarreal,s2324,Not Available,909.0,0.0,0.0,4.0,0.0
Francisco Alcácer,Villarreal,s2122,Forward,790.0,1.0,3.0,1.0,0.0
Francisco Beltrán,Celta de Vigo,s2122,Midfielder,2608.0,1.0,0.0,4.0,0.0
Francisco Casilla Cortés,Elche,s2122,Goalkeeper,1260.0,0.0,0.0,3.0,0.0
Francisco Delgado,Real Betis,s2122,Defender,0.0,0.0,0.0,0.0,0.0
Francisco Garcia,Real Madrid,s2324,Not Available,1396.0,1.0,5.0,2.0,0.0
Francisco Javier Hidalgo,Levante,s2122,Midfielder,1978.0,1.0,0.0,5.0,1.0
Francisco José García Torres,Rayo Vallecano,s2122,Defender,3027.0,1.0,0.0,4.0,0.0
Francisco Mérida Pérez,Espanyol,s2122,Midfielder,262.0,0.0,0.0,2.0,1.0
Francisco Perez,Valencia,s2425,RM,29.0,0.0,0.0,0.0,0.0
Francisco Portillo,Almería,s2223,   M(CLR),387.0,2.0,0.0,1.0,0.0
Francisco Román Alarcón Suárez,Real Madrid,s2122,Midfielder,323.0,1.0,0.0,1.0,0.0
Francisco Vieites,Real Betis,s2324,Not Available,315.0,0.0,0.0,0.0,0.0
Franck Kessie,Barcelona,s2223,   M(C),582.0,0.0,1.0,4.0,0.0
Franco Cervi,Celta de Vigo,s2122,Forward,1804.0,4.0,3.0,6.0,0.0
Franco Cervi,Celta de Vigo,s2223,   AM(CL),1406.0,0.0,2.0,0.0,1.0
Franco Cervi,Celta de Vigo,s2324,Not Available,537.0,0.0,1.0,2.0,0.0
Franco Cervi,Celta de Vigo,s2425,WB,12.0,0.0,0.0,0.0,0.0
Franco Russo,Mallorca,s2122,Defender,1464.0,1.0,0.0,3.0,2.0
Franco Russo,Mallorca,s2223,   D(C),147.0,0.0,0.0,0.0,0.0
Frenkie de Jong,Barcelona,s2122,Midfielder,2486.0,3.0,3.0,5.0,1.0
Frenkie de Jong,Barcelona,s2223,   D(C) DMC,1693.0,2.0,1.0,2.0,0.0
Frenkie de Jong,Barcelona,s2324,Not Available,1637.0,2.0,0.0,7.0,0.0
Frenkie de Jong,Barcelona,s2425,DM,10.0,0.0,0.0,0.0,0.0
Fábio Silva,Las Palmas,s2425,CM,28.0,0.0,0.0,0.0,0.0
Félix Garreta,Real Betis,s2223,   Defender,90.0,0.0,0.0,0.0,0.0
Gabri Veiga,Celta de Vigo,s2223,   M(C),1440.0,8.0,3.0,4.0,1.0
Gabriel Armando de Abreu,Valencia,s2122,Defender,1596.0,2.0,1.0,2.0,0.0
Gabriel Osei Misehouy,Girona,s2425,"FW,RM",20.0,1.0,0.0,0.0,0.0
Gabriel Paulista,Atlético Madrid,s2324,Not Available,1806.0,0.0,0.0,5.0,0.0
Gabriel Paulista,Valencia,s2223,   D(CR),878.0,1.0,0.0,2.0,1.0
Gabriel Paulista,Valencia,s2324,Not Available,1806.0,0.0,0.0,0.0,1.0
Gabriel Veiga,Celta de Vigo,s2122,Midfielder,102.0,0.0,0.0,0.0,0.0
Gaizka Ayesa,Real Sociedad B,s2122,Goalkeeper,1857.0,0.0,0.0,0.0,0.0
Gaizka Campos,Celta de Vigo,s2122,Goalkeeper,0.0,0.0,0.0,0.0,0.0
Gareth Bale,Real Madrid,s2122,Forward,283.0,1.0,0.0,2.0,0.0
Gastón Álvarez,Getafe,s2122,Defender,0.0,0.0,0.0,0.0,0.0
Gastón Álvarez,Getafe,s2223,   D(L),814.0,2.0,0.0,4.0,1.0
Gastón Álvarez,Getafe,s2324,Not Available,2535.0,2.0,0.0,7.0,0.0
Gavi,Barcelona,s2223,   AM(CL),1632.0,1.0,2.0,5.0,0.0
Gavi,Barcelona,s2324,Not Available,943.0,1.0,1.0,5.0,0.0
Gavi,Barcelona,s2425,DM,8.0,0.0,0.0,0.0,0.0
Geoffrey Kondogbia,Atlético Madrid,s2122,Midfielder,1883.0,1.0,2.0,9.0,2.0
Geoffrey Kondogbia,Atlético Madrid,s2223,   D(C) DMC,960.0,0.0,2.0,4.0,0.0
Gerard Gumbau,Elche,s2122,Midfielder,1889.0,0.0,4.0,8.0,1.0
Gerard Gumbau,Elche,s2223,   DMC,1682.0,0.0,4.0,9.0,0.0
Gerard Gumbau,Granada,s2324,Not Available,2684.0,0.0,3.0,12.0,0.0
Gerard Gumbau,Rayo Vallecano,s2425,CM,45.0,0.0,0.0,0.0,0.0
Gerard Martín,Barcelona,s2425,LB,27.0,0.0,0.0,0.0,0.0
Gerard Moreno,Villarreal,s2122,Forward,1194.0,9.0,3.0,2.0,0.0
Gerard Moreno,Villarreal,s2223,   AM(CR) FW,1034.0,6.0,2.0,4.0,0.0
Gerard Moreno,Villarreal,s2324,Not Available,2229.0,10.0,6.0,0.0,0.0
Gerard Moreno,Villarreal,s2425,FW,70.0,0.0,0.0,0.0,0.0
Gerard Piqué,Barcelona,s2122,Defender,2095.0,1.0,0.0,8.0,1.0
Gerard Piqué,Barcelona,s2223,   D(C),383.0,0.0,0.0,3.0,1.0
Germán Pezzella,Real Betis,s2122,Defender,1991.0,1.0,0.0,5.0,1.0
Germán Pezzella,Real Betis,s2223,   D(C),1702.0,0.0,0.0,2.0,2.0
Germán Pezzella,Real Betis,s2324,Not Available,2770.0,1.0,0.0,7.0,0.0
Germán Sánchez,Granada,s2122,Defender,2296.0,2.0,1.0,9.0,1.0
Germán Valera,Real Sociedad,s2122,Forward,49.0,0.0,0.0,0.0,0.0
Germán Valera,Valencia,s2425,RM,12.0,0.0,0.0,0.0,0.0
Gerónimo Rulli,Villarreal,s2122,Goalkeeper,2880.0,0.0,0.0,2.0,0.0
Giorgi Gagua,Alavés,s2122,Forward,0.0,0.0,0.0,0.0,0.0
Giorgi Kochorashvili,Levante,s2122,Midfielder,0.0,0.0,0.0,0.0,0.0
Giorgi Mamardashvili,Valencia,s2122,Goalkeeper,1620.0,0.0,0.0,2.0,0.0
Giorgi Mamardashvili,Valencia,s2223,   GK,2250.0,0.0,0.0,2.0,0.0
Giorgi Mamardashvili,Valencia,s2324,Not Available,3285.0,0.0,0.0,3.0,1.0
Giorgi Mamardashvili,Valencia,s2425,GK,90.0,0.0,0.0,0.0,0.0
Giovani Lo Celso,Real Betis,s2425,AM,30.0,0.0,0.0,0.0,0.0
Giovani Lo Celso,Unknown,s2122,Unknown,0.0,0.0,0.0,0.0,0.0
Giovani Lo Celso,Villarreal,s2223,   M(CR) FW,531.0,1.0,0.0,2.0,0.0
Giovanni González,Mallorca,s2122,Defender,363.0,1.0,0.0,1.0,0.0
Giovanni González,Mallorca,s2223,   D(R),702.0,0.0,2.0,4.0,0.0
Giovanni González,Mallorca,s2324,Not Available,2463.0,1.0,1.0,7.0,0.0
Giuliano Simeone,Alavés,s2324,Not Available,628.0,1.0,2.0,1.0,0.0
Giuliano Simeone,Atlético Madrid,s2122,Forward,1.0,0.0,0.0,0.0,0.0
Giuliano Simeone,Atlético Madrid,s2425,AM,7.0,0.0,0.0,0.0,0.0
Goncalo Guedes,Villarreal,s2324,Not Available,951.0,3.0,2.0,0.0,0.0
Gonzalo Escalante,Alavés,s2122,Midfielder,1305.0,5.0,0.0,6.0,1.0
Gonzalo Escalante,Cádiz,s2223,DMC,543.0,2.0,0.0,2.0,0.0
Gonzalo Escalante,Cádiz,s2324,Not Available,1702.0,1.0,2.0,2.0,1.0
Gonzalo Garcia,Real Madrid,s2324,Not Available,17.0,0.0,0.0,0.0,0.0
Gonzalo Melero,Almería,s2223,   M(C) FW,1095.0,2.0,3.0,3.0,0.0
Gonzalo Melero,Almería,s2324,Not Available,1093.0,1.0,1.0,3.0,0.0
Gonzalo Melero,Levante,s2122,Midfielder,1696.0,7.0,2.0,5.0,0.0
Gonzalo Montiel,Sevilla,s2122,Defender,1068.0,1.0,2.0,7.0,0.0
Gonzalo Montiel,Sevilla,s2223,   D(CR) M(R),956.0,0.0,1.0,5.0,1.0
Gonzalo Montiel,Sevilla,s2425,"LM,FW",1.0,0.0,0.0,0.0,0.0
Gonzalo Plata,Valladolid,s2223,   AM(R),1328.0,0.0,4.0,0.0,0.0
Gonzalo Verdú,Elche,s2122,Defender,1387.0,0.0,0.0,11.0,0.0
Gonzalo Verdú,Elche,s2223,   D(C),546.0,1.0,0.0,0.0,2.0
Gonzalo Villar,Getafe,s2122,Midfielder,291.0,0.0,1.0,0.0,0.0
Gonzalo Villar,Getafe,s2223,   DMC,206.0,0.0,0.0,2.0,0.0
Gonzalo Villar,Granada,s2324,Not Available,1785.0,1.0,3.0,7.0,0.0
Gonçalo Manuel Ganchinho Guedes,Valencia,s2122,Midfielder,2613.0,11.0,6.0,3.0,0.0
Gonçalo Paciência,Celta de Vigo,s2223,   FW,400.0,1.0,0.0,2.0,1.0
Gorka Guruzeta,Athletic Club,s2223,   FW,664.0,5.0,0.0,1.0,0.0
Gorka Guruzeta,Athletic Club,s2324,Not Available,2240.0,14.0,5.0,2.0,0.0
Gorka Guruzeta,Athletic Club,s2425,FW,90.0,0.0,1.0,0.0,0.0
Gorka Rivera Alonso,Getafe,s2425,"LM,LB,CB",20.0,0.0,0.0,0.0,0.0
Gregorio Gracia Sánchez,Espanyol,s2122,Defender,8.0,0.0,0.0,1.0,0.0
Guido Carrillo,Elche,s2122,Forward,1157.0,2.0,0.0,3.0,0.0
Guido Rodríguez,Real Betis,s2122,Midfielder,2533.0,1.0,2.0,7.0,1.0
Guido Rodríguez,Real Betis,s2223,   DMC,1708.0,0.0,0.0,6.0,0.0
Guido Rodríguez,Real Betis,s2324,Not Available,1849.0,2.0,0.0,6.0,0.0
Guillem Jaime,Barcelona,s2122,Defender,0.0,0.0,0.0,0.0,0.0
Haissem Hassan,Villarreal,s2223,   Forward,23.0,0.0,0.0,0.0,0.0
Hamari Traoré,Real Sociedad,s2324,Not Available,2296.0,0.0,2.0,7.0,0.0
Hamari Traoré,Real Sociedad,s2425,RB,74.0,0.0,0.0,0.0,0.0
Hannibal Mejbri,Sevilla,s2324,Not Available,101.0,0.0,0.0,2.0,0.0
Haris Seferovic,Celta de Vigo,s2223,   AM(LR) FW,257.0,1.0,0.0,1.0,0.0
Helibelton Palacios,Elche,s2223,   D(CR),1530.0,0.0,0.0,6.0,0.0
Helibelton Palacios Zapata,Elche,s2122,Defender,1931.0,0.0,0.0,6.0,0.0
Hernâni Jorge Santos Fortes,Las Palmas,s2122,Forward,91.0,0.0,0.0,0.0,0.0
Houboulang Mendes,Almería,s2223,   D(CR),742.0,0.0,1.0,1.0,0.0
Houboulang Mendes,Almería,s2324,Not Available,396.0,0.0,0.0,0.0,0.0
Hugo Duro,Valencia,s2122,Forward,1844.0,7.0,1.0,2.0,1.0
Hugo Duro,Valencia,s2223,   AM(L) FW,895.0,1.0,0.0,4.0,0.0
Hugo Duro,Valencia,s2324,Not Available,2994.0,13.0,2.0,4.0,0.0
Hugo Duro,Valencia,s2425,FW,90.0,1.0,0.0,0.0,0.0
Hugo González,Valencia,s2122,Midfielder,0.0,0.0,0.0,0.0,0.0
Hugo González,Valencia,s2324,Not Available,79.0,0.0,1.0,0.0,0.0
Hugo Guillamón,Valencia,s2122,Defender,2366.0,1.0,0.0,8.0,2.0
Hugo Guillamón,Valencia,s2223,   D(C) DMC,1435.0,1.0,4.0,5.0,0.0
Hugo Guillamón,Valencia,s2324,Not Available,1305.0,1.0,0.0,6.0,0.0
Hugo Guillamón,Valencia,s2425,CM,5.0,0.0,0.0,0.0,0.0
Hugo Mallo,Celta de Vigo,s2122,Defender,1828.0,1.0,1.0,3.0,2.0
Hugo Mallo,Celta de Vigo,s2223,   D(CR) M(R),1389.0,0.0,0.0,5.0,0.0
Hugo Novoa,Alavés,s2425,RW,33.0,0.0,0.0,0.0,0.0
Hugo Sotelo,Celta de Vigo,s2122,Midfielder,1.0,0.0,0.0,0.0,0.0
Hugo Sotelo,Celta de Vigo,s2223,   Midfielder,17.0,0.0,0.0,0.0,0.0
Hugo Sotelo,Celta de Vigo,s2324,Not Available,718.0,0.0,1.0,1.0,0.0
Hugo Sotelo,Celta de Vigo,s2425,CM,15.0,0.0,0.0,0.0,0.0
Hugo Álvarez,Celta de Vigo,s2122,Midfielder,10.0,0.0,0.0,0.0,0.0
Hugo Álvarez,Celta de Vigo,s2324,Not Available,763.0,1.0,1.0,1.0,0.0
Hugo Álvarez,Celta de Vigo,s2425,WB,90.0,0.0,1.0,0.0,0.0
Héctor Bellerín,Real Betis,s2122,Defender,1979.0,0.0,2.0,2.0,1.0
Héctor Bellerín,Real Betis,s2324,Not Available,1714.0,0.0,1.0,0.0,1.0
Héctor Bellerín,Real Betis,s2425,RB,29.0,0.0,1.0,0.0,0.0
Héctor Fort,Barcelona,s2324,Not Available,320.0,0.0,2.0,0.0,0.0
Héctor Fort,Barcelona,s2425,RB,30.0,0.0,0.0,0.0,0.0
Héctor Herrera,Atlético Madrid,s2122,Midfielder,852.0,0.0,0.0,4.0,0.0
Hélder Wander Sousa de Azevedo e Costa,Valencia,s2122,Midfielder,1117.0,0.0,1.0,3.0,0.0
Iago Aspas,Celta de Vigo,s2122,Forward,3093.0,18.0,6.0,8.0,0.0
Iago Aspas,Celta de Vigo,s2223,   AM(CR) FW,2108.0,11.0,3.0,3.0,0.0
Iago Aspas,Celta de Vigo,s2324,Not Available,2715.0,9.0,10.0,6.0,1.0
Iago Aspas,Celta de Vigo,s2425,AM,90.0,1.0,0.0,1.0,0.0
Ianis Hagi,Alavés,s2324,Not Available,798.0,0.0,2.0,3.0,0.0
Ibrahima Koné,Almería,s2324,Not Available,275.0,0.0,0.0,0.0,0.0
Ibrahima Kébé,Girona,s2324,Not Available,7.0,0.0,0.0,1.0,0.0
Ibrahima Vaniel Cámara Silva,Atlético Madrid,s2122,Defender,0.0,0.0,0.0,0.0,0.0
Iddrisu Baba,Almería,s2324,Not Available,1424.0,0.0,0.0,5.0,0.0
Iddrisu Baba,Mallorca,s2122,Midfielder,1943.0,1.0,1.0,9.0,0.0
Iddrisu Baba,Mallorca,s2223,   DMC,1089.0,0.0,0.0,4.0,0.0
Ignacio Peña Sotorres,Barcelona,s2122,Goalkeeper,0.0,0.0,0.0,0.0,0.0
Ignacio Quintana Navarro,Sevilla,s2122,Midfielder,0.0,0.0,0.0,0.0,0.0
Ignacio Vidal Miralles,Osasuna,s2122,Defender,2906.0,0.0,1.0,9.0,0.0
Ignasi Miquel,Granada,s2324,Not Available,2991.0,1.0,1.0,5.0,0.0
Ignasi Miquel,Huesca,s2122,Defender,2902.0,4.0,0.0,8.0,1.0
Igor Zubeldia,Real Sociedad,s2122,Midfielder,1648.0,0.0,1.0,7.0,0.0
Igor Zubeldia,Real Sociedad,s2223,   D(C) DMC,1619.0,1.0,1.0,4.0,0.0
Igor Zubeldia,Real Sociedad,s2324,Not Available,2523.0,0.0,2.0,11.0,1.0
Igor Zubeldia,Real Sociedad,s2425,CB,80.0,0.0,0.0,1.0,0.0
Iker Almena,Girona,s2425,"WB,LW",25.0,0.0,1.0,0.0,0.0
Iker Benito,Osasuna,s2122,Forward,116.0,0.0,0.0,1.0,0.0
Iker Benito,Osasuna,s2425,LW,23.0,0.0,0.0,0.0,0.0
Iker Losada,Real Betis,s2425,AM,8.0,0.0,0.0,0.0,0.0
Iker Muniain,Athletic Club,s2122,Forward,2802.0,4.0,10.0,3.0,0.0
Iker Muniain,Athletic Club,s2223,   AM(CLR),1296.0,0.0,3.0,2.0,0.0
Iker Muniain,Athletic Club,s2324,Not Available,585.0,2.0,0.0,1.0,0.0
Iker Muñoz,Osasuna,s2223,   Midfielder,20.0,0.0,0.0,0.0,0.0
Iker Muñoz,Osasuna,s2324,Not Available,1856.0,4.0,0.0,5.0,0.0
Iker Muñoz,Osasuna,s2425,RM,45.0,0.0,0.0,0.0,0.0
Iker Recio,Rayo Vallecano,s2122,Defender,0.0,0.0,0.0,0.0,0.0
Iker Álvarez de Eulate Molne,Villarreal,s2122,Goalkeeper,0.0,0.0,0.0,0.0,0.0
Ilaix Moriba,Celta de Vigo,s2425,CM,26.0,0.0,0.0,0.0,0.0
Ilaix Moriba,Getafe,s2324,Not Available,606.0,0.0,2.0,3.0,1.0
Ilaix Moriba,Valencia,s2223,   M(C),742.0,0.0,1.0,2.0,1.0
Ilias Akhomach,Barcelona,s2122,Forward,125.0,0.0,0.0,0.0,0.0
Ilias Akhomach,Villarreal,s2324,Not Available,1511.0,2.0,2.0,4.0,0.0
Ilias Akhomach,Villarreal,s2425,RM,20.0,0.0,0.0,0.0,0.0
Ilkay Gündogan,Barcelona,s2324,Not Available,2997.0,5.0,9.0,5.0,0.0
Imanol Garcia de Albeniz,Athletic Club,s2324,Not Available,523.0,0.0,0.0,2.0,0.0
Irvin Cardona,Espanyol,s2425,"FW,LM",34.0,0.0,0.0,1.0,0.0
Isaac Carcelén,Cádiz,s2122,Defender,1545.0,0.0,1.0,2.0,0.0
Isaac Carcelén,Cádiz,s2324,Not Available,2609.0,0.0,0.0,2.0,0.0
Isaac Palazón,Rayo Vallecano,s2122,Midfielder,2298.0,2.0,4.0,7.0,0.0
Isaac Palazón Camacho,Rayo Vallecano,s2425,"FW,RW",90.0,0.0,0.0,0.0,0.0
Isaac Romero,Sevilla,s2324,Not Available,1050.0,4.0,4.0,2.0,0.0
Isaac Romero,Sevilla,s2425,FW,82.0,0.0,1.0,0.0,0.0
Isco,Real Betis,s2324,Not Available,2338.0,8.0,5.0,10.0,0.0
Isco,Sevilla,s2223,   M(CLR) FW,803.0,0.0,2.0,5.0,0.0
Isi Palazón,Rayo Vallecano,s2223,   AM(R),1940.0,5.0,5.0,4.0,0.0
Isi Palazón,Rayo Vallecano,s2324,Not Available,2810.0,4.0,1.0,8.0,0.0
Ismael Ruiz,Granada,s2122,Midfielder,282.0,0.0,0.0,1.0,0.0
Israel Domínguez,Sevilla,s2425,LW,18.0,0.0,0.0,0.0,0.0
Ivan Rakitic,Sevilla,s2122,Midfielder,2185.0,4.0,6.0,5.0,0.0
Ivan Rakitic,Sevilla,s2223,   M(C),1159.0,1.0,2.0,3.0,1.0
Ivan Rakitic,Sevilla,s2324,Not Available,1425.0,2.0,1.0,6.0,0.0
Ivan Saponjic,Unknown,s2122,Unknown,0.0,0.0,0.0,0.0,0.0
Ivo Grbic,Atlético Madrid,s2223,   GK,207.0,0.0,0.0,1.0,0.0
Iván Alejo,Cádiz,s2122,Midfielder,1068.0,2.0,2.0,7.0,0.0
Iván Alejo,Cádiz,s2223,   AM(R),824.0,0.0,1.0,7.0,1.0
Iván Alejo,Cádiz,s2324,Not Available,1702.0,0.0,2.0,17.0,0.0
Iván Arboleda,Unknown,s2122,Unknown,0.0,0.0,0.0,0.0,0.0
Iván Balliu,Rayo Vallecano,s2122,Defender,3148.0,1.0,2.0,10.0,1.0
Iván Balliu,Rayo Vallecano,s2223,   D(R) M(R),2183.0,0.0,0.0,5.0,0.0
Iván Balliu,Rayo Vallecano,s2324,Not Available,2876.0,0.0,1.0,4.0,0.0
Iván Balliu,Rayo Vallecano,s2425,RB,11.0,0.0,0.0,0.0,0.0
Iván Chapela,Cádiz,s2122,Midfielder,400.0,0.0,0.0,0.0,0.0
Iván Fresneda,Valladolid,s2223,   D(R),948.0,0.0,0.0,1.0,0.0
Iván Marcone,Elche,s2122,Midfielder,805.0,0.0,0.0,5.0,0.0
Iván Martín,Girona,s2122,Midfielder,962.0,0.0,1.0,0.0,0.0
Iván Martín,Girona,s2223,   Midfielder,605.0,3.0,1.0,0.0,0.0
Iván Martín,Girona,s2324,Not Available,2744.0,5.0,4.0,5.0,0.0
Iván Martín,Girona,s2425,"LM,CM",90.0,0.0,0.0,0.0,0.0
Iván Martínez Gonzálvez,Osasuna,s2122,Forward,16.0,0.0,0.0,0.0,0.0
Iván Romero,Sevilla,s2122,Forward,178.0,0.0,0.0,0.0,0.0
Iván Romero,Sevilla,s2223,   Forward,10.0,0.0,0.0,1.0,0.0
Iván Sanz,Alavés,s2122,Goalkeeper,0.0,0.0,0.0,0.0,0.0
Iván Sánchez,Valladolid,s2223,   AM(CR),947.0,1.0,0.0,0.0,0.0
Iván Sánchez,Valladolid,s2425,RW,21.0,0.0,0.0,1.0,0.0
Iván Villar,Celta de Vigo,s2223,   GK,540.0,0.0,0.0,0.0,0.0
Iván Villar,Celta de Vigo,s2324,Not Available,1015.0,0.0,0.0,0.0,2.0
Iván Villar,Celta de Vigo,s2425,GK,90.0,0.0,0.0,0.0,0.0
Iza Carcelén,Cádiz,s2223,   D(R),1420.0,0.0,1.0,2.0,3.0
Iñaki Peña,Barcelona,s2324,Not Available,900.0,0.0,0.0,0.0,0.0
Iñaki Peña,Barcelona,s2425,GK,46.0,0.0,0.0,0.0,0.0
Iñaki Williams,Athletic Club,s2122,Forward,2786.0,8.0,5.0,4.0,0.0
Iñaki Williams,Athletic Club,s2223,   AM(CLR) FW,1784.0,5.0,2.0,1.0,0.0
Iñaki Williams,Athletic Club,s2324,Not Available,2855.0,12.0,3.0,4.0,0.0
Iñaki Williams,Athletic Club,s2425,RW,90.0,0.0,0.0,0.0,0.0
Iñigo Pérez,Osasuna,s2122,Midfielder,334.0,1.0,0.0,0.0,0.0
Jailson Siqueira,Celta de Vigo,s2324,Not Available,893.0,0.0,1.0,1.0,0.0
Jailson Siqueira,Celta de Vigo,s2425,AM,45.0,0.0,0.0,0.0,0.0
Jaime Mata,Getafe,s2122,Forward,660.0,1.0,0.0,7.0,0.0
Jaime Mata,Getafe,s2223,   FW,43.0,0.0,0.0,3.0,0.0
Jaime Mata,Getafe,s2324,Not Available,1790.0,5.0,1.0,8.0,1.0
Jaime Mata,Las Palmas,s2425,RW,67.0,0.0,0.0,0.0,0.0
Jaime Seoane,Getafe,s2223,   M(C),300.0,0.0,0.0,0.0,0.0
Jakub Jankto,Getafe,s2122,Midfielder,584.0,0.0,2.0,1.0,1.0
James Rodríguez,Rayo Vallecano,s2425,LW,4.0,0.0,0.0,0.0,0.0
Jan Oblak,Atlético Madrid,s2122,Goalkeeper,3420.0,0.0,0.0,1.0,0.0
Jan Oblak,Atlético Madrid,s2223,   GK,2043.0,0.0,0.0,1.0,0.0
Jan Oblak,Atlético Madrid,s2324,Not Available,3420.0,0.0,0.0,1.0,0.0
Jan Oblak,Atlético Madrid,s2425,GK,90.0,0.0,0.0,0.0,0.0
Jasper Cillessen,Las Palmas,s2425,GK,90.0,0.0,0.0,0.0,0.0
Jasper Cillessen,Valencia,s2122,Goalkeeper,1458.0,0.0,1.0,1.0,0.0
Jaume Costa,Mallorca,s2122,Defender,1830.0,0.0,4.0,5.0,1.0
Jaume Costa,Mallorca,s2223,   D(LR) M(L),1791.0,0.0,1.0,7.0,0.0
Jaume Costa,Mallorca,s2324,Not Available,1681.0,0.0,1.0,7.0,0.0
Jaume Doménech,Valencia,s2122,Goalkeeper,342.0,0.0,0.0,2.0,0.0
Jaume Grau,Zaragoza,s2122,Midfielder,734.0,2.0,0.0,4.0,0.0
Javi Galán,Atlético Madrid,s2425,LB,16.0,0.0,1.0,0.0,0.0
Javi Galán,Celta de Vigo,s2223,   D(L) M(L),2170.0,0.0,2.0,2.0,0.0
Javi Galán,Real Sociedad,s2324,Not Available,1159.0,0.0,1.0,4.0,0.0
Javi Hernández,Girona,s2223,   D(L),588.0,1.0,1.0,2.0,0.0
Javi Hernández,Leganés,s2425,LB,90.0,0.0,1.0,0.0,0.0
Javi Llabrés,Mallorca,s2223,   Forward,16.0,0.0,0.0,0.0,0.0
Javi Llabrés,Mallorca,s2324,Not Available,235.0,1.0,0.0,1.0,0.0
Javi López,Alavés,s2324,Not Available,2387.0,1.0,3.0,3.0,0.0
Javi López,Real Sociedad,s2425,LB,90.0,0.0,0.0,0.0,0.0
Javi Martínez,Osasuna,s2425,DM,6.0,0.0,0.0,0.0,0.0
Javi Martón,Athletic Club,s2425,FW,20.0,0.0,0.0,0.0,0.0
Javi Puado,Espanyol,s2425,FW,90.0,0.0,0.0,0.0,0.0
Javi Rodríguez,Celta de Vigo,s2425,WB,45.0,0.0,0.0,0.0,0.0
Javi Sánchez,Valladolid,s2223,   D(C),1689.0,1.0,0.0,9.0,0.0
Javi Sánchez,Valladolid,s2425,CB,61.0,0.0,0.0,0.0,0.0
Javier Castro,Celta de Vigo,s2122,Defender,0.0,0.0,0.0,0.0,0.0
Javier Díaz,Sevilla,s2122,Goalkeeper,90.0,0.0,0.0,0.0,0.0
Javier Galán Gil,Celta de Vigo,s2122,Midfielder,3300.0,0.0,3.0,9.0,0.0
Javier Guerra,Valencia,s2122,Midfielder,0.0,0.0,0.0,0.0,0.0
Javier Guerra,Valencia,s2324,Not Available,2502.0,4.0,1.0,3.0,1.0
Javier Guerra,Valencia,s2425,CM,85.0,0.0,0.0,0.0,0.0
Javier Hernández,Cádiz,s2324,Not Available,2517.0,1.0,2.0,10.0,0.0
Javier Llabrés Expósito,Mallorca,s2122,Forward,129.0,0.0,0.0,0.0,0.0
Javier López,Alavés,s2122,Defender,458.0,0.0,0.0,2.0,0.0
Javier Manquillo,Celta de Vigo,s2324,Not Available,746.0,0.0,1.0,3.0,0.0
Javier Manquillo,Celta de Vigo,s2425,CB,45.0,0.0,0.0,0.0,0.0
Javier Martínez,Osasuna,s2122,Midfielder,868.0,1.0,1.0,1.0,0.0
Javier Muñoz,Las Palmas,s2324,Not Available,2646.0,2.0,3.0,6.0,0.0
Javier Muñoz,Las Palmas,s2425,"AM,DM",90.0,0.0,1.0,0.0,0.0
Javier Ontiveros,Fuenlabrada,s2122,Forward,1163.0,1.0,5.0,7.0,0.0
Javier Pastore,Elche,s2122,Midfielder,523.0,0.0,0.0,2.0,1.0
Javier Pastore,Elche,s2223,   AM(CLR),4.0,0.0,0.0,0.0,0.0
Javier Puado,Espanyol,s2122,Midfielder,2255.0,4.0,1.0,5.0,0.0
Javier Puado,Espanyol,s2223,   AM(LR) FW,1478.0,3.0,1.0,3.0,0.0
Javier Serrano Martínez,Atlético Madrid,s2122,Midfielder,66.0,0.0,0.0,1.0,1.0
Jawad El Yamiq,Valladolid,s2223,   D(C),922.0,0.0,0.0,0.0,1.0
Jeison Murillo,Celta de Vigo,s2122,Defender,1116.0,0.0,0.0,5.0,1.0
Jens Jønsson,Cádiz,s2122,Midfielder,1312.0,0.0,1.0,3.0,0.0
Jeremías Ledesma,Cádiz,s2122,Goalkeeper,3420.0,0.0,0.0,4.0,0.0
Jeremías Ledesma,Cádiz,s2223,   GK,2250.0,0.0,0.0,1.0,0.0
Jeremías Ledesma,Cádiz,s2324,Not Available,3049.0,0.0,0.0,0.0,0.0
Jesus Lopez,Elche,s2122,Goalkeeper,0.0,0.0,0.0,0.0,0.0
Jesus Rodríguez,Real Betis,s2425,"RW,LW",82.0,0.0,0.0,0.0,0.0
Jesús Areso,Osasuna,s2122,Defender,188.0,0.0,0.0,1.0,0.0
Jesús Areso,Osasuna,s2324,Not Available,2661.0,1.0,6.0,3.0,0.0
Jesús Areso,Osasuna,s2425,RB,90.0,0.0,0.0,0.0,0.0
Jesús Corona,Sevilla,s2122,Forward,1161.0,2.0,4.0,2.0,0.0
Jesús Corona,Sevilla,s2223,   D(R) M(CLR) FW,63.0,0.0,0.0,0.0,0.0
Jesús Fernández Saez,Sevilla,s2122,Forward,388.0,0.0,1.0,0.0,0.0
Jesús Navas,Sevilla,s2122,Defender,1788.0,0.0,3.0,4.0,0.0
Jesús Navas,Sevilla,s2223,   D(R) M(R),1295.0,0.0,0.0,3.0,0.0
Jesús Navas,Sevilla,s2324,Not Available,2010.0,0.0,2.0,6.0,1.0
Jesús Navas,Sevilla,s2425,RW,17.0,0.0,0.0,0.0,0.0
Jesús Owono,Alavés,s2122,Goalkeeper,90.0,0.0,0.0,0.0,0.0
Jesús Owono,Alavés,s2324,Not Available,360.0,0.0,0.0,1.0,0.0
Jesús Santiago,Getafe,s2324,Not Available,657.0,1.0,0.0,4.0,0.0
Jesús Santiago,Getafe,s2425,CM,12.0,0.0,0.0,0.0,0.0
Jesús Santiago,Unknown,s2122,Unknown,0.0,0.0,0.0,0.0,0.0
Jesús Vallejo,Granada,s2324,Not Available,106.0,0.0,0.0,1.0,0.0
Jesús Vallejo,Real Madrid,s2122,Defender,342.0,0.0,0.0,1.0,0.0
Jesús Vallejo,Real Madrid,s2425,CB,11.0,0.0,0.0,0.0,0.0
Jesús Vázquez,Valencia,s2122,Defender,812.0,0.0,0.0,0.0,0.0
Jesús Vázquez,Valencia,s2223,   D(L),272.0,0.0,0.0,1.0,0.0
Jesús Vázquez,Valencia,s2324,Not Available,705.0,1.0,0.0,1.0,0.0
Jesús Vázquez,Valencia,s2425,LB,76.0,0.0,0.0,1.0,0.0
Jhon Solis,Girona,s2324,Not Available,369.0,0.0,0.0,0.0,0.0
Jhon Solis,Girona,s2425,CM,25.0,0.0,0.0,0.0,0.0
Joan García,Espanyol,s2122,Goalkeeper,107.0,0.0,0.0,0.0,0.0
Joan García,Espanyol,s2425,GK,90.0,0.0,0.0,0.0,0.0
Joan Jordán,Alavés,s2425,"DM,RW",27.0,0.0,1.0,0.0,0.0
Joan Jordán,Sevilla,s2122,Midfielder,2527.0,0.0,1.0,9.0,0.0
Joan Jordán,Sevilla,s2223,   M(C),1354.0,0.0,1.0,5.0,0.0
Joan Jordán,Sevilla,s2324,Not Available,378.0,0.0,0.0,1.0,0.0
Joan Rojas,Atlético Madrid,s2122,Defender,0.0,0.0,0.0,0.0,0.0
Joan Sastre,Unknown,s2122,Unknown,0.0,0.0,0.0,0.0,0.0
Joao Cancelo,Barcelona,s2324,Not Available,2506.0,2.0,4.0,7.0,0.0
Joao Félix,Barcelona,s2324,Not Available,1542.0,7.0,3.0,3.0,0.0
Joaquin Panichelli,Alavés,s2324,Not Available,222.0,0.0,0.0,0.0,0.0
Joaquín Fernández,Valladolid,s2223,   D(C) DMC,1467.0,1.0,0.0,3.0,0.0
Joaquín José Marín Ruiz,Granada,s2122,Defender,2304.0,0.0,1.0,11.0,0.0
Joaquín Navarro Jiménez,Alavés,s2122,Defender,1350.0,0.0,0.0,4.0,1.0
Joaquín Sánchez Rodríguez,Real Betis,s2122,Forward,455.0,0.0,1.0,0.0,0.0
Joaquín Sánchez Rodríguez,Real Betis,s2223,   M(CLR) FW,263.0,0.0,1.0,2.0,0.0
Joel Robles,Real Betis,s2122,Goalkeeper,0.0,0.0,0.0,0.0,0.0
Joel Roca,Girona,s2223,   Midfielder,65.0,0.0,0.0,1.0,0.0
Jofre Carreras,Espanyol,s2122,Forward,17.0,0.0,1.0,0.0,0.0
Jofre Carreras,Espanyol,s2425,RM,21.0,0.0,0.0,0.0,0.0
Johan Mojica,Elche,s2122,Midfielder,2856.0,2.0,5.0,4.0,0.0
Johan Mojica,Elche,s2223,   D(L) M(L),270.0,0.0,0.0,2.0,0.0
Johan Mojica,Mallorca,s2425,LB,90.0,0.0,0.0,0.0,0.0
Johan Mojica,Osasuna,s2324,Not Available,2041.0,0.0,3.0,1.0,0.0
Johan Mojica,Villarreal,s2223,   D(L) M(L),562.0,0.0,0.0,0.0,0.0
John Chetauya Nwankwo Donald,Elche,s2122,Defender,180.0,0.0,0.0,0.0,0.0
John Donald,Elche,s2223,   D(C),151.0,0.0,0.0,0.0,1.0
John Guidetti,Alavés,s2122,Forward,274.0,0.0,0.0,2.0,0.0
John Joe,Getafe,s2425,LW,6.0,0.0,0.0,0.0,0.0
John Patrick,Getafe,s2122,Midfielder,0.0,0.0,0.0,0.0,0.0
Johnny Cardoso,Real Betis,s2324,Not Available,1331.0,1.0,2.0,3.0,0.0
Johnny Cardoso,Real Betis,s2425,DM,14.0,0.0,0.0,0.0,0.0
Jokin Ezkieta,Athletic Club,s2122,Goalkeeper,0.0,0.0,0.0,0.0,0.0
Jon Ander Olasagasti,Real Sociedad,s2223,   Midfielder,63.0,0.0,0.0,0.0,0.0
Jon Ander Olasagasti,Real Sociedad,s2425,CM,25.0,0.0,0.0,0.0,0.0
Jon Ander Olasagasti,Real Sociedad B,s2122,Midfielder,2770.0,4.0,3.0,5.0,0.0
Jon Aramburu,Real Sociedad,s2324,Not Available,541.0,0.0,0.0,3.0,0.0
Jon Aramburu,Real Sociedad,s2425,RB,16.0,0.0,0.0,1.0,0.0
Jon Bautista,Leganés,s2122,Forward,1157.0,1.0,1.0,4.0,0.0
Jon Guridi,Alavés,s2324,Not Available,2697.0,3.0,4.0,2.0,0.0
Jon Guridi,Alavés,s2425,AM,67.0,0.0,0.0,0.0,0.0
Jon Guridi,Real Sociedad,s2122,Midfielder,200.0,1.0,0.0,0.0,0.0
Jon Karrikaburu,Real Sociedad,s2122,Forward,0.0,0.0,0.0,0.0,0.0
Jon Karrikaburu,Real Sociedad,s2223,   Forward,87.0,0.0,0.0,1.0,0.0
Jon Magunacelaya,Real Sociedad,s2223,   Midfielder,64.0,0.0,0.0,0.0,0.0
Jon Magunacelaya,Real Sociedad,s2425,RM,6.0,0.0,0.0,0.0,0.0
Jon Magunazelaia,Real Sociedad,s2324,Not Available,118.0,0.0,0.0,0.0,0.0
Jon Martin,Real Sociedad,s2425,CB,45.0,0.0,0.0,1.0,0.0
Jon Moncayola,Osasuna,s2122,Midfielder,2921.0,2.0,3.0,3.0,0.0
Jon Moncayola,Osasuna,s2223,   D(R) M(C),1637.0,0.0,0.0,4.0,0.0
Jon Moncayola,Osasuna,s2324,Not Available,1801.0,1.0,3.0,2.0,1.0
Jon Moncayola,Osasuna,s2425,RM,45.0,0.0,0.0,1.0,0.0
Jon Morcillo,Athletic Club,s2223,   AM(L),59.0,0.0,1.0,0.0,0.0
Jon Morcillo,Valladolid,s2122,Forward,229.0,1.0,2.0,0.0,0.0
Jon Olasagasti,Real Sociedad,s2324,Not Available,351.0,0.0,0.0,3.0,0.0
Jon Pacheco,Real Sociedad,s2223,   D(C),767.0,0.0,0.0,2.0,0.0
Jon Pacheco,Real Sociedad,s2324,Not Available,1521.0,1.0,1.0,8.0,0.0
Jon Pacheco,Real Sociedad,s2425,CB,90.0,0.0,0.0,0.0,0.0
Jon Pacheco,Real Sociedad B,s2122,Defender,180.0,0.0,0.0,1.0,0.0
Jonatan Carmona Álamo,Unknown,s2122,Unknown,0.0,0.0,0.0,0.0,0.0
Jonathan Bamba,Celta de Vigo,s2324,Not Available,1993.0,3.0,2.0,0.0,0.0
Jonathan Bamba,Celta de Vigo,s2425,AM,45.0,0.0,0.0,0.0,0.0
Jonathan Gómez,Real Sociedad,s2122,Defender,0.0,0.0,0.0,0.0,0.0
Jonathan Silva,Getafe,s2122,Defender,221.0,0.0,0.0,4.0,0.0
Jonathan Viera,Almería,s2324,Not Available,1541.0,0.0,4.0,2.0,1.0
Jonathan Viera,Las Palmas,s2324,Not Available,1541.0,2.0,0.0,0.0,0.0
Jonás Ramalho,Osasuna,s2122,Defender,245.0,0.0,0.0,0.0,0.0
Jordan Amavi,Getafe,s2223,   D(L) M(L),192.0,0.0,0.0,0.0,1.0
Jordi Alba,Barcelona,s2122,Defender,2648.0,2.0,10.0,11.0,0.0
Jordi Alba,Barcelona,s2223,   D(L) M(L),1002.0,1.0,3.0,2.0,1.0
Jordi Martin,Getafe,s2324,Not Available,574.0,0.0,0.0,1.0,0.0
Jordi Masip,Valladolid,s2223,   GK,1518.0,0.0,0.0,2.0,0.0
Jordi Mboula,Unknown,s2122,Unknown,0.0,0.0,0.0,0.0,0.0
Jorge Andújar Moreno,Levante,s2122,Defender,114.0,1.0,0.0,1.0,0.0
Jorge Carrillo Balea,Celta de Vigo,s2122,Goalkeeper,0.0,0.0,0.0,0.0,0.0
Jorge Cuenca,Getafe,s2122,Defender,2686.0,1.0,0.0,6.0,2.0
Jorge Cuenca,Villarreal,s2223,   D(C),355.0,0.0,0.0,1.0,0.0
Jorge Cuenca,Villarreal,s2324,Not Available,1961.0,3.0,1.0,7.0,0.0
Jorge Herrando,Osasuna,s2324,Not Available,1644.0,0.0,0.0,4.0,0.0
Jorge Herrando,Osasuna,s2425,CB,90.0,0.0,0.0,1.0,0.0
Jorge Meré,Cádiz,s2223,   D(C),2.0,0.0,0.0,0.0,0.0
Jorge Meré,Cádiz,s2324,Not Available,677.0,0.0,0.0,0.0,0.0
Jorge Miramón,Levante,s2122,Midfielder,1975.0,1.0,0.0,5.0,0.0
Jorge Molina,Granada,s2122,Forward,1957.0,10.0,5.0,2.0,0.0
Jorge Moreno,Unknown,s2122,Unknown,0.0,0.0,0.0,0.0,0.0
Jorge Resurrección,Atlético Madrid,s2122,Midfielder,2509.0,1.0,2.0,6.0,0.0
Jorge Ruiz Ojeda,Unknown,s2122,Unknown,0.0,0.0,0.0,0.0,0.0
Jorge Sáenz,Leganés,s2425,CB,90.0,0.0,0.0,1.0,0.0
Jorge de Frutos,Levante,s2122,Midfielder,1766.0,4.0,7.0,4.0,0.0
Jorge de Frutos,Rayo Vallecano,s2324,Not Available,1542.0,2.0,0.0,1.0,0.0
Jorge de Frutos,Rayo Vallecano,s2425,RM,74.0,1.0,0.0,0.0,0.0
Josan,Elche,s2223,   D(R) M(R),433.0,1.0,0.0,3.0,0.0
Jose Ignacio Fernandez Iglesias,Real Madrid,s2122,Defender,1549.0,3.0,0.0,7.0,0.0
Jose Luis Mato Sanmartín,Alavés,s2122,Forward,3126.0,14.0,4.0,0.0,0.0
Joseba Zaldúa,Cádiz,s2223,   D(R),640.0,0.0,1.0,4.0,0.0
Joseba Zaldúa,Cádiz,s2324,Not Available,709.0,0.0,0.0,3.0,0.0
Joseba Zaldúa,Real Sociedad,s2122,Defender,1170.0,0.0,0.0,6.0,0.0
Joselu,Espanyol,s2223,   FW,1909.0,12.0,2.0,3.0,0.0
Joselu,Real Madrid,s2324,Not Available,1676.0,10.0,2.0,1.0,0.0
Josep Antoni Gayá Martinez,Mallorca,s2122,Defender,59.0,0.0,0.0,0.0,0.0
Joseph Aidoo,Celta de Vigo,s2122,Defender,2640.0,0.0,0.0,1.0,0.0
Joseph Aidoo,Celta de Vigo,s2223,   D(C),2234.0,2.0,0.0,4.0,0.0
Joseph Aidoo,Celta de Vigo,s2324,Not Available,407.0,0.0,0.0,0.0,0.0
Joseph Aidoo,Celta de Vigo,s2425,CB,2.0,0.0,0.0,0.0,0.0
José Antonio Ferrández Pomares,Elche,s2122,Midfielder,1197.0,2.0,3.0,2.0,0.0
José Antonio Morente Oliva,Elche,s2122,Midfielder,1634.0,3.0,3.0,4.0,0.0
José Antonio Rodríguez Díaz,Granada,s2122,Midfielder,2270.0,6.0,1.0,4.0,0.0
José Arnáiz,Osasuna,s2324,Not Available,922.0,2.0,1.0,3.0,0.0
José Arnáiz,Osasuna,s2425,RW,15.0,0.0,0.0,0.0,0.0
José Campaña,Las Palmas,s2324,Not Available,166.0,0.0,0.0,0.0,0.0
José Campaña,Las Palmas,s2425,DM,80.0,0.0,0.0,0.0,0.0
José Campaña,Levante,s2122,Midfielder,1428.0,2.0,2.0,6.0,1.0
José Carlos Lazo,Almería,s2223,   Midfielder,19.0,0.0,0.0,0.0,0.0
José Carlos Lazo,Espanyol,s2223,   Midfielder,149.0,1.0,1.0,0.0,0.0
José Copete,Mallorca,s2223,   D(C),1459.0,0.0,0.0,7.0,0.0
José Copete,Mallorca,s2324,Not Available,1335.0,1.0,1.0,7.0,0.0
José Copete,Mallorca,s2425,CM,1.0,0.0,0.0,0.0,0.0
José David Menargues Manzanares,Valencia,s2122,Defender,0.0,0.0,0.0,0.0,0.0
José David Álvarez Adsuar,Levante,s2122,Defender,0.0,0.0,0.0,0.0,0.0
José Fontán,Celta de Vigo,s2122,Defender,273.0,0.0,0.0,3.0,0.0
José García,Levante,s2122,Midfielder,2016.0,0.0,0.0,9.0,0.0
José Gayà,Valencia,s2122,Defender,1874.0,2.0,4.0,7.0,2.0
José Gayà,Valencia,s2223,   D(L) M(L),1636.0,1.0,2.0,4.0,0.0
José Gayà,Valencia,s2324,Not Available,1797.0,1.0,2.0,2.0,0.0
José Giménez,Atlético Madrid,s2122,Defender,2046.0,1.0,1.0,8.0,0.0
José Giménez,Atlético Madrid,s2223,   D(CR),1341.0,1.0,0.0,7.0,0.0
José Giménez,Atlético Madrid,s2324,Not Available,1323.0,0.0,0.0,5.0,0.0
José Gragera,Espanyol,s2223,   Midfielder,215.0,0.0,0.0,1.0,0.0
José Gragera,Espanyol,s2425,CM,77.0,0.0,0.0,0.0,0.0
José Luis Friaza,Unknown,s2122,Unknown,0.0,0.0,0.0,0.0,0.0
José Luis García Vayá,Valencia,s2425,CM,90.0,0.0,0.0,1.0,0.0
José Luis Gayà,Valencia,s2425,LB,25.0,0.0,1.0,0.0,0.0
José Luis Morales,Levante,s2122,Forward,2723.0,13.0,7.0,7.0,0.0
José Luis Morales,Villarreal,s2324,Not Available,1037.0,7.0,0.0,0.0,0.0
José Macías,Unknown,s2122,Unknown,0.0,0.0,0.0,0.0,0.0
José Manuel Cabrera,Villarreal,s2122,Defender,0.0,0.0,0.0,0.0,0.0
José Manuel Calderón,Unknown,s2122,Unknown,0.0,0.0,0.0,0.0,0.0
José Manuel López Sánchez,Levante,s2122,Defender,0.0,0.0,0.0,0.0,0.0
José Manuel Rodríguez Benito,Eibar,s2122,Defender,1117.0,1.0,0.0,5.0,0.0
José Manuel Sánchez Guillén,Valladolid,s2122,Defender,274.0,0.0,0.0,0.0,0.0
José Mari,Cádiz,s2223,   DMC,317.0,0.0,0.0,2.0,0.0
José Mari,Cádiz,s2324,Not Available,12.0,0.0,0.0,1.0,0.0
José Maria Callejon,Granada,s2324,Not Available,794.0,0.0,1.0,2.0,0.0
José María Giménez,Atlético Madrid,s2425,CB,45.0,0.0,0.0,0.0,0.0
José María Martín-Bejarano Serrano,Cádiz,s2122,Midfielder,383.0,0.0,0.0,1.0,1.0
José Morales,Villarreal,s2223,   D(R) M(CLR) FW,954.0,4.0,0.0,1.0,0.0
José Pozo,Unknown,s2122,Unknown,0.0,0.0,0.0,0.0,0.0
José Raúl Gutiérrez Parejo,Elche,s2122,Midfielder,1626.0,0.0,0.0,2.0,1.0
José Sanchez,Granada,s2122,Defender,0.0,0.0,0.0,0.0,0.0
José Ángel Carmona,Elche,s2223,   D(CR) M(R),525.0,1.0,0.0,3.0,1.0
José Ángel Carmona,Getafe,s2324,Not Available,1312.0,1.0,1.0,9.0,0.0
José Ángel Carmona,Sevilla,s2122,Defender,23.0,0.0,0.0,0.0,0.0
José Ángel Carmona,Sevilla,s2223,   D(CR) M(R),529.0,2.0,1.0,4.0,1.0
José Ángel Carmona,Sevilla,s2425,RB,90.0,0.0,0.0,0.0,0.0
José Ángel Pozo,Rayo Vallecano,s2223,   AM(C),79.0,0.0,0.0,0.0,0.0
José Ángel Valdés Díaz,Osasuna,s2122,Defender,1084.0,1.0,1.0,2.0,1.0
João Félix Sequeira,Atlético Madrid,s2122,Forward,1264.0,8.0,4.0,1.0,1.0
Juan Antonio Iglesias,Getafe,s2122,Defender,709.0,0.0,1.0,1.0,0.0
Juan Antonio Iglesias,Getafe,s2425,RB,90.0,0.0,0.0,0.0,0.0
Juan Artola,Athletic Club,s2122,Forward,0.0,0.0,0.0,0.0,0.0
Juan Bernat,Villarreal,s2425,LM,14.0,0.0,0.0,0.0,0.0
Juan Berrocal,Getafe,s2425,CB,89.0,0.0,0.0,0.0,0.0
Juan Brandariz,Almería,s2324,Not Available,2432.0,0.0,1.0,4.0,0.0
Juan Cala,Cádiz,s2223,   D(C),137.0,0.0,0.0,0.0,0.0
Juan Carlos,Girona,s2324,Not Available,0.0,0.0,0.0,1.0,0.0
Juan Carlos Arana Gómez,Villarreal,s2122,Forward,0.0,0.0,0.0,0.0,0.0
Juan Carlos Martín,Girona,s2223,   GK,900.0,0.0,0.0,0.0,0.0
Juan Cruz,Leganés,s2425,RW,62.0,1.0,0.0,0.0,0.0
Juan Cruz,Osasuna,s2223,   D(CL),1532.0,0.0,0.0,6.0,0.0
Juan Cruz,Osasuna,s2324,Not Available,1663.0,0.0,1.0,3.0,0.0
Juan Cruz,Real Betis,s2223,   Midfielder,171.0,1.0,0.0,0.0,0.0
Juan Cruz,Real Betis,s2324,Not Available,71.0,0.0,0.0,0.0,0.0
Juan Cruz Armada,Osasuna,s2425,LB,31.0,0.0,0.0,1.0,0.0
Juan Cruz Álvaro Armado,Osasuna,s2122,Defender,1934.0,0.0,0.0,4.0,0.0
Juan Flere,Cádiz,s2122,Goalkeeper,0.0,0.0,0.0,0.0,0.0
Juan Foyth,Villarreal,s2122,Defender,1932.0,1.0,1.0,4.0,1.0
Juan Foyth,Villarreal,s2223,   D(CR) DMC,1082.0,1.0,0.0,3.0,0.0
Juan Foyth,Villarreal,s2324,Not Available,1063.0,1.0,1.0,1.0,0.0
Juan Herzog,Las Palmas,s2425,CB,90.0,0.0,0.0,0.0,0.0
Juan Iglesias,Getafe,s2223,   D(LR) M(R),1473.0,1.0,0.0,4.0,0.0
Juan Iglesias,Getafe,s2324,Not Available,1413.0,0.0,2.0,4.0,0.0
Juan Luis Sánchez Velasco,Sevilla,s2122,Defender,4.0,0.0,0.0,1.0,0.0
Juan Miguel Jiménez López,Real Betis,s2122,Forward,2145.0,16.0,4.0,5.0,0.0
Juan Miguel Latasa,Real Madrid,s2122,Forward,9.0,0.0,0.0,0.0,0.0
Juan Miranda,Real Betis,s2122,Defender,782.0,0.0,2.0,3.0,0.0
Juan Miranda,Real Betis,s2223,   D(L),538.0,1.0,0.0,0.0,0.0
Juan Miranda,Real Betis,s2324,Not Available,1860.0,1.0,1.0,8.0,0.0
Juan Musso,Atlético Madrid,s2425,GK,90.0,0.0,0.0,0.0,0.0
Juan Pérez,Osasuna,s2122,Goalkeeper,180.0,0.0,0.0,0.0,0.0
Juan Soriano,Leganés,s2425,GK,90.0,0.0,0.0,1.0,0.0
Juan Torres Ruiz,Cádiz,s2122,Defender,945.0,0.0,0.0,7.0,1.0
Juanjo Narváez,Valladolid,s2223,   Forward,147.0,0.0,0.0,0.0,0.0
Juanlu Sánchez,Sevilla,s2324,Not Available,1174.0,0.0,2.0,2.0,0.0
Juanlu Sánchez,Sevilla,s2425,AM,82.0,1.0,0.0,1.0,0.0
Juanma Herzog,Las Palmas,s2324,Not Available,291.0,2.0,0.0,1.0,0.0
Juanmi,Cádiz,s2324,Not Available,872.0,3.0,1.0,3.0,0.0
Juanmi,Real Betis,s2223,   AM(CLR) FW,694.0,4.0,0.0,3.0,0.0
Juanmi,Real Betis,s2425,LW,58.0,0.0,0.0,0.0,0.0
Juanmi Latasa,Getafe,s2223,   Forward,116.0,0.0,0.0,0.0,0.0
Juanmi Latasa,Getafe,s2324,Not Available,1553.0,2.0,0.0,5.0,1.0
Juanmi Latasa,Valladolid,s2425,FW,29.0,0.0,0.0,0.0,0.0
Juanpe,Girona,s2223,   D(C),932.0,0.0,0.0,3.0,0.0
Juanpe,Girona,s2324,Not Available,739.0,0.0,0.0,4.0,0.0
Juanpe,Girona,s2425,CB,90.0,0.0,0.0,1.0,0.0
Jude Bellingham,Real Madrid,s2324,Not Available,2323.0,19.0,6.0,5.0,1.0
Jude Bellingham,Real Madrid,s2425,LM,87.0,0.0,0.0,0.0,0.0
Julen Agirrezabala,Athletic Club,s2122,Goalkeeper,360.0,0.0,0.0,0.0,0.0
Julen Agirrezabala,Athletic Club,s2223,   GK,315.0,0.0,0.0,0.0,0.0
Julen Agirrezabala,Athletic Club,s2324,Not Available,236.0,0.0,0.0,0.0,0.0
Julen Agirrezabala,Athletic Club,s2425,GK,90.0,0.0,0.0,0.0,0.0
Julen Lobete,Real Sociedad,s2122,Forward,276.0,2.0,0.0,0.0,0.0
Jules Koundé,Barcelona,s2223,   D(CR),1393.0,0.0,2.0,1.0,0.0
Jules Koundé,Barcelona,s2324,Not Available,2899.0,1.0,2.0,4.0,0.0
Jules Koundé,Barcelona,s2425,RB,90.0,0.0,0.0,1.0,0.0
Jules Koundé,Sevilla,s2122,Defender,2737.0,2.0,1.0,2.0,2.0
Julian Araujo,Las Palmas,s2324,Not Available,1462.0,1.0,0.0,5.0,0.0
Julián Chicco,Leganés,s2425,AM,17.0,0.0,0.0,0.0,0.0
Julián Álvarez,Atlético Madrid,s2425,FW,13.0,0.0,0.0,0.0,0.0
Junior Wakalible Lago,Huesca,s2122,Forward,331.0,0.0,0.0,0.0,0.0
Justin Kluivert,Valencia,s2223,   AM(LR),882.0,4.0,0.0,2.0,0.0
Justin Smith,Espanyol,s2425,CM,29.0,0.0,0.0,0.0,0.0
Jørgen Strand Larsen,Celta de Vigo,s2223,   FW,1227.0,2.0,3.0,3.0,0.0
Jørgen Strand Larsen,Celta de Vigo,s2324,Not Available,2887.0,13.0,3.0,5.0,0.0
Kaiky,Almería,s2223,   D(C),487.0,0.0,0.0,5.0,0.0
Kaiky,Almería,s2324,Not Available,520.0,1.0,0.0,2.0,0.0
Kamil Jozwiak,Granada,s2324,Not Available,573.0,0.0,1.0,2.0,0.0
Kamil Piatkowski,Granada,s2324,Not Available,506.0,0.0,0.0,1.0,1.0
Kang-In Lee,Mallorca,s2122,Midfielder,1409.0,1.0,2.0,1.0,1.0
Karim Benzema,Real Madrid,s2122,Forward,2596.0,27.0,12.0,0.0,0.0
Karim Benzema,Real Madrid,s2223,   FW,1306.0,11.0,3.0,1.0,0.0
Karim Rekik,Sevilla,s2122,Defender,1094.0,0.0,2.0,2.0,0.0
Karl Jakob Hein,Valladolid,s2425,GK,90.0,0.0,0.0,0.0,0.0
Keidi Bare,Espanyol,s2122,Midfielder,1485.0,1.0,1.0,9.0,0.0
Keidi Bare,Espanyol,s2223,   DMC,328.0,0.0,0.0,0.0,0.0
Kelechi Iheanacho,Sevilla,s2425,FW,14.0,0.0,0.0,0.0,0.0
Kenedy,Valladolid,s2223,   D(L) M(LR),81.0,0.0,0.0,1.0,0.0
Kenedy,Valladolid,s2425,CM,6.0,0.0,0.0,0.0,0.0
Kepa Arrizabalaga,Real Madrid,s2324,Not Available,1197.0,0.0,0.0,1.0,0.0
Kevin Vázquez,Celta de Vigo,s2122,Defender,1331.0,0.0,1.0,3.0,0.0
Kevin Vázquez,Celta de Vigo,s2223,   D(R),178.0,0.0,0.0,0.0,0.0
Kevin Vázquez,Celta de Vigo,s2324,Not Available,706.0,0.0,0.0,3.0,0.0
Kieran Tierney,Real Sociedad,s2324,Not Available,1243.0,0.0,2.0,1.0,0.0
Kike Barja,Osasuna,s2223,   AM(LR),559.0,1.0,2.0,1.0,0.0
Kike García,Alavés,s2324,Not Available,1421.0,3.0,2.0,3.0,0.0
Kike García,Alavés,s2425,FW,79.0,1.0,0.0,0.0,0.0
Kike García,Osasuna,s2223,   FW,737.0,2.0,0.0,3.0,0.0
Kike Pérez,Rayo Vallecano,s2324,Not Available,828.0,1.0,0.0,7.0,0.0
Kike Pérez,Valladolid,s2223,   M(C),1555.0,0.0,2.0,5.0,0.0
Kike Pérez,Valladolid,s2425,CM,81.0,0.0,0.0,0.0,0.0
Kike Salas,Sevilla,s2223,   D(C),370.0,1.0,1.0,1.0,1.0
Kike Salas,Sevilla,s2324,Not Available,1604.0,3.0,0.0,10.0,0.0
Kike Salas,Sevilla,s2425,CB,8.0,0.0,0.0,0.0,0.0
Kiko Femenía,Villarreal,s2223,   D(LR) M(R),897.0,0.0,0.0,0.0,0.0
Kiko Femenía,Villarreal,s2324,Not Available,1579.0,0.0,0.0,6.0,1.0
Kiko Femenía,Villarreal,s2425,RB,90.0,0.0,0.0,0.0,0.0
Kim Minsu,Girona,s2425,RM,19.0,0.0,0.0,0.0,0.0
Kirian Rodríguez,Las Palmas,s2324,Not Available,3217.0,6.0,2.0,7.0,0.0
Kirian Rodríguez,Las Palmas,s2425,DM,90.0,0.0,0.0,0.0,0.0
Koba Koindredi,Valencia,s2122,Midfielder,175.0,0.0,0.0,1.0,0.0
Koke,Atlético Madrid,s2223,   M(CLR),1537.0,0.0,3.0,4.0,0.0
Koke,Atlético Madrid,s2324,Not Available,2502.0,0.0,4.0,5.0,0.0
Koke,Atlético Madrid,s2425,CM,63.0,0.0,0.0,0.0,0.0
Kylian Mbappé,Real Madrid,s2425,FW,90.0,0.0,0.0,0.0,0.0
Kévin Manuel Rodrigues,Rayo Vallecano,s2122,Defender,433.0,0.0,0.0,0.0,0.0
Ladislav Krejčí,Girona,s2425,CB,10.0,0.0,0.0,0.0,0.0
Lago Junior,Mallorca,s2223,   M(L),48.0,0.0,0.0,0.0,0.0
Lamine Yamal,Barcelona,s2324,Not Available,2197.0,5.0,5.0,3.0,0.0
Lamine Yamal,Barcelona,s2425,RW,85.0,0.0,1.0,0.0,0.0
Landry Dimata,Espanyol,s2122,Forward,536.0,0.0,0.0,0.0,0.0
Largie Ramazani,Almería,s2223,   FW,1185.0,3.0,0.0,4.0,0.0
Largie Ramazani,Almería,s2324,Not Available,1560.0,3.0,5.0,7.0,2.0
Lassina Sangare,Valencia,s2122,Midfielder,0.0,0.0,0.0,0.0,0.0
Lautaro Blanco,Elche,s2223,   D(L) M(L),273.0,0.0,1.0,1.0,0.0
Lazar Carevic,Barcelona,s2122,Goalkeeper,0.0,0.0,0.0,0.0,0.0
Leandro Cabrera,Espanyol,s2122,Defender,3330.0,2.0,0.0,7.0,0.0
Leandro Cabrera,Espanyol,s2223,   D(CL),1829.0,0.0,0.0,4.0,2.0
Leandro Cabrera,Espanyol,s2425,CB,90.0,0.0,0.0,0.0,0.0
Lee Kang-In,Mallorca,s2223,   AM(CLR) FW,1873.0,3.0,4.0,6.0,0.0
Lei Wu,Espanyol,s2122,Forward,458.0,1.0,0.0,0.0,0.0
Leo Román,Mallorca,s2425,GK,90.0,0.0,0.0,0.0,0.0
Leonardo Román Riquelme,Mallorca,s2122,Goalkeeper,180.0,0.0,0.0,0.0,0.0
Lisandro Magallán,Elche,s2223,   D(C),404.0,0.0,0.0,0.0,1.0
Lluis Andreu,Elche,s2122,Goalkeeper,0.0,0.0,0.0,0.0,0.0
Lluís Recasens,Espanyol,s2122,Forward,45.0,0.0,0.0,0.0,0.0
Logan Costa,Villarreal,s2425,CB,33.0,0.0,0.0,0.0,0.0
Loren Morón,Real Betis,s2223,   FW,13.0,0.0,0.0,1.0,0.0
Lorenzo Morón,Espanyol,s2122,Forward,555.0,1.0,0.0,0.0,0.0
Loïc Badé,Sevilla,s2223,   D(C),538.0,0.0,0.0,1.0,0.0
Loïc Badé,Sevilla,s2324,Not Available,2283.0,0.0,1.0,5.0,1.0
Loïc Badé,Sevilla,s2425,CB,90.0,0.0,0.0,0.0,0.0
Luca Koleosho,Espanyol,s2122,Forward,1.0,0.0,0.0,0.0,0.0
Luca Zidane,Rayo Vallecano,s2122,Goalkeeper,646.0,0.0,0.0,0.0,1.0
Luca de la Torre,Celta de Vigo,s2223,   M(CL),703.0,0.0,2.0,2.0,0.0
Luca de la Torre,Celta de Vigo,s2324,Not Available,1956.0,1.0,4.0,2.0,1.0
Lucas Boyé,Elche,s2122,Forward,1723.0,7.0,3.0,3.0,0.0
Lucas Boyé,Elche,s2223,   AM(L) FW,1610.0,3.0,2.0,4.0,1.0
Lucas Boyé,Granada,s2324,Not Available,2555.0,6.0,3.0,8.0,1.0
Lucas De Vega Lima,Barcelona,s2122,Forward,0.0,0.0,0.0,0.0,0.0
Lucas Ocampos,Sevilla,s2122,Forward,2124.0,6.0,4.0,7.0,0.0
Lucas Ocampos,Sevilla,s2223,   M(CLR) FW,538.0,1.0,0.0,4.0,0.0
Lucas Ocampos,Sevilla,s2324,Not Available,2885.0,4.0,3.0,9.0,0.0
Lucas Ocampos,Sevilla,s2425,"LW,RW",90.0,0.0,0.0,0.0,0.0
Lucas Olaza,Elche,s2122,Defender,293.0,1.0,0.0,1.0,0.0
Lucas Olaza,Valladolid,s2223,   D(L) M(L),1206.0,0.0,1.0,3.0,0.0
Lucas Oliveira Rosa,Valladolid,s2425,LB,90.0,0.0,0.0,1.0,0.0
Lucas Pires,Cádiz,s2324,Not Available,1527.0,1.0,0.0,6.0,0.0
Lucas Pérez,Cádiz,s2122,Forward,1060.0,3.0,2.0,1.0,0.0
Lucas Pérez,Cádiz,s2223,   AM(CR) FW,623.0,3.0,0.0,2.0,0.0
Lucas Robertone,Almería,s2223,   AM(C),1846.0,1.0,5.0,6.0,0.0
Lucas Robertone,Almería,s2324,Not Available,2391.0,0.0,5.0,11.0,0.0
Lucas Rosa,Valladolid,s2223,   Defender,577.0,0.0,0.0,1.0,0.0
Lucas Torró,Osasuna,s2122,Midfielder,2732.0,1.0,0.0,10.0,0.0
Lucas Torró,Osasuna,s2223,   DMC,1834.0,0.0,0.0,8.0,0.0
Lucas Torró,Osasuna,s2324,Not Available,1788.0,1.0,0.0,5.0,0.0
Lucas Torró,Osasuna,s2425,CM,90.0,0.0,0.0,0.0,0.0
Lucas Vázquez,Real Madrid,s2122,Forward,1835.0,3.0,0.0,3.0,0.0
Lucas Vázquez,Real Madrid,s2223,   D(R) M(R),490.0,2.0,0.0,1.0,0.0
Lucas Vázquez,Real Madrid,s2324,Not Available,1410.0,3.0,6.0,0.0,0.0
Lucas Vázquez,Real Madrid,s2425,RB,4.0,0.0,0.0,0.0,0.0
Lucien Agoume,Sevilla,s2324,Not Available,777.0,0.0,0.0,3.0,0.0
Lucien Agoume,Sevilla,s2425,DM,90.0,0.0,0.0,0.0,0.0
Ludwig Augustinsson,Mallorca,s2223,   D(L) M(L),79.0,0.0,0.0,0.0,0.0
Ludwig Augustinsson,Sevilla,s2122,Defender,789.0,0.0,1.0,3.0,0.0
Luis Abram,Unknown,s2122,Unknown,0.0,0.0,0.0,0.0,0.0
Luis Bilbao,Athletic Club,s2122,Forward,0.0,0.0,0.0,0.0,0.0
Luis Federico López Andúgar,Real Madrid,s2122,Goalkeeper,0.0,0.0,0.0,0.0,0.0
Luis Hernández,Cádiz,s2122,Defender,1365.0,0.0,0.0,5.0,0.0
Luis Hernández,Cádiz,s2223,   D(CR),2070.0,0.0,0.0,4.0,1.0
Luis Hernández,Cádiz,s2324,Not Available,722.0,1.0,0.0,4.0,0.0
Luis Maximiano,Almería,s2324,Not Available,2970.0,0.0,0.0,1.0,0.0
Luis Miguel Cruz Hernández,Sevilla,s2122,Forward,12.0,0.0,0.0,0.0,0.0
Luis Milla,Getafe,s2223,   DMC,1286.0,0.0,0.0,2.0,1.0
Luis Milla,Getafe,s2324,Not Available,2123.0,0.0,1.0,6.0,0.0
Luis Milla,Getafe,s2425,CM,90.0,0.0,1.0,0.0,0.0
Luis Milla,Granada,s2122,Midfielder,2785.0,3.0,3.0,4.0,0.0
Luis Pérez,Valladolid,s2223,   D(R),884.0,0.0,1.0,2.0,0.0
Luis Pérez,Valladolid,s2425,RB,90.0,0.0,0.0,0.0,0.0
Luis Rioja,Alavés,s2122,Midfielder,3126.0,1.0,3.0,3.0,0.0
Luis Rioja,Alavés,s2324,Not Available,2511.0,5.0,4.0,4.0,0.0
Luis Rioja,Alavés,s2425,LW,23.0,0.0,0.0,0.0,0.0
Luis Suárez,Almería,s2223,   AM(L) FW,651.0,2.0,1.0,2.0,0.0
Luis Suárez,Almería,s2324,Not Available,917.0,6.0,0.0,3.0,0.0
Luis Suárez,Atlético Madrid,s2122,Forward,1835.0,11.0,2.0,7.0,0.0
Luis Suárez,Granada,s2122,Forward,2855.0,8.0,4.0,6.0,0.0
Luiz Felipe,Real Betis,s2223,   D(C),1037.0,0.0,0.0,1.0,3.0
Luiz Felipe,Real Betis,s2324,Not Available,360.0,0.0,0.0,1.0,0.0
Luiz Henrique,Real Betis,s2223,   AM(LR),1309.0,1.0,1.0,5.0,0.0
Luiz Henrique,Real Betis,s2324,Not Available,611.0,0.0,3.0,1.0,0.0
Luka Jovic,Real Madrid,s2122,Forward,359.0,1.0,3.0,1.0,0.0
Luka Koleosho,Espanyol,s2223,   Midfielder,22.0,0.0,0.0,0.0,0.0
Luka Modrić,Real Madrid,s2122,Midfielder,2049.0,2.0,8.0,5.0,0.0
Luka Modrić,Real Madrid,s2223,   M(C),1339.0,4.0,3.0,5.0,0.0
Luka Modrić,Real Madrid,s2324,Not Available,1685.0,2.0,6.0,2.0,0.0
Luka Modrić,Real Madrid,s2425,CM,28.0,0.0,0.0,0.0,0.0
Luka Romero,Alavés,s2425,RW,57.0,0.0,0.0,0.0,0.0
Luka Romero,Almería,s2324,Not Available,434.0,3.0,0.0,2.0,0.0
Luka Sučić,Real Sociedad,s2425,FW,8.0,0.0,0.0,0.0,0.0
Luuk de Jong,Barcelona,s2122,Forward,643.0,6.0,0.0,1.0,0.0
Luís Manuel Arantes Maximiano,Granada,s2122,Goalkeeper,3137.0,0.0,0.0,2.0,0.0
Lázaro,Almería,s2223,   FW,262.0,1.0,0.0,0.0,0.0
Lázaro,Almería,s2324,Not Available,274.0,0.0,0.0,0.0,0.0
Léo Baptistão,Almería,s2223,   AM(CLR) FW,1191.0,3.0,2.0,6.0,0.0
Léo Baptistão,Almería,s2324,Not Available,1843.0,6.0,0.0,6.0,1.0
Malcom Adu,Athletic Club,s2223,   Forward,4.0,0.0,0.0,0.0,0.0
Malcom Ares,Athletic Club,s2324,Not Available,258.0,0.0,0.0,2.0,0.0
Mamadou Loum,Alavés,s2122,Midfielder,2317.0,2.0,0.0,9.0,0.0
Mamadou Mbaye,Cádiz,s2324,Not Available,286.0,0.0,0.0,2.0,0.0
Mamadou Sylla,Rayo Vallecano,s2122,Forward,247.0,0.0,0.0,2.0,0.0
Mamadou Sylla,Valladolid,s2425,FW,90.0,0.0,0.0,0.0,0.0
Mamady Diarra,Cádiz,s2223,   Forward,66.0,0.0,0.0,0.0,0.0
Manu Bueno,Sevilla,s2324,Not Available,99.0,0.0,0.0,1.0,0.0
Manu Morlanes,Mallorca,s2223,   DMC,27.0,0.0,0.0,0.0,0.0
Manu Morlanes,Mallorca,s2324,Not Available,1610.0,0.0,2.0,2.0,0.0
Manu Morlanes,Mallorca,s2425,RM,19.0,0.0,0.0,0.0,0.0
Manu Morlanes,Villarreal,s2223,   DMC,159.0,0.0,0.0,0.0,1.0
Manu Sánchez,Alavés,s2425,LB,90.0,0.0,0.0,0.0,0.0
Manu Sánchez,Osasuna,s2223,   D(L),1118.0,0.0,1.0,1.0,0.0
Manu Trigueros,Villarreal,s2223,   M(CLR) FW,462.0,0.0,0.0,2.0,1.0
Manu Vallejo,Girona,s2223,   FW,203.0,0.0,1.0,0.0,0.0
Manuel Agudo Durán,Celta de Vigo,s2122,Forward,1382.0,2.0,0.0,1.0,0.0
Manuel Fuster,Las Palmas,s2425,"DM,LW",22.0,0.0,0.0,0.0,0.0
Manuel García,Alavés,s2122,Forward,1074.0,0.0,1.0,3.0,0.0
Manuel Javier Vallejo Galván,Alavés,s2122,Forward,366.0,1.0,1.0,0.0,0.0
Manuel Lama,Atlético Madrid,s2122,Defender,0.0,0.0,0.0,0.0,0.0
Manuel Morlanes Ariño,Espanyol,s2122,Midfielder,1138.0,2.0,0.0,6.0,1.0
Manuel Navarro,Rayo Vallecano,s2122,Midfielder,0.0,0.0,0.0,0.0,0.0
Manuel Reina,Mallorca,s2122,Goalkeeper,1890.0,0.0,0.0,5.0,1.0
Manuel Sánchez,Celta de Vigo,s2324,Not Available,1777.0,0.0,5.0,3.0,0.0
Manuel Sánchez,Osasuna,s2122,Defender,2258.0,1.0,3.0,5.0,0.0
Manuel Trigueros,Villarreal,s2324,Not Available,299.0,0.0,0.0,0.0,0.0
Manuel Trigueros Muñoz,Villarreal,s2122,Midfielder,2191.0,6.0,4.0,3.0,0.0
Marash Kumbulla,Espanyol,s2425,CB,90.0,0.0,0.0,1.0,0.0
Marc Bartra,Real Betis,s2122,Defender,1994.0,1.0,0.0,5.0,0.0
Marc Bartra,Real Betis,s2324,Not Available,225.0,0.0,0.0,1.0,0.0
Marc Bartra,Real Betis,s2425,CB,90.0,1.0,0.0,0.0,0.0
Marc Bernal,Barcelona,s2425,DM,70.0,0.0,0.0,0.0,0.0
Marc Cardona,Las Palmas,s2324,Not Available,724.0,4.0,1.0,4.0,0.0
Marc Cardona,Las Palmas,s2425,FW,4.0,0.0,0.0,0.0,0.0
Marc Carmona,Mallorca,s2122,Defender,0.0,0.0,0.0,0.0,0.0
Marc Casado,Barcelona,s2425,"DM,RM",90.0,0.0,0.0,0.0,0.0
Marc Domenech,Mallorca,s2425,LW,9.0,0.0,0.0,0.0,0.0
Marc Guiu,Barcelona,s2324,Not Available,73.0,1.0,0.0,1.0,0.0
Marc Pubill,Almería,s2324,Not Available,1889.0,1.0,3.0,2.0,0.0
Marc Pubill,Levante,s2122,Defender,512.0,0.0,1.0,1.0,0.0
Marc Roca,Real Betis,s2324,Not Available,1986.0,2.0,2.0,5.0,0.0
Marc Roca,Real Betis,s2425,DM,76.0,0.0,0.0,0.0,0.0
Marc Tenas,Alavés,s2122,Forward,51.0,0.0,0.0,2.0,0.0
Marc-André ter Stegen,Barcelona,s2122,Goalkeeper,3150.0,0.0,0.0,3.0,0.0
Marc-André ter Stegen,Barcelona,s2223,   GK,2250.0,0.0,0.0,0.0,0.0
Marc-André ter Stegen,Barcelona,s2324,Not Available,2520.0,0.0,0.0,3.0,0.0
Marc-André ter Stegen,Barcelona,s2425,GK,90.0,0.0,0.0,0.0,0.0
Marcelo Saracchi,Levante,s2122,Defender,186.0,0.0,1.0,2.0,0.0
Marcelo Vieira Da Silva Junior,Real Madrid,s2122,Defender,521.0,0.0,2.0,0.0,0.0
Marciano Sanca,Almería,s2324,Not Available,37.0,0.0,0.0,0.0,0.0
Marco Asensio,Real Madrid,s2122,Midfielder,1728.0,10.0,0.0,2.0,0.0
Marco Asensio,Real Madrid,s2223,   AM(CLR) FW,680.0,5.0,3.0,1.0,0.0
Marco Moreno,Atlético Madrid,s2122,Defender,0.0,0.0,0.0,0.0,0.0
Marcos Acuña,Sevilla,s2122,Defender,2264.0,1.0,3.0,10.0,0.0
Marcos Acuña,Sevilla,s2223,   D(CL) M(CL),1240.0,2.0,1.0,7.0,1.0
Marcos Acuña,Sevilla,s2324,Not Available,1296.0,1.0,2.0,7.0,0.0
Marcos Alonso,Barcelona,s2223,   D(CL) M(L),674.0,1.0,0.0,1.0,0.0
Marcos Alonso,Barcelona,s2324,Not Available,250.0,0.0,0.0,0.0,0.0
Marcos Alonso,Celta de Vigo,s2425,CB,16.0,0.0,0.0,0.0,0.0
Marcos André,Valencia,s2223,   FW,427.0,1.0,0.0,2.0,1.0
Marcos André,Valladolid,s2425,FW,70.0,0.0,0.0,1.0,0.0
Marcos André de Sousa Mendonça,Valencia,s2122,Forward,961.0,1.0,3.0,3.0,0.0
Marcos Fernández,Mallorca,s2122,Defender,0.0,0.0,0.0,0.0,0.0
Marcos Llorente,Atlético Madrid,s2122,Midfielder,2455.0,0.0,2.0,5.0,0.0
Marcos Llorente,Atlético Madrid,s2223,   D(R) M(CR) FW,1372.0,1.0,1.0,3.0,0.0
Marcos Llorente,Atlético Madrid,s2324,Not Available,2570.0,6.0,4.0,5.0,0.0
Marcos Llorente,Atlético Madrid,s2425,"WB,CM",90.0,1.0,0.0,0.0,0.0
Marcos Mauro López Gutiérrez,Unknown,s2122,Unknown,0.0,0.0,0.0,0.0,0.0
Marcos Pena,Almería,s2324,Not Available,439.0,0.0,0.0,3.0,0.0
Marcão,Sevilla,s2223,   D(C),360.0,0.0,0.0,2.0,0.0
Marcão,Sevilla,s2324,Not Available,354.0,0.0,0.0,2.0,0.0
Marcão,Sevilla,s2425,CB,14.0,0.0,0.0,1.0,0.0
Mariano Díaz,Real Madrid,s2223,   FW,51.0,0.0,0.0,2.0,0.0
Mariano Díaz,Sevilla,s2324,Not Available,239.0,0.0,0.0,1.0,0.0
Mariano Díaz Mejía,Real Madrid,s2122,Forward,339.0,1.0,1.0,2.0,0.0
Mario Dominguez,Valencia,s2122,Forward,23.0,0.0,0.0,0.0,0.0
Mario Dominguez,Valencia,s2324,Not Available,23.0,0.0,0.0,0.0,0.0
Mario Gaspar Pérez Martínez,Villarreal,s2122,Defender,621.0,0.0,0.0,1.0,0.0
Mario Gila,Real Madrid,s2122,Defender,23.0,0.0,0.0,0.0,0.0
Mario Hermoso,Atlético Madrid,s2122,Defender,1868.0,2.0,1.0,6.0,1.0
Mario Hermoso,Atlético Madrid,s2223,   D(CL),983.0,2.0,0.0,1.0,2.0
Mario Hermoso,Atlético Madrid,s2324,Not Available,2556.0,0.0,1.0,9.0,0.0
Mario Hernández,Rayo Vallecano,s2122,Midfielder,393.0,1.0,0.0,3.0,0.0
Mario Hernández,Rayo Vallecano,s2223,   Defender,38.0,0.0,0.0,0.0,0.0
Mario Maroto,Valladolid,s2425,CM,19.0,0.0,1.0,0.0,0.0
Mario Martín,Valladolid,s2425,DM,20.0,0.0,0.0,0.0,0.0
Mario Suárez,Rayo Vallecano,s2122,Midfielder,710.0,0.0,0.0,2.0,0.0
Mario Suárez,Rayo Vallecano,s2223,   D(C) M(C),5.0,0.0,0.0,0.0,0.0
Marko Dmitrović,Leganés,s2425,GK,90.0,0.0,0.0,0.0,0.0
Marko Dmitrović,Sevilla,s2122,Goalkeeper,540.0,0.0,0.0,1.0,0.0
Marko Dmitrović,Sevilla,s2223,   GK,278.0,0.0,0.0,2.0,0.0
Marko Dmitrović,Sevilla,s2324,Not Available,1170.0,0.0,0.0,1.0,0.0
Marko Milovanovic,Almería,s2223,   Forward,14.0,0.0,0.0,1.0,0.0
Marko Milovanovic,Almería,s2324,Not Available,301.0,1.0,0.0,0.0,0.0
Martin Braithwaite,Barcelona,s2122,Forward,237.0,2.0,1.0,0.0,0.0
Martin Braithwaite,Espanyol,s2223,   AM(CLR) FW,1644.0,8.0,1.0,3.0,1.0
Martin Hongla,Granada,s2324,Not Available,558.0,0.0,0.0,0.0,0.0
Martin Hongla,Valladolid,s2223,   D(C) DMC,489.0,0.0,0.0,3.0,1.0
Martin Valjent,Mallorca,s2122,Defender,3182.0,0.0,0.0,4.0,0.0
Martin Valjent,Mallorca,s2223,   D(C),1759.0,0.0,0.0,7.0,0.0
Martin Valjent,Mallorca,s2324,Not Available,2354.0,0.0,1.0,5.0,0.0
Martin Valjent,Mallorca,s2425,CB,90.0,0.0,0.0,0.0,0.0
Martín Aguirregabiria,Alavés,s2122,Defender,1617.0,0.0,1.0,4.0,0.0
Martín Calderón,Mirandés,s2122,Midfielder,294.0,0.0,2.0,1.0,0.0
Martín Cáceres,Levante,s2122,Defender,669.0,0.0,0.0,2.0,0.0
Martín Merquelanz,Rayo Vallecano,s2122,Forward,176.0,0.0,0.0,0.0,0.0
Martín Montoya,Real Betis,s2122,Defender,519.0,0.0,1.0,2.0,0.0
Martín Montoya,Real Betis,s2223,   D(LR) M(R),186.0,0.0,0.0,0.0,0.0
Martín Tejón,Valencia,s2425,LB,14.0,0.0,0.0,0.0,0.0
Martín Zubimendi,Real Sociedad,s2122,Midfielder,2585.0,2.0,1.0,4.0,0.0
Martín Zubimendi,Real Sociedad,s2223,   DMC,2051.0,1.0,2.0,8.0,0.0
Martín Zubimendi,Real Sociedad,s2324,Not Available,2655.0,4.0,1.0,5.0,0.0
Martín Zubimendi,Real Sociedad,s2425,CM,45.0,1.0,0.0,0.0,0.0
Marvin Park,Las Palmas,s2324,Not Available,1852.0,0.0,2.0,5.0,0.0
Marvin Park,Las Palmas,s2425,RB,75.0,0.0,0.0,0.0,0.0
Mason Greenwood,Getafe,s2324,Not Available,2667.0,8.0,6.0,6.0,0.0
Mateo Flores,Real Betis,s2425,DM,23.0,0.0,0.0,0.0,0.0
Mateo Mejía,Sevilla,s2425,FW,11.0,0.0,0.0,0.0,0.0
Mateu Morey,Mallorca,s2425,RB,85.0,0.0,0.0,0.0,0.0
Matheus Santos Carneiro Da Cunha,Atlético Madrid,s2122,Forward,1052.0,6.0,4.0,3.0,0.0
Mathew Ryan,Real Sociedad,s2122,Goalkeeper,270.0,0.0,0.0,0.0,0.0
Mathías Olivera,Getafe,s2122,Defender,2807.0,1.0,3.0,10.0,0.0
Matija Nastasić,Leganés,s2425,CB,45.0,0.0,0.0,0.0,0.0
Matija Nastasić,Mallorca,s2223,   D(C),754.0,0.0,0.0,2.0,0.0
Matija Nastasić,Mallorca,s2324,Not Available,2257.0,2.0,0.0,8.0,0.0
Matt Doherty,Atlético Madrid,s2223,   D(LR) M(LR),12.0,0.0,0.0,0.0,0.0
Matt Miazga,Alavés,s2122,Defender,831.0,0.0,0.0,2.0,0.0
Matteo Gabbia,Villarreal,s2324,Not Available,478.0,0.0,0.0,2.0,0.0
Matthew Hoppe,Mallorca,s2122,Forward,129.0,0.0,1.0,0.0,0.0
Matías Arezo,Granada,s2122,Forward,156.0,0.0,0.0,1.0,0.0
Matías Arezo,Granada,s2324,Not Available,359.0,0.0,0.0,1.0,0.0
Matías Dituro,Celta de Vigo,s2122,Goalkeeper,3420.0,0.0,0.0,1.0,0.0
Mauro Arambarri,Getafe,s2122,Midfielder,2667.0,0.0,5.0,13.0,0.0
Mauro Arambarri,Getafe,s2223,   DMC,831.0,0.0,1.0,2.0,1.0
Mauro Arambarri,Getafe,s2324,Not Available,337.0,0.0,0.0,2.0,0.0
Mauro Arambarri,Getafe,s2425,CM,39.0,0.0,0.0,0.0,0.0
Maxime Gonalons,Granada,s2122,Midfielder,1555.0,0.0,2.0,6.0,0.0
Maximiliano Caufriez,Valencia,s2425,CB,90.0,0.0,0.0,0.0,0.0
Maximiliano Gómez,Cádiz,s2324,Not Available,1157.0,0.0,0.0,2.0,0.0
Maximiliano Gómez,Valencia,s2122,Forward,1960.0,5.0,1.0,5.0,1.0
Maximiliano Gómez,Valencia,s2223,   FW,106.0,0.0,0.0,0.0,0.0
Maximo Perrone,Las Palmas,s2324,Not Available,1626.0,0.0,0.0,6.0,0.0
Memphis Depay,Atlético Madrid,s2223,   AM(CL) FW,194.0,3.0,0.0,1.0,0.0
Memphis Depay,Atlético Madrid,s2324,Not Available,888.0,5.0,1.0,2.0,0.0
Memphis Depay,Barcelona,s2122,Forward,1847.0,12.0,2.0,3.0,0.0
Memphis Depay,Barcelona,s2223,   AM(CL) FW,116.0,1.0,0.0,0.0,0.0
Mickaël Malsa,Levante,s2122,Midfielder,1135.0,1.0,2.0,7.0,0.0
Miguel,Leganés,s2425,FW,87.0,0.0,0.0,0.0,0.0
Miguel Baeza,Ponferradina,s2122,Midfielder,419.0,0.0,0.0,0.0,0.0
Miguel Crespo,Rayo Vallecano,s2324,Not Available,521.0,0.0,0.0,4.0,0.0
Miguel De la Fuente,Alavés,s2122,Forward,826.0,1.0,1.0,2.0,0.0
Miguel De la Fuente,Alavés,s2324,Not Available,64.0,0.0,0.0,0.0,0.0
Miguel Gutiérrez,Girona,s2223,   D(L),1700.0,1.0,2.0,6.0,0.0
Miguel Gutiérrez,Girona,s2324,Not Available,3037.0,2.0,7.0,4.0,0.0
Miguel Gutiérrez,Girona,s2425,"LB,WB",90.0,0.0,0.0,0.0,0.0
Miguel Gutiérrez,Real Madrid,s2122,Defender,262.0,0.0,1.0,1.0,0.0
Miguel Llambrich,Espanyol,s2122,Defender,70.0,0.0,0.0,0.0,0.0
Miguel Martín García,Mallorca,s2122,Defender,0.0,0.0,0.0,0.0,0.0
Miguel Rodriguez,Celta de Vigo,s2324,Not Available,291.0,0.0,0.0,2.0,0.0
Miguel Rubio,Granada,s2324,Not Available,1559.0,1.0,0.0,5.0,0.0
Miguel Ángel Brau,Granada,s2122,Defender,0.0,0.0,0.0,0.0,0.0
Miguel Ángel Morro,Fuenlabrada,s2122,Goalkeeper,1170.0,0.0,0.0,0.0,0.0
Mihailo Ristić,Celta de Vigo,s2324,Not Available,807.0,0.0,0.0,2.0,0.0
Mihailo Ristić,Celta de Vigo,s2425,LM,66.0,0.0,0.0,0.0,0.0
Mika Màrmol,Barcelona,s2122,Defender,1.0,0.0,0.0,0.0,0.0
Mika Màrmol,Las Palmas,s2324,Not Available,3181.0,0.0,1.0,4.0,1.0
Mika Màrmol,Las Palmas,s2425,"CB,LB",90.0,0.0,0.0,1.0,0.0
Mikel Balenziaga,Athletic Club,s2122,Defender,2026.0,0.0,0.0,2.0,0.0
Mikel Balenziaga,Athletic Club,s2223,   D(L),115.0,0.0,0.0,0.0,0.0
Mikel Jauregizar,Athletic Club,s2324,Not Available,145.0,0.0,0.0,0.0,0.0
Mikel Jauregizar,Athletic Club,s2425,DM,28.0,0.0,0.0,1.0,0.0
Mikel Merino,Real Sociedad,s2122,Midfielder,2894.0,3.0,2.0,8.0,0.0
Mikel Merino,Real Sociedad,s2223,   M(C),1607.0,1.0,7.0,5.0,1.0
Mikel Merino,Real Sociedad,s2324,Not Available,2485.0,5.0,3.0,10.0,0.0
Mikel Oyarzabal,Real Sociedad,s2122,Forward,1673.0,9.0,3.0,0.0,1.0
Mikel Oyarzabal,Real Sociedad,s2223,   AM(CLR) FW,573.0,2.0,1.0,0.0,0.0
Mikel Oyarzabal,Real Sociedad,s2324,Not Available,2157.0,9.0,3.0,3.0,0.0
Mikel Oyarzabal,Real Sociedad,s2425,FW,82.0,0.0,0.0,0.0,0.0
Mikel Vesga,Athletic Club,s2122,Midfielder,1355.0,2.0,0.0,4.0,1.0
Mikel Vesga,Athletic Club,s2223,   DMC,1735.0,2.0,2.0,3.0,0.0
Mikel Vesga,Athletic Club,s2324,Not Available,1535.0,3.0,1.0,2.0,0.0
Mikel Vesga,Athletic Club,s2425,DM,56.0,0.0,0.0,0.0,0.0
Milutin Osmajic,Cádiz,s2324,Not Available,4.0,0.0,0.0,0.0,0.0
Milutin Osmajic,Unknown,s2122,Unknown,0.0,0.0,0.0,0.0,0.0
Miralem Pjanic,Unknown,s2122,Unknown,0.0,0.0,0.0,0.0,0.0
Mohamed-Ali Cho,Real Sociedad,s2324,Not Available,239.0,0.0,0.0,0.0,0.0
Moi Gómez,Osasuna,s2223,   M(CLR),2030.0,1.0,2.0,4.0,0.0
Moi Gómez,Osasuna,s2324,Not Available,2010.0,3.0,0.0,3.0,0.0
Moi Gómez,Osasuna,s2425,LM,59.0,0.0,0.0,0.0,0.0
Moi Parra,Getafe,s2223,   Midfielder,9.0,0.0,0.0,0.0,0.0
Moisés Gómez Bardonado,Villarreal,s2122,Midfielder,1277.0,2.0,2.0,2.0,0.0
Momo Cho,Real Sociedad,s2223,   FW,345.0,0.0,2.0,1.0,0.0
Momo Mbaye,Cádiz,s2223,   D(C),537.0,0.0,0.0,0.0,0.0
Monchu,Valladolid,s2223,   DMC,1205.0,1.0,1.0,7.0,0.0
Moriba Kourouma Kourouma,Valencia,s2122,Midfielder,817.0,0.0,0.0,7.0,1.0
Mouctar Diakhaby,Valencia,s2122,Defender,1945.0,0.0,1.0,11.0,0.0
Mouctar Diakhaby,Valencia,s2223,   D(C),1459.0,2.0,0.0,4.0,1.0
Mouctar Diakhaby,Valencia,s2324,Not Available,1071.0,1.0,0.0,6.0,0.0
Moussa Diarra,Alavés,s2425,LB,90.0,0.0,0.0,0.0,0.0
Munir El Haddadi,Getafe,s2223,   AM(LR) FW,589.0,1.0,1.0,4.0,0.0
Munir El Haddadi,Las Palmas,s2324,Not Available,2470.0,3.0,2.0,3.0,0.0
Munir El Haddadi,Leganés,s2425,LW,20.0,0.0,0.0,0.0,0.0
Munir El-Haddadi,Sevilla,s2122,Forward,468.0,2.0,0.0,3.0,0.0
Myrto Uzuni,Granada,s2122,Midfielder,857.0,1.0,1.0,4.0,0.0
Myrto Uzuni,Granada,s2324,Not Available,2459.0,11.0,1.0,3.0,0.0
Nabil Aberdin,Getafe,s2425,DM,90.0,0.0,0.0,0.0,0.0
Nabil Fekir,Real Betis,s2122,Forward,2807.0,6.0,8.0,7.0,1.0
Nabil Fekir,Real Betis,s2223,   AM(CLR) FW,970.0,2.0,2.0,5.0,1.0
Nabil Fekir,Real Betis,s2324,Not Available,1049.0,1.0,2.0,1.0,0.0
Nabil Fekir,Real Betis,s2425,AM,90.0,0.0,1.0,0.0,0.0
Nabili Zoubdi Touaizi,Espanyol,s2223,   Forward,2.0,0.0,0.0,0.0,0.0
Nacho Fernandez,Real Madrid,s2223,   D(CLR),861.0,0.0,1.0,4.0,0.0
Nacho Fernandez,Real Madrid,s2324,Not Available,1739.0,0.0,1.0,4.0,2.0
Nacho Vidal,Mallorca,s2324,Not Available,506.0,0.0,0.0,2.0,0.0
Nacho Vidal,Osasuna,s2223,   D(R),916.0,0.0,0.0,2.0,0.0
Nacho Vidal,Osasuna,s2324,Not Available,506.0,1.0,0.0,0.0,0.0
Nacho Vidal,Osasuna,s2425,RB,11.0,0.0,0.0,0.0,0.0
Naci Ünüvar,Espanyol,s2425,"LM,LB",18.0,0.0,0.0,0.0,0.0
Nahuel Molina,Atlético Madrid,s2223,   D(R) M(R),1737.0,0.0,1.0,5.0,1.0
Nahuel Molina,Atlético Madrid,s2324,Not Available,1855.0,2.0,3.0,4.0,1.0
Nahuel Molina,Atlético Madrid,s2425,WB,37.0,0.0,0.0,0.0,0.0
Nahuel Tenaglia,Alavés,s2122,Defender,1072.0,0.0,0.0,2.0,0.0
Nahuel Tenaglia,Alavés,s2324,Not Available,1131.0,1.0,0.0,5.0,0.0
Nahuel Tenaglia,Alavés,s2425,CB,90.0,0.0,0.0,0.0,0.0
Natan,Real Betis,s2425,CB,5.0,0.0,0.0,0.0,0.0
Nayef Aguerd,Real Sociedad,s2425,CB,74.0,0.0,0.0,0.0,0.0
Nemanja Gudelj,Sevilla,s2122,Midfielder,1040.0,0.0,0.0,5.0,0.0
Nemanja Gudelj,Sevilla,s2223,   D(C) M(C),1874.0,3.0,0.0,6.0,0.0
Nemanja Gudelj,Sevilla,s2324,Not Available,1744.0,1.0,1.0,7.0,0.0
Nemanja Gudelj,Sevilla,s2425,"CB,DM",90.0,0.0,0.0,0.0,0.0
Nemanja Maksimovic,Getafe,s2122,Midfielder,2943.0,1.0,1.0,4.0,0.0
Nemanja Maksimovic,Getafe,s2223,   M(C),1018.0,0.0,0.0,1.0,0.0
Nemanja Maksimovic,Getafe,s2324,Not Available,3272.0,4.0,0.0,4.0,0.0
Nemanja Radoja,Levante,s2122,Midfielder,1222.0,0.0,0.0,3.0,0.0
Nemanja Radonjic,Mallorca,s2324,Not Available,350.0,0.0,0.0,0.0,0.0
Nicholas Williams,Athletic Club,s2122,Forward,1325.0,0.0,0.0,4.0,0.0
Nico González,Valencia,s2223,   DMC,610.0,1.0,0.0,0.0,0.0
Nico Paz,Real Madrid,s2324,Not Available,19.0,0.0,0.0,0.0,0.0
Nico Williams,Athletic Club,s2223,   AM(LR),1916.0,4.0,4.0,1.0,0.0
Nico Williams,Athletic Club,s2324,Not Available,2280.0,5.0,11.0,4.0,1.0
Nico Williams,Athletic Club,s2425,LW,19.0,0.0,0.0,0.0,0.0
Nicolas Jackson,Villarreal,s2122,Forward,158.0,0.0,0.0,1.0,0.0
Nicolas Jackson,Villarreal,s2223,   FW,796.0,2.0,2.0,1.0,0.0
Nicolas Pépé,Villarreal,s2425,FW,20.0,0.0,0.0,0.0,0.0
Nicolás Fernández Mercau,Elche,s2223,   M(L),320.0,0.0,0.0,2.0,0.0
Nicolás González Iglesias,Barcelona,s2122,Midfielder,1109.0,2.0,1.0,6.0,0.0
Nicolás Melamed,Espanyol,s2122,Forward,1098.0,2.0,0.0,3.0,1.0
Nicolás Melamed,Espanyol,s2223,   AM(L),501.0,0.0,2.0,3.0,0.0
Nicolás Serrano,Athletic Club,s2122,Forward,308.0,1.0,0.0,0.0,0.0
Nicolás Serrano,Athletic Club,s2425,RW,18.0,0.0,0.0,0.0,0.0
Nikita Iosifov,Villarreal,s2122,Midfielder,1.0,0.0,0.0,0.0,0.0
Nikola Maras,Rayo Vallecano,s2122,Defender,1041.0,0.0,0.0,4.0,0.0
Nikola Vukcevic,Levante,s2122,Midfielder,113.0,0.0,0.0,1.0,0.0
Njegos Petrovic,Granada,s2122,Midfielder,917.0,0.0,1.0,5.0,0.0
Njegos Petrovic,Granada,s2324,Not Available,148.0,0.0,0.0,0.0,0.0
Norberto Murara Neto,Barcelona,s2122,Goalkeeper,270.0,0.0,0.0,0.0,0.0
Näis Djouahra,Real Sociedad B,s2122,Midfielder,1009.0,0.0,0.0,0.0,0.0
Néstor Araújo,Celta de Vigo,s2122,Defender,2617.0,0.0,0.0,4.0,0.0
Oier Olazábal,Espanyol,s2122,Goalkeeper,135.0,0.0,0.0,0.0,0.0
Oier Sanjurjo,Osasuna,s2122,Midfielder,750.0,1.0,0.0,3.0,0.0
Oier Zarraga,Athletic Club,s2122,Midfielder,1151.0,1.0,0.0,5.0,0.0
Oier Zarraga,Athletic Club,s2223,   DMC M(R),607.0,0.0,0.0,4.0,0.0
Oihan Sancet,Athletic Club,s2122,Midfielder,1424.0,6.0,4.0,2.0,0.0
Oihan Sancet,Athletic Club,s2223,   M(C) FW,1683.0,8.0,0.0,2.0,1.0
Oihan Sancet,Athletic Club,s2324,Not Available,1991.0,4.0,5.0,3.0,2.0
Oihan Sancet,Athletic Club,s2425,AM,90.0,1.0,0.0,0.0,0.0
Okay Yokuslu,Getafe,s2122,Midfielder,463.0,0.0,0.0,1.0,0.0
Oliver McBurnie,Las Palmas,s2425,FW,86.0,0.0,0.0,0.0,0.0
Omar Alderete,Getafe,s2223,   D(C),1081.0,0.0,1.0,5.0,0.0
Omar Alderete,Getafe,s2324,Not Available,2194.0,0.0,1.0,8.0,1.0
Omar Alderete,Getafe,s2425,CB,90.0,0.0,0.0,0.0,0.0
Omar Alderete,Valencia,s2122,Defender,2411.0,2.0,0.0,15.0,0.0
Omar El Hilali,Espanyol,s2223,   Defender,90.0,0.0,0.0,1.0,0.0
Omar El Hilali,Espanyol,s2425,"RB,CB",90.0,0.0,0.0,0.0,0.0
Omar Faraj,Levante,s2122,Forward,3.0,0.0,0.0,0.0,0.0
Omar Mascarell,Elche,s2122,Midfielder,2504.0,0.0,0.0,6.0,0.0
Omar Mascarell,Elche,s2223,   DMC,1910.0,0.0,0.0,6.0,0.0
Omar Mascarell,Mallorca,s2324,Not Available,1573.0,0.0,0.0,7.0,0.0
Omar Mascarell,Mallorca,s2425,CM,89.0,0.0,0.0,0.0,0.0
Omenuke Mfulu,Las Palmas,s2324,Not Available,77.0,0.0,0.0,1.0,0.0
Orbelín Pineda,Celta de Vigo,s2122,Midfielder,94.0,0.0,0.0,0.0,0.0
Oriol Romeu,Barcelona,s2324,Not Available,930.0,0.0,1.0,4.0,0.0
Oriol Romeu,Girona,s2223,   DMC,1875.0,1.0,0.0,6.0,0.0
Oriol Romeu,Girona,s2425,CM,65.0,0.0,0.0,0.0,0.0
Orri Steinn Óskarsson,Real Sociedad,s2425,FW,25.0,0.0,0.0,0.0,0.0
Oscar Medina,Alavés,s2122,Goalkeeper,0.0,0.0,0.0,0.0,0.0
Oscar Ureña,Girona,s2223,   Forward,99.0,0.0,0.0,0.0,0.0
Ousmane Dembélé,Barcelona,s2122,Forward,1411.0,1.0,13.0,3.0,0.0
Ousmane Dembélé,Barcelona,s2223,   AM(CLR) FW,1108.0,5.0,5.0,4.0,0.0
Oussama Idrissi,Cádiz,s2122,Forward,908.0,1.0,1.0,2.0,0.0
Pablo Barrios,Atlético Madrid,s2223,   Midfielder,421.0,0.0,1.0,1.0,0.0
Pablo Barrios,Atlético Madrid,s2324,Not Available,1556.0,0.0,1.0,5.0,0.0
Pablo Barrios,Atlético Madrid,s2425,CM,90.0,0.0,1.0,1.0,0.0
Pablo Barrios Rivas,Unknown,s2122,Unknown,0.0,0.0,0.0,0.0,0.0
Pablo Busto,Real Betis,s2324,Not Available,42.0,0.0,0.0,0.0,0.0
Pablo Cuñat,Levante,s2122,Goalkeeper,0.0,0.0,0.0,0.0,0.0
Pablo Durán,Celta de Vigo,s2223,   Forward,32.0,0.0,0.0,0.0,0.0
Pablo Durán,Celta de Vigo,s2425,RW,4.0,0.0,0.0,0.0,0.0
Pablo Fornals,Real Betis,s2324,Not Available,1153.0,3.0,2.0,2.0,0.0
Pablo Fornals,Real Betis,s2425,RW,58.0,0.0,0.0,0.0,0.0
Pablo Gozálbez,Valencia,s2324,Not Available,99.0,0.0,0.0,0.0,0.0
Pablo Gálvez,Mallorca,s2122,Forward,0.0,0.0,0.0,0.0,0.0
Pablo Ibáñez,Osasuna,s2223,   M(C),429.0,0.0,1.0,0.0,0.0
Pablo Ibáñez,Osasuna,s2324,Not Available,1141.0,1.0,2.0,5.0,0.0
Pablo Ibáñez,Osasuna,s2425,CM,8.0,0.0,0.0,0.0,0.0
Pablo Maffeo,Mallorca,s2122,Defender,2950.0,1.0,3.0,10.0,0.0
Pablo Maffeo,Mallorca,s2223,   D(R) M(R),1923.0,1.0,3.0,4.0,1.0
Pablo Maffeo,Mallorca,s2324,Not Available,1456.0,1.0,2.0,3.0,1.0
Pablo Maffeo,Mallorca,s2425,RB,90.0,0.0,0.0,1.0,0.0
Pablo Martín Páez,Barcelona,s2122,Midfielder,2329.0,2.0,5.0,9.0,1.0
Pablo Martínez,Huesca,s2122,Midfielder,923.0,1.0,0.0,4.0,0.0
Pablo Marín,Real Sociedad,s2425,LM,5.0,0.0,0.0,0.0,0.0
Pablo Muñoz,Rayo Vallecano,s2223,   Midfielder,11.0,0.0,0.0,0.0,0.0
Pablo Piatti,Elche,s2122,Forward,307.0,0.0,0.0,0.0,0.0
Pablo Picón,Levante,s2122,Goalkeeper,0.0,0.0,0.0,0.0,0.0
Pablo Pérez,Sevilla,s2122,Defender,0.0,0.0,0.0,0.0,0.0
Pablo Torre,Barcelona,s2223,   Midfielder,27.0,0.0,0.0,0.0,0.0
Pablo Torre,Barcelona,s2425,RM,8.0,0.0,0.0,0.0,0.0
Pablo Torre,Girona,s2324,Not Available,690.0,0.0,2.0,1.0,0.0
Papa Ba,Girona,s2425,RM,48.0,0.0,0.0,0.0,0.0
Pape Cheikh,Elche,s2223,   DMC,33.0,0.0,0.0,0.0,1.0
Pape Gueye,Sevilla,s2223,   DMC,433.0,0.0,3.0,1.0,1.0
Pape Gueye,Villarreal,s2425,CM,20.0,0.0,0.0,0.0,0.0
Papu Gómez,Sevilla,s2223,   M(CLR) FW,666.0,0.0,1.0,4.0,0.0
Pathé Ciss,Rayo Vallecano,s2122,Midfielder,1085.0,2.0,1.0,5.0,0.0
Pathé Ciss,Rayo Vallecano,s2223,   DMC,1027.0,1.0,0.0,4.0,0.0
Pathé Ciss,Rayo Vallecano,s2324,Not Available,1658.0,1.0,0.0,10.0,0.0
Pathé Ciss,Rayo Vallecano,s2425,CM,16.0,0.0,1.0,0.0,0.0
Pau Cabanes,Villarreal,s2425,RM,14.0,0.0,0.0,0.0,0.0
Pau Cubarsí,Barcelona,s2324,Not Available,1562.0,0.0,0.0,4.0,0.0
Pau Cubarsí,Barcelona,s2425,CB,63.0,0.0,0.0,1.0,0.0
Pau Martínez,Osasuna,s2122,Forward,0.0,0.0,0.0,0.0,0.0
Pau Navarro,Villarreal,s2425,CB,17.0,0.0,0.0,0.0,0.0
Pau Torres,Villarreal,s2122,Defender,2856.0,5.0,1.0,5.0,0.0
Pau Torres,Villarreal,s2223,   D(C),1980.0,0.0,0.0,9.0,0.0
Pau Victor Delgado,Barcelona,s2425,LW,5.0,0.0,0.0,0.0,0.0
Paul Akouokou,Real Betis,s2122,Midfielder,517.0,0.0,0.0,2.0,1.0
Paul Akouokou,Real Betis,s2223,   DMC,280.0,0.0,0.0,2.0,0.0
Paulo Gazzaniga,Girona,s2223,   GK,1350.0,0.0,0.0,3.0,0.0
Paulo Gazzaniga,Girona,s2324,Not Available,3420.0,0.0,0.0,2.0,0.0
Paulo Gazzaniga,Girona,s2425,GK,90.0,0.0,0.0,0.0,0.0
Pedri,Barcelona,s2223,   AM(CL),1634.0,6.0,0.0,2.0,0.0
Pedri,Barcelona,s2324,Not Available,1482.0,4.0,2.0,3.0,0.0
Pedri,Barcelona,s2425,"LM,AM",27.0,0.0,0.0,0.0,0.0
Pedro Alemañ,Valencia,s2122,Midfielder,0.0,0.0,0.0,0.0,0.0
Pedro Benito,Unknown,s2122,Unknown,0.0,0.0,0.0,0.0,0.0
Pedro Bigas,Elche,s2122,Defender,1555.0,1.0,0.0,6.0,0.0
Pedro Bigas,Elche,s2223,   D(CL),1418.0,0.0,0.0,2.0,2.0
Pedro Díaz,Rayo Vallecano,s2425,LW,6.0,0.0,0.0,0.0,0.0
Pedro González López,Barcelona,s2122,Midfielder,888.0,3.0,1.0,0.0,0.0
Pedro Ortiz,Sevilla,s2122,Defender,6.0,0.0,0.0,0.0,0.0
Pedro Ortiz,Sevilla,s2223,   Midfielder,1.0,0.0,0.0,0.0,0.0
Peio Canales,Athletic Club,s2425,AM,20.0,0.0,0.0,0.0,0.0
Pejiño,Las Palmas,s2324,Not Available,498.0,2.0,0.0,1.0,0.0
Pejiño,Las Palmas,s2425,FW,16.0,0.0,0.0,0.0,0.0
Pep Chavarría,Rayo Vallecano,s2223,   Defender,96.0,0.0,0.0,1.0,0.0
Pep Chavarría,Rayo Vallecano,s2324,Not Available,1164.0,1.0,1.0,3.0,1.0
Pep Chavarría,Rayo Vallecano,s2425,LW,16.0,0.0,0.0,0.0,0.0
Pepe Reina,Villarreal,s2223,   GK,900.0,0.0,0.0,1.0,0.0
Pepe Reina,Villarreal,s2324,Not Available,180.0,0.0,0.0,2.0,1.0
Pepelu,Valencia,s2324,Not Available,3305.0,7.0,1.0,4.0,0.0
Peque,Sevilla,s2425,FW,8.0,0.0,0.0,0.0,0.0
Pere Joan García,Mallorca,s2122,Goalkeeper,0.0,0.0,0.0,0.0,0.0
Pere Milla,Elche,s2122,Forward,1638.0,8.0,3.0,5.0,0.0
Pere Milla,Elche,s2223,   AM(CLR) FW,1238.0,6.0,1.0,5.0,0.0
Pere Milla,Espanyol,s2425,"LM,CM",56.0,0.0,0.0,0.0,0.0
Pere Pons,Alavés,s2122,Midfielder,1375.0,1.0,0.0,2.0,0.0
Peru Nolaskoain,Amorebieta,s2122,Defender,1437.0,1.0,0.0,4.0,0.0
Pervis Estupiñán,Villarreal,s2122,Defender,1574.0,0.0,1.0,3.0,0.0
Peter Federico,Getafe,s2425,"RM,LM",45.0,0.0,0.0,0.0,0.0
Peter Federico Gonzalez Carmona,Real Madrid,s2122,Midfielder,24.0,0.0,0.0,0.0,0.0
Peter González,Valencia,s2324,Not Available,646.0,0.0,0.0,1.0,0.0
Pica,Alavés,s2425,CB,90.0,0.0,0.0,0.0,0.0
Pierre-Emerick Aubameyang,Barcelona,s2122,Forward,1092.0,11.0,1.0,0.0,0.0
Pierre-Emerick Aubameyang,Barcelona,s2223,   M(CLR) FW,8.0,0.0,0.0,0.0,0.0
Pol Lirola,Elche,s2223,   D(R) M(LR),568.0,1.0,0.0,1.0,0.0
Pol Lozano,Espanyol,s2425,CM,56.0,0.0,0.0,0.0,0.0
Portu,Getafe,s2223,   M(CLR) FW,1061.0,0.0,2.0,3.0,1.0
Predrag Rajkovic,Mallorca,s2223,   GK,2250.0,0.0,0.0,3.0,0.0
Predrag Rajkovic,Mallorca,s2324,Not Available,3240.0,0.0,0.0,2.0,0.0
Radamel Falcao,Rayo Vallecano,s2122,Forward,831.0,6.0,0.0,1.0,0.0
Radamel Falcao,Rayo Vallecano,s2223,   FW,497.0,2.0,0.0,4.0,0.0
Radamel Falcao,Rayo Vallecano,s2324,Not Available,391.0,1.0,0.0,4.0,0.0
Rafa Marin,Alavés,s2324,Not Available,2442.0,0.0,0.0,6.0,0.0
Rafa Mir,Sevilla,s2223,   FW,815.0,3.0,0.0,1.0,0.0
Rafa Mir,Sevilla,s2324,Not Available,382.0,2.0,0.0,1.0,0.0
Rafa Mir,Valencia,s2425,RM,76.0,0.0,0.0,0.0,0.0
Rafael Alcántara do Nascimento,Real Sociedad,s2122,Midfielder,1060.0,1.0,0.0,3.0,0.0
Rafael Bauza,Espanyol,s2425,DM,61.0,0.0,0.0,1.0,0.0
Rafael Jiménez Jarque,Cádiz,s2122,Defender,1810.0,0.0,2.0,6.0,0.0
Rafael Marín Zamora,Real Madrid,s2122,Defender,0.0,0.0,0.0,0.0,0.0
Rafael Mir Vicente,Sevilla,s2122,Forward,1801.0,10.0,0.0,6.0,0.0
Ramón Rodríguez Jiménez,Valladolid,s2122,Midfielder,704.0,2.0,4.0,0.0,1.0
Ramón Terrats,Villarreal,s2223,   M(C),239.0,0.0,1.0,0.0,0.0
Ramón Terrats,Villarreal,s2324,Not Available,780.0,0.0,2.0,4.0,0.0
Ramón Terrats,Villarreal,s2425,CM,1.0,0.0,0.0,0.0,0.0
Randy Nteka,Elche,s2223,   AM(C) FW,205.0,0.0,0.0,1.0,0.0
Randy Nteka,Rayo Vallecano,s2122,Midfielder,1461.0,3.0,0.0,3.0,0.0
Randy Nteka,Rayo Vallecano,s2324,Not Available,563.0,1.0,1.0,2.0,0.0
Randy Nteka,Rayo Vallecano,s2425,FW,62.0,0.0,0.0,1.0,0.0
Raphinha,Barcelona,s2223,   AM(LR) FW,1275.0,6.0,4.0,4.0,0.0
Raphinha,Barcelona,s2324,Not Available,1370.0,6.0,9.0,4.0,1.0
Raphinha,Barcelona,s2425,"AM,LW,RW",90.0,0.0,0.0,0.0,0.0
Raúl Albiol,Villarreal,s2122,Defender,2466.0,0.0,0.0,8.0,0.0
Raúl Albiol,Villarreal,s2223,   D(C),1970.0,0.0,0.0,6.0,0.0
Raúl Albiol,Villarreal,s2324,Not Available,2035.0,0.0,1.0,6.0,0.0
Raúl Albiol,Villarreal,s2425,CB,90.0,0.0,0.0,0.0,0.0
Raúl Asencio,Real Madrid,s2425,CB,61.0,0.0,1.0,0.0,0.0
Raúl Chasco,Valladolid,s2425,LB,40.0,0.0,0.0,0.0,0.0
Raúl García,Athletic Club,s2122,Midfielder,1812.0,6.0,2.0,4.0,0.0
Raúl García,Athletic Club,s2223,   M(CLR) FW,689.0,2.0,2.0,2.0,0.0
Raúl García,Athletic Club,s2324,Not Available,404.0,1.0,0.0,4.0,0.0
Raúl García,Osasuna,s2324,Not Available,1347.0,6.0,1.0,4.0,0.0
Raúl García,Osasuna,s2425,LW,1.0,0.0,0.0,0.0,0.0
Raúl García,Real Betis,s2122,Forward,1.0,0.0,0.0,0.0,0.0
Raúl Guti,Elche,s2223,   DMC,852.0,0.0,0.0,1.0,0.0
Raúl Moro,Valladolid,s2425,LW,90.0,1.0,0.0,0.0,0.0
Raúl Parra,Cádiz,s2122,Defender,88.0,0.0,0.0,0.0,0.0
Raúl Parra,Cádiz,s2223,   Defender,31.0,0.0,0.0,0.0,0.0
Raúl Torrente,Granada,s2122,Defender,1282.0,0.0,0.0,5.0,0.0
Raúl Torrente,Granada,s2324,Not Available,1252.0,0.0,0.0,4.0,0.0
Raúl de Tomás,Espanyol,s2122,Forward,2923.0,17.0,3.0,5.0,2.0
Raúl de Tomás,Rayo Vallecano,s2223,   FW,222.0,0.0,0.0,1.0,0.0
Raúl de Tomás,Rayo Vallecano,s2324,Not Available,1277.0,1.0,2.0,5.0,0.0
Reinier,Girona,s2223,   AM(C),342.0,1.0,0.0,1.0,0.0
Reinildo Isnard Mandava,Atlético Madrid,s2122,Defender,1298.0,0.0,0.0,4.0,0.0
Reinildo Isnard Mandava,Atlético Madrid,s2223,   D(CL) M(L),1860.0,0.0,0.0,4.0,0.0
Reinildo Isnard Mandava,Atlético Madrid,s2324,Not Available,723.0,2.0,1.0,2.0,0.0
Reinildo Mandava,Atlético Madrid,s2425,WB,53.0,0.0,0.0,0.0,0.0
Renan Augusto Lodi dos Santos,Atlético Madrid,s2122,Defender,1174.0,2.0,2.0,5.0,0.0
Renato Tapia,Celta de Vigo,s2122,Midfielder,1402.0,0.0,0.0,10.0,0.0
Renato Tapia,Celta de Vigo,s2223,   D(C) DMC,793.0,0.0,0.0,3.0,1.0
Renato Tapia,Celta de Vigo,s2324,Not Available,1337.0,0.0,0.0,3.0,1.0
Renato Tapia,Leganés,s2425,DM,3.0,0.0,0.0,0.0,0.0
Ricard Artero,Girona,s2223,   Midfielder,7.0,0.0,0.0,0.0,0.0
Ricard Puig Martí,Barcelona,s2122,Forward,474.0,1.0,0.0,0.0,0.0
Ricard Sánchez,Granada,s2324,Not Available,2298.0,3.0,0.0,8.0,0.0
Ricardo Rodríguez,Real Betis,s2425,LB,45.0,0.0,0.0,0.0,0.0
Rober,Real Betis,s2223,   Midfielder,52.0,0.0,0.0,1.0,0.0
Robert Lewandowski,Barcelona,s2223,  FW,1682.0,15.0,5.0,0.0,1.0
Robert Lewandowski,Barcelona,s2324,Not Available,2758.0,19.0,8.0,5.0,0.0
Robert Lewandowski,Barcelona,s2425,FW,90.0,2.0,0.0,0.0,0.0
Robert Navarro,Cádiz,s2324,Not Available,1905.0,1.0,1.0,0.0,1.0
Robert Navarro,Real Sociedad,s2223,   Midfielder,333.0,0.0,0.0,2.0,0.0
Robert Navarro,Real Sociedad B,s2122,Midfielder,1664.0,1.0,3.0,0.0,0.0
Roberto Arroyo,Valladolid,s2223,   Forward,14.0,0.0,0.0,0.0,0.0
Roberto González,Las Palmas,s2122,Forward,877.0,2.0,0.0,3.0,0.0
Roberto Ibáñez Castro,Leganés,s2122,Forward,738.0,1.0,1.0,1.0,0.0
Roberto López,Leganés,s2425,CB,3.0,0.0,0.0,0.0,0.0
Roberto Navarro,Mallorca,s2425,"LM,LW,RW",29.0,0.0,0.0,1.0,0.0
Roberto Soldado,Levante,s2122,Forward,660.0,3.0,2.0,5.0,2.0
Roberto Suárez Pier,Levante,s2122,Defender,2008.0,1.0,0.0,3.0,1.0
Roberto Torres,Osasuna,s2122,Midfielder,798.0,2.0,2.0,3.0,0.0
Robin Le Normand,Atlético Madrid,s2425,CB,90.0,0.0,0.0,1.0,0.0
Robin Le Normand,Real Sociedad,s2122,Defender,3330.0,1.0,1.0,7.0,0.0
Robin Le Normand,Real Sociedad,s2223,   D(C),1805.0,0.0,0.0,4.0,0.0
Robin Le Normand,Real Sociedad,s2324,Not Available,2473.0,2.0,0.0,13.0,0.0
Rodri,Real Betis,s2223,   AM(CLR),1090.0,2.0,1.0,0.0,0.0
Rodri,Real Betis,s2324,Not Available,1039.0,0.0,0.0,0.0,0.0
Rodri,Real Betis,s2425,RW,32.0,0.0,0.0,0.0,0.0
Rodrigo Abajas,Valencia,s2425,LB,65.0,0.0,0.0,1.0,0.0
Rodrigo Battaglia,Mallorca,s2122,Midfielder,1174.0,0.0,0.0,3.0,1.0
Rodrigo Battaglia,Mallorca,s2223,   M(C),686.0,0.0,0.0,5.0,0.0
Rodrigo Ely,Almería,s2223,   D(C),2078.0,0.0,0.0,4.0,1.0
Rodrigo Riquelme,Atlético Madrid,s2324,Not Available,1522.0,3.0,5.0,1.0,0.0
Rodrigo Riquelme,Atlético Madrid,s2425,LB,57.0,0.0,0.0,0.0,0.0
Rodrigo Riquelme,Girona,s2223,   AM(CL),1581.0,4.0,2.0,1.0,0.0
Rodrigo Sánchez,Real Betis,s2122,Midfielder,880.0,1.0,2.0,0.0,0.0
Rodrigo de Paul,Atlético Madrid,s2122,Midfielder,2154.0,3.0,1.0,7.0,0.0
Rodrigo de Paul,Atlético Madrid,s2223,   AM(CLR) FW,1057.0,1.0,2.0,4.0,0.0
Rodrigo de Paul,Atlético Madrid,s2324,Not Available,2084.0,3.0,5.0,7.0,0.0
Rodrigo de Paul,Atlético Madrid,s2425,CM,27.0,0.0,0.0,0.0,0.0
Rodrygo Silva de Goes,Real Madrid,s2122,Forward,1527.0,4.0,4.0,3.0,0.0
Rodrygo Silva de Goes,Real Madrid,s2223,   AM(CLR) FW,1546.0,4.0,5.0,2.0,0.0
Rodrygo Silva de Goes,Real Madrid,s2324,Not Available,2388.0,10.0,5.0,2.0,0.0
Rodrygo Silva de Goes,Real Madrid,s2425,RW,90.0,1.0,0.0,0.0,0.0
Roger,Cádiz,s2223,   FW,444.0,0.0,0.0,1.0,0.0
Roger,Cádiz,s2324,Not Available,1367.0,2.0,3.0,3.0,0.0
Roger,Elche,s2223,   FW,657.0,0.0,1.0,2.0,0.0
Roger Martí,Levante,s2122,Forward,2124.0,7.0,3.0,8.0,0.0
Roger Martínez,Espanyol,s2122,Midfielder,0.0,0.0,0.0,0.0,0.0
Roger Martínez,Espanyol,s2223,   Midfielder,6.0,0.0,0.0,0.0,0.0
Romain Perraud,Real Betis,s2425,LB,90.0,0.0,0.0,1.0,0.0
Roman Yaremchuk,Valencia,s2324,Not Available,926.0,3.0,0.0,2.0,0.0
Rominigue Kouamé,Cádiz,s2324,Not Available,820.0,0.0,0.0,2.0,0.0
Ronald Araújo,Barcelona,s2122,Defender,2270.0,4.0,0.0,6.0,0.0
Ronald Araújo,Barcelona,s2223,   D(CR),1033.0,0.0,1.0,5.0,1.0
Ronald Araújo,Barcelona,s2324,Not Available,1994.0,1.0,2.0,6.0,0.0
Ronaël Pierre-Gabriel,Espanyol,s2223,   D(CLR) M(R),164.0,0.0,0.0,0.0,1.0
Roque Mesa,Valladolid,s2223,   DMC,1247.0,2.0,1.0,6.0,1.0
Rubén Alcaraz,Cádiz,s2122,Midfielder,1105.0,2.0,0.0,7.0,0.0
Rubén Alcaraz,Cádiz,s2223,   DMC,1263.0,2.0,0.0,6.0,1.0
Rubén Alcaraz,Cádiz,s2324,Not Available,3138.0,3.0,1.0,13.0,0.0
Rubén Blanco,Celta de Vigo,s2122,Goalkeeper,0.0,0.0,0.0,0.0,0.0
Rubén Duarte,Alavés,s2122,Defender,2627.0,0.0,4.0,10.0,1.0
Rubén Duarte,Alavés,s2324,Not Available,1875.0,2.0,1.0,7.0,0.0
Rubén García,Osasuna,s2122,Forward,2395.0,1.0,6.0,1.0,0.0
Rubén García,Osasuna,s2223,   AM(CLR) FW,708.0,1.0,2.0,2.0,0.0
Rubén García,Osasuna,s2324,Not Available,1549.0,3.0,2.0,1.0,0.0
Rubén García,Osasuna,s2425,RW,77.0,0.0,0.0,0.0,0.0
Rubén Iranzo,Valencia,s2122,Defender,134.0,0.0,0.0,2.0,0.0
Rubén Peña,Osasuna,s2223,   D(R) M(LR),656.0,0.0,1.0,1.0,1.0
Rubén Peña,Osasuna,s2324,Not Available,2105.0,0.0,2.0,3.0,0.0
Rubén Peña,Osasuna,s2425,RW,13.0,0.0,0.0,0.0,0.0
Rubén Peña,Villarreal,s2122,Forward,127.0,0.0,0.0,1.0,0.0
Rubén Rochina,Granada,s2122,Midfielder,739.0,1.0,3.0,3.0,0.0
Rubén Sobrino,Cádiz,s2122,Forward,1856.0,4.0,1.0,3.0,0.0
Rubén Sobrino,Cádiz,s2223,   AM(CLR) FW,1466.0,2.0,1.0,6.0,0.0
Rubén Sobrino,Cádiz,s2324,Not Available,1648.0,0.0,1.0,8.0,1.0
Rubén Sánchez,Espanyol,s2122,Midfielder,148.0,0.0,1.0,0.0,0.0
Rubén Sánchez,Espanyol,s2223,   M(R),583.0,0.0,2.0,1.0,0.0
Rubén Yáñez,Getafe,s2122,Goalkeeper,0.0,0.0,0.0,0.0,0.0
Rui Silva,Real Betis,s2223,   GK,1710.0,0.0,0.0,2.0,0.0
Rui Silva,Real Betis,s2324,Not Available,2475.0,0.0,0.0,4.0,0.0
Rui Silva,Real Betis,s2425,GK,90.0,0.0,0.0,0.0,0.0
Rui Tiago Dantas da Silva,Real Betis,s2122,Goalkeeper,1963.0,0.0,0.0,2.0,0.0
Rúben Miguel Nunes Vezo,Levante,s2122,Defender,2420.0,0.0,0.0,4.0,0.0
Salvador Sevilla,Mallorca,s2122,Midfielder,1510.0,5.0,3.0,2.0,0.0
Salvador Sánchez Ponce,Cádiz,s2122,Midfielder,1400.0,2.0,1.0,1.0,1.0
Salvi Sánchez,Rayo Vallecano,s2223,   AM(R),296.0,0.0,0.0,2.0,0.0
Samu Castillejo,Valencia,s2223,   AM(CLR),1119.0,3.0,0.0,6.0,0.0
Samuel Chukwueze,Villarreal,s2122,Midfielder,1329.0,3.0,3.0,4.0,0.0
Samuel Chukwueze,Villarreal,s2223,   AM(CR),1394.0,3.0,5.0,1.0,0.0
Samuel Dias Lino,Atlético Madrid,s2324,Not Available,2087.0,4.0,5.0,0.0,0.0
Samuel Lino,Atlético Madrid,s2425,"AM,WB,CM",90.0,0.0,0.0,1.0,0.0
Samuel Lino,Valencia,s2223,   AM(LR) FW,2056.0,2.0,1.0,3.0,0.0
Samuel Omorodion,Alavés,s2324,Not Available,2003.0,9.0,1.0,6.0,0.0
Samuel Umtiti,Barcelona,s2122,Defender,90.0,0.0,0.0,1.0,0.0
Samú Costa,Almería,s2223,   M(C),1241.0,1.0,0.0,3.0,0.0
Samú Costa,Mallorca,s2324,Not Available,2305.0,1.0,1.0,8.0,0.0
Samú Costa,Mallorca,s2425,LM,90.0,0.0,0.0,0.0,0.0
Sandro Ramírez,Getafe,s2122,Forward,1471.0,3.0,0.0,7.0,0.0
Sandro Ramírez,Las Palmas,s2324,Not Available,1819.0,1.0,3.0,3.0,0.0
Sandro Ramírez,Las Palmas,s2425,RW,23.0,1.0,0.0,0.0,0.0
Santi Comesaña,Rayo Vallecano,s2223,   M(C),1482.0,1.0,0.0,4.0,0.0
Santi Comesaña,Villarreal,s2324,Not Available,1656.0,2.0,0.0,6.0,2.0
Santi Comesaña,Villarreal,s2425,"CM,LM",90.0,0.0,0.0,0.0,0.0
Santiago Arias,Granada,s2122,Defender,433.0,1.0,0.0,1.0,0.0
Santiago Arzamendia,Cádiz,s2122,Defender,462.0,1.0,0.0,2.0,0.0
Santiago Arzamendia,Cádiz,s2223,   D(L) M(L),386.0,0.0,0.0,0.0,0.0
Santiago Bueno,Girona,s2223,   D(C),2148.0,0.0,1.0,4.0,1.0
Santiago Comesaña,Rayo Vallecano,s2122,Midfielder,2698.0,1.0,2.0,10.0,1.0
Santiago Mina Lorenzo,Celta de Vigo,s2122,Forward,2378.0,7.0,3.0,4.0,0.0
Santiago Mouriño,Alavés,s2425,"CB,DM",27.0,0.0,0.0,0.0,0.0
Saul Coco,Las Palmas,s2324,Not Available,2293.0,1.0,0.0,6.0,1.0
Saul García,Alavés,s2122,Defender,3.0,0.0,0.0,0.0,0.0
Savio,Girona,s2324,Not Available,2989.0,9.0,10.0,5.0,0.0
Saúl Ñíguez,Atlético Madrid,s2223,   D(CL) M(CLR),640.0,1.0,1.0,7.0,0.0
Saúl Ñíguez,Atlético Madrid,s2324,Not Available,1363.0,1.0,5.0,8.0,1.0
Saúl Ñíguez,Sevilla,s2425,LM,90.0,0.0,0.0,0.0,0.0
Scott McKenna,Las Palmas,s2425,"LB,CB",22.0,0.0,0.0,0.0,0.0
Selim Amallah,Valencia,s2324,Not Available,597.0,0.0,1.0,3.0,1.0
Selim Amallah,Valladolid,s2223,   AM(CL) FW,55.0,0.0,0.0,0.0,1.0
Selim Amallah,Valladolid,s2425,CM,68.0,0.0,0.0,0.0,0.0
Serge Aurier,Villarreal,s2122,Defender,1003.0,0.0,1.0,4.0,0.0
Sergi,Leganés,s2425,CB,90.0,0.0,0.0,0.0,0.0
Sergi Altimira,Real Betis,s2324,Not Available,566.0,1.0,0.0,1.0,0.0
Sergi Altimira,Real Betis,s2425,DM,14.0,0.0,0.0,0.0,0.0
Sergi Canós,Valencia,s2324,Not Available,1234.0,1.0,2.0,2.0,0.0
Sergi Canós,Valencia,s2425,LM,9.0,0.0,0.0,0.0,0.0
Sergi Cardona,Las Palmas,s2324,Not Available,2816.0,1.0,2.0,10.0,0.0
Sergi Cardona,Villarreal,s2425,LB,90.0,0.0,0.0,0.0,0.0
Sergi Darder,Espanyol,s2122,Midfielder,3132.0,3.0,9.0,4.0,0.0
Sergi Darder,Espanyol,s2223,   M(CL),2225.0,4.0,2.0,2.0,0.0
Sergi Darder,Mallorca,s2324,Not Available,2154.0,2.0,5.0,4.0,0.0
Sergi Darder,Mallorca,s2425,RM,71.0,0.0,0.0,0.0,0.0
Sergi Dominguez,Barcelona,s2425,CB,30.0,0.0,0.0,0.0,0.0
Sergi Guardiola,Cádiz,s2223,   FW,287.0,2.0,0.0,0.0,0.0
Sergi Guardiola,Cádiz,s2324,Not Available,475.0,1.0,1.0,1.0,0.0
Sergi Guardiola,Rayo Vallecano,s2425,FW,4.0,0.0,0.0,0.0,0.0
Sergi Gómez,Espanyol,s2122,Defender,2723.0,1.0,2.0,1.0,1.0
Sergi Gómez,Espanyol,s2223,   D(CR),1526.0,0.0,0.0,0.0,1.0
Sergi Gómez,Espanyol,s2425,CB,90.0,0.0,0.0,0.0,0.0
Sergi Roberto,Barcelona,s2122,Defender,399.0,2.0,1.0,1.0,0.0
Sergi Roberto,Barcelona,s2223,   D(R) M(CR),869.0,3.0,1.0,2.0,0.0
Sergi Roberto,Barcelona,s2324,Not Available,863.0,3.0,2.0,4.0,0.0
Sergio Agüero,Unknown,s2122,Unknown,0.0,0.0,0.0,0.0,0.0
Sergio Akieme,Almería,s2223,   D(L),2118.0,1.0,0.0,5.0,0.0
Sergio Akieme,Almería,s2324,Not Available,1676.0,2.0,0.0,2.0,0.0
Sergio Arribas,Almería,s2324,Not Available,2055.0,9.0,4.0,1.0,0.0
Sergio Arribas,Real Madrid,s2223,   Midfielder,9.0,0.0,0.0,0.0,0.0
Sergio Asenjo,Unknown,s2122,Unknown,0.0,0.0,0.0,0.0,0.0
Sergio Asenjo,Valladolid,s2223,   GK,720.0,0.0,0.0,0.0,0.0
Sergio Barcia,Granada,s2122,Defender,77.0,0.0,0.0,0.0,0.0
Sergio Bono,Unknown,s2122,Unknown,0.0,0.0,0.0,0.0,0.0
Sergio Busquets,Barcelona,s2122,Midfielder,3202.0,2.0,0.0,12.0,0.0
Sergio Busquets,Barcelona,s2223,   DMC,1563.0,0.0,3.0,4.0,1.0
Sergio Camello,Mirandés,s2122,Forward,2894.0,15.0,4.0,6.0,0.0
Sergio Camello,Rayo Vallecano,s2223,   FW,1777.0,5.0,3.0,1.0,0.0
Sergio Camello,Rayo Vallecano,s2324,Not Available,1668.0,3.0,1.0,3.0,0.0
Sergio Camello,Rayo Vallecano,s2425,FW,28.0,1.0,0.0,0.0,0.0
Sergio Canales,Real Betis,s2122,Midfielder,2803.0,5.0,7.0,7.0,0.0
Sergio Canales,Real Betis,s2223,   M(CLR),1565.0,4.0,2.0,2.0,1.0
Sergio Carreira,Celta de Vigo,s2425,RM,45.0,0.0,0.0,0.0,0.0
Sergio Diez Roldán,Atlético Madrid,s2122,Defender,0.0,0.0,0.0,0.0,0.0
Sergio Escudero,Granada,s2122,Defender,1428.0,2.0,1.0,6.0,0.0
Sergio Escudero,Valladolid,s2223,   D(L) M(L),885.0,0.0,0.0,3.0,0.0
Sergio Guardiola Navarro,Rayo Vallecano,s2122,Forward,1712.0,8.0,2.0,3.0,0.0
Sergio Gómez,Real Sociedad,s2425,RW,23.0,0.0,0.0,0.0,0.0
Sergio Herrera,Osasuna,s2122,Goalkeeper,3240.0,0.0,0.0,3.0,0.0
Sergio Herrera,Osasuna,s2223,   GK,1080.0,0.0,0.0,3.0,0.0
Sergio Herrera,Osasuna,s2324,Not Available,2870.0,0.0,0.0,2.0,0.0
Sergio Herrera,Osasuna,s2425,GK,90.0,0.0,0.0,0.0,0.0
Sergio León,Valladolid,s2223,   FW,1017.0,5.0,1.0,0.0,1.0
Sergio Moreno,Amorebieta,s2122,Forward,663.0,0.0,0.0,2.0,0.0
Sergio Postigo,Levante,s2122,Defender,849.0,0.0,0.0,3.0,0.0
Sergio Ramos,Sevilla,s2324,Not Available,2518.0,3.0,0.0,7.0,1.0
Sergio Reguilón,Atlético Madrid,s2223,   D(L) M(L),85.0,0.0,0.0,0.0,1.0
Sergio Rico,Mallorca,s2122,Goalkeeper,1260.0,0.0,0.0,0.0,0.0
Sergio Rodelas,Granada,s2324,Not Available,122.0,0.0,1.0,0.0,0.0
Sergio Ruiz,Granada,s2324,Not Available,2501.0,0.0,4.0,9.0,0.0
Sergio Santos,Real Madrid,s2122,Defender,10.0,0.0,0.0,0.0,0.0
Sergiño Dest,Barcelona,s2122,Defender,1514.0,0.0,3.0,2.0,0.0
Seydouba Cissé,Leganés,s2425,AM,73.0,0.0,0.0,0.0,0.0
Sheraldo Becker,Real Sociedad,s2324,Not Available,772.0,2.0,2.0,1.0,0.0
Sheraldo Becker,Real Sociedad,s2425,LW,90.0,0.0,0.0,0.0,0.0
Shkodran Mustafi,Levante,s2122,Defender,658.0,1.0,0.0,1.0,0.0
Shon Weissman,Granada,s2324,Not Available,78.0,0.0,0.0,0.0,0.0
Sidnei Rechel da Silva Júnior,Unknown,s2122,Unknown,0.0,0.0,0.0,0.0,0.0
Siebe van der Heyden,Mallorca,s2324,Not Available,284.0,0.0,0.0,2.0,1.0
Silvi Clúa,Girona,s2425,CM,65.0,0.0,0.0,0.0,0.0
Sime Vrsaljko,Atlético Madrid,s2122,Defender,908.0,1.0,2.0,4.0,0.0
Simo,Espanyol,s2223,   Defender,85.0,0.0,0.0,0.0,0.0
Sokratis Papastathopoulos,Real Betis,s2324,Not Available,1135.0,0.0,0.0,6.0,0.0
Sory Kaba,Las Palmas,s2324,Not Available,720.0,1.0,1.0,2.0,0.0
Srdjan Babic,Almería,s2223,   D(C),1935.0,1.0,0.0,3.0,0.0
Srdjan Babic,Almería,s2324,Not Available,90.0,0.0,0.0,0.0,0.0
Stanis Idumbo,Sevilla,s2425,RW,9.0,0.0,0.0,0.0,0.0
Stanko Jurić,Valladolid,s2425,CM,29.0,0.0,0.0,0.0,0.0
Stefan Mitrovic,Getafe,s2122,Defender,2670.0,0.0,0.0,8.0,1.0
Stefan Mitrovic,Getafe,s2223,   D(C),1039.0,0.0,0.0,3.0,0.0
Stefan Mitrovic,Getafe,s2324,Not Available,700.0,1.0,0.0,3.0,0.0
Stefan Savic,Atlético Madrid,s2122,Defender,2440.0,0.0,0.0,12.0,0.0
Stefan Savic,Atlético Madrid,s2223,   D(C),1496.0,0.0,0.0,4.0,2.0
Stefan Savic,Atlético Madrid,s2324,Not Available,1631.0,0.0,0.0,5.0,1.0
Stoichkov,Alavés,s2425,AM,23.0,0.0,0.0,0.0,0.0
Stole Dimitrievski,Rayo Vallecano,s2122,Goalkeeper,2771.0,0.0,0.0,0.0,0.0
Stole Dimitrievski,Rayo Vallecano,s2223,   GK,2160.0,0.0,0.0,3.0,0.0
Stole Dimitrievski,Rayo Vallecano,s2324,Not Available,3330.0,0.0,0.0,2.0,0.0
Suso,Sevilla,s2223,   AM(CLR) FW,565.0,1.0,1.0,1.0,0.0
Suso,Sevilla,s2324,Not Available,1514.0,1.0,4.0,5.0,1.0
Suso,Sevilla,s2425,FW,29.0,0.0,0.0,0.0,0.0
Sébastien Haller,Leganés,s2425,FW,90.0,0.0,0.0,0.0,0.0
Tadeo Allende,Celta de Vigo,s2324,Not Available,330.0,1.0,0.0,1.0,0.0
Tadeo Allende,Celta de Vigo,s2425,FW,2.0,0.0,0.0,0.0,0.0
Taichi Hara,Unknown,s2122,Unknown,0.0,0.0,0.0,0.0,0.0
Takefusa Kubo,Mallorca,s2122,Midfielder,1606.0,1.0,0.0,4.0,0.0
Takefusa Kubo,Real Sociedad,s2223,   AM(CLR) FW,1603.0,4.0,3.0,2.0,0.0
Takefusa Kubo,Real Sociedad,s2324,Not Available,2155.0,7.0,4.0,2.0,0.0
Takefusa Kubo,Real Sociedad,s2425,RW,67.0,0.0,0.0,0.0,0.0
Takuma Asano,Mallorca,s2425,"RW,LW",71.0,0.0,0.0,0.0,0.0
Tanguy Nianzou,Sevilla,s2223,   D(C),1235.0,1.0,0.0,1.0,1.0
Tanguy Nianzou,Sevilla,s2324,Not Available,315.0,0.0,0.0,3.0,0.0
Tanguy Nianzou,Sevilla,s2425,CB,90.0,0.0,0.0,0.0,0.0
Tete Morente,Elche,s2223,   M(CLR),990.0,1.0,0.0,4.0,0.0
Theodor Corbeanu,Granada,s2324,Not Available,196.0,1.0,0.0,2.0,0.0
Thiago Galhardo do Nascimento Rocha,Celta de Vigo,s2122,Forward,1132.0,2.0,2.0,5.0,0.0
Thibaut Courtois,Real Madrid,s2122,Goalkeeper,3240.0,0.0,0.0,1.0,0.0
Thibaut Courtois,Real Madrid,s2223,   GK,1710.0,0.0,0.0,0.0,0.0
Thibaut Courtois,Real Madrid,s2324,Not Available,333.0,0.0,0.0,0.0,0.0
Thibaut Courtois,Real Madrid,s2425,GK,90.0,0.0,0.0,0.0,0.0
Thierno Barry,Villarreal,s2425,FW,26.0,0.0,0.0,0.0,0.0
Thierry Correia,Valencia,s2223,   D(R) M(R),1482.0,0.0,0.0,3.0,0.0
Thierry Correia,Valencia,s2324,Not Available,2157.0,0.0,2.0,4.0,1.0
Thierry Correia,Valencia,s2425,RB,90.0,0.0,0.0,0.0,0.0
Thierry Rendall Correia,Valencia,s2122,Defender,1424.0,0.0,1.0,5.0,0.0
Thomas Carrique,Celta de Vigo,s2122,Defender,0.0,0.0,0.0,0.0,0.0
Thomas Delaney,Sevilla,s2122,Midfielder,1544.0,2.0,1.0,2.0,1.0
Thomas Giaquinto,Mallorca,s2122,Midfielder,0.0,0.0,0.0,0.0,0.0
Thomas Lemar,Atlético Madrid,s2122,Midfielder,1445.0,4.0,5.0,2.0,0.0
Thomas Lemar,Atlético Madrid,s2223,   AM(CLR),824.0,0.0,2.0,0.0,0.0
Thomas Lemar,Atlético Madrid,s2324,Not Available,166.0,0.0,0.0,0.0,0.0
Thomas Lemar,Atlético Madrid,s2425,CM,7.0,0.0,0.0,0.0,0.0
Théo Bongonda,Cádiz,s2223,   AM(LR),1079.0,2.0,2.0,0.0,0.0
Tiago Manuel Dias Correia,Rayo Vallecano,s2122,Forward,851.0,1.0,2.0,2.0,0.0
Tinotenda Kadewere,Mallorca,s2223,   AM(R) FW,380.0,1.0,0.0,0.0,0.0
Tomás Alarcón,Cádiz,s2122,Midfielder,1423.0,0.0,1.0,5.0,0.0
Tomás Alarcón,Cádiz,s2223,   DMC,222.0,0.0,0.0,0.0,1.0
Tomás Conechny,Alavés,s2425,LW,67.0,0.0,0.0,1.0,0.0
Tomás Mendes,Alavés,s2122,Midfielder,8.0,0.0,0.0,0.0,0.0
Tomás Pina,Alavés,s2122,Midfielder,1442.0,0.0,0.0,4.0,0.0
Toni Fuidias,Real Madrid,s2122,Goalkeeper,0.0,0.0,0.0,0.0,0.0
Toni Kroos,Real Madrid,s2122,Midfielder,2108.0,1.0,3.0,4.0,0.0
Toni Kroos,Real Madrid,s2223,   M(C),1447.0,2.0,3.0,0.0,1.0
Toni Kroos,Real Madrid,s2324,Not Available,2130.0,1.0,8.0,3.0,0.0
Toni Lato,Mallorca,s2324,Not Available,1546.0,0.0,1.0,3.0,0.0
Toni Lato,Mallorca,s2425,LB,71.0,0.0,0.0,0.0,0.0
Toni Lato,Valencia,s2223,   D(L) M(L),650.0,1.0,0.0,1.0,0.0
Toni Martínez,Alavés,s2425,FW,21.0,1.0,0.0,0.0,0.0
Toni Villa,Girona,s2223,   AM(CLR),661.0,1.0,2.0,2.0,0.0
Toni Villa,Girona,s2324,Not Available,11.0,0.0,0.0,0.0,0.0
Toni Villa,Valladolid,s2223,   AM(CLR),91.0,0.0,0.0,0.0,0.0
Tonny Vilhena,Espanyol,s2122,Midfielder,936.0,1.0,1.0,4.0,0.0
Umar Sadiq,Real Sociedad,s2223,   FW,83.0,1.0,0.0,0.0,0.0
Umar Sadiq,Real Sociedad,s2324,Not Available,1074.0,3.0,1.0,4.0,0.0
Umar Sadiq,Real Sociedad,s2425,FW,24.0,0.0,0.0,0.0,0.0
Unai Dufur,Osasuna,s2122,Midfielder,90.0,0.0,0.0,0.0,0.0
Unai García,Osasuna,s2122,Defender,1407.0,0.0,0.0,5.0,0.0
Unai García,Osasuna,s2223,   D(C),1365.0,0.0,1.0,6.0,1.0
Unai García,Osasuna,s2324,Not Available,559.0,1.0,0.0,4.0,1.0
Unai Gómez,Athletic Club,s2324,Not Available,867.0,2.0,0.0,1.0,0.0
Unai Gómez,Athletic Club,s2425,DM,34.0,0.0,0.0,1.0,0.0
Unai López,Rayo Vallecano,s2122,Midfielder,1154.0,0.0,0.0,5.0,0.0
Unai López,Rayo Vallecano,s2223,   M(CR),875.0,1.0,2.0,1.0,0.0
Unai López,Rayo Vallecano,s2324,Not Available,2123.0,1.0,2.0,9.0,0.0
Unai López,Rayo Vallecano,s2425,CM,45.0,0.0,0.0,1.0,0.0
Unai Marrero,Real Sociedad B,s2122,Goalkeeper,171.0,0.0,0.0,0.0,0.0
Unai Núñez,Athletic Club,s2122,Defender,620.0,0.0,0.0,2.0,0.0
Unai Núñez,Athletic Club,s2425,CB,90.0,0.0,0.0,0.0,0.0
Unai Núñez,Celta de Vigo,s2223,   D(C),2070.0,0.0,0.0,6.0,0.0
Unai Núñez,Celta de Vigo,s2324,Not Available,2802.0,1.0,0.0,4.0,0.0
Unai Ropero,Alavés,s2122,Forward,11.0,0.0,0.0,0.0,0.0
Unai Simón,Athletic Club,s2122,Goalkeeper,3060.0,0.0,0.0,3.0,0.0
Unai Simón,Athletic Club,s2223,   GK,1936.0,0.0,0.0,1.0,0.0
Unai Simón,Athletic Club,s2324,Not Available,3184.0,0.0,0.0,2.0,0.0
Unai Vencedor,Athletic Club,s2122,Midfielder,2396.0,0.0,0.0,4.0,0.0
Unai Vencedor,Athletic Club,s2223,   DMC,142.0,0.0,0.0,2.0,0.0
Urko González,Real Sociedad,s2324,Not Available,154.0,0.0,0.0,1.0,0.0
Urko González,Real Sociedad,s2425,CM,45.0,0.0,0.0,1.0,0.0
Urko González de Zárate,Real Sociedad B,s2122,Defender,3028.0,0.0,1.0,4.0,0.0
Uros Racic,Valencia,s2122,Midfielder,1198.0,0.0,0.0,1.0,1.0
Valentin Rosier,Leganés,s2425,RB,90.0,0.0,0.0,1.0,0.0
Valentino Fattore,Sevilla,s2122,Defender,1.0,0.0,0.0,0.0,0.0
Valentín Barco,Sevilla,s2425,"LB,WB",90.0,0.0,0.0,0.0,0.0
Valentín Castellanos,Girona,s2223,   AM(R) FW,1840.0,6.0,0.0,7.0,0.0
Valery Fernández,Girona,s2223,   D(R) M(L),661.0,0.0,2.0,1.0,0.0
Valery Fernández,Girona,s2324,Not Available,486.0,2.0,0.0,1.0,0.0
Valery Fernández,Mallorca,s2425,"RM,RB",45.0,0.0,0.0,1.0,0.0
Varazdat Haroyan,Cádiz,s2122,Defender,1437.0,1.0,0.0,9.0,0.0
Vedat Muriqi,Mallorca,s2122,Forward,1439.0,5.0,3.0,6.0,0.0
Vedat Muriqi,Mallorca,s2223,   FW,1923.0,10.0,2.0,5.0,1.0
Vedat Muriqi,Mallorca,s2324,Not Available,2329.0,7.0,2.0,5.0,0.0
Vedat Muriqi,Mallorca,s2425,FW,90.0,1.0,0.0,0.0,0.0
Vicente Guaita,Celta de Vigo,s2324,Not Available,2402.0,0.0,0.0,2.0,0.0
Vicente Guaita,Celta de Vigo,s2425,GK,90.0,0.0,0.0,0.0,0.0
Vicente Iborra,Villarreal,s2122,Midfielder,1031.0,0.0,1.0,4.0,0.0
Victor Chust,Cádiz,s2122,Defender,1829.0,0.0,0.0,2.0,0.0
Victor Chust,Cádiz,s2223,   D(C),852.0,1.0,0.0,3.0,0.0
Victor Chust,Cádiz,s2324,Not Available,1870.0,0.0,1.0,3.0,2.0
Victor Mollejo,Tenerife,s2122,Forward,2459.0,3.0,2.0,8.0,1.0
Victor Wehbi Aznar Ussen,Cádiz,s2122,Goalkeeper,0.0,0.0,0.0,0.0,0.0
Viktor Tsigankov,Girona,s2324,Not Available,2067.0,8.0,7.0,0.0,0.0
Viktor Tsygankov,Girona,s2223,   AM(CLR),361.0,1.0,3.0,0.0,0.0
Viktor Tsyhankov,Girona,s2425,RW,67.0,0.0,0.0,0.0,0.0
Vinicius Souza,Espanyol,s2223,   DMC,1985.0,0.0,0.0,5.0,1.0
Vinícius Júnior,Real Madrid,s2122,Forward,2699.0,17.0,10.0,6.0,0.0
Vinícius Júnior,Real Madrid,s2223,   AM(L) FW,2122.0,8.0,4.0,8.0,0.0
Vinícius Júnior,Real Madrid,s2324,Not Available,1872.0,15.0,5.0,7.0,0.0
Vinícius Júnior,Real Madrid,s2425,LW,87.0,0.0,1.0,0.0,0.0
Viti,Las Palmas,s2425,RB,15.0,0.0,0.0,1.0,0.0
Vitor Roque,Barcelona,s2324,Not Available,319.0,2.0,0.0,2.0,1.0
Vitor Roque,Real Betis,s2425,FW,34.0,0.0,0.0,0.0,0.0
Víctor Camarasa,Real Betis,s2122,Midfielder,102.0,0.0,0.0,0.0,0.0
Víctor Díaz,Granada,s2122,Defender,1504.0,1.0,0.0,5.0,0.0
Víctor Díaz,Granada,s2324,Not Available,161.0,0.0,0.0,1.0,0.0
Víctor Gómez,Málaga,s2122,Defender,3007.0,0.0,5.0,7.0,1.0
Víctor Laguardia,Alavés,s2122,Defender,3044.0,3.0,2.0,9.0,0.0
Víctor Machín Pérez,Getafe,s2122,Forward,216.0,0.0,0.0,0.0,0.0
Víctor Meseguer,Valladolid,s2425,CM,22.0,0.0,0.0,0.0,0.0
Víctor Ruiz,Real Betis,s2122,Defender,1425.0,0.0,0.0,2.0,0.0
Víctor Ruiz,Real Betis,s2223,   D(C),550.0,0.0,0.0,0.0,0.0
Walid Cheddira,Espanyol,s2425,FW,27.0,0.0,0.0,0.0,0.0
William Carvalho,Real Betis,s2223,   DMC,1614.0,2.0,0.0,5.0,1.0
William Carvalho,Real Betis,s2324,Not Available,669.0,1.0,3.0,2.0,0.0
William Carvalho,Real Betis,s2425,DM,76.0,0.0,0.0,0.0,0.0
William Silva de Carvalho,Real Betis,s2122,Midfielder,1803.0,2.0,3.0,6.0,0.0
Willian José,Real Betis,s2223,   FW,376.0,1.0,0.0,0.0,0.0
Willian José,Real Betis,s2324,Not Available,1978.0,10.0,5.0,0.0,1.0
Willian José Da Silva,Real Betis,s2122,Forward,1610.0,8.0,4.0,1.0,0.0
Williot Swedberg,Celta de Vigo,s2223,   Midfielder,34.0,0.0,0.0,1.0,0.0
Williot Swedberg,Celta de Vigo,s2324,Not Available,434.0,5.0,0.0,1.0,0.0
Williot Swedberg,Celta de Vigo,s2425,CB,45.0,1.0,1.0,0.0,0.0
Willy Kambwala,Villarreal,s2425,CB,90.0,0.0,0.0,0.0,0.0
Wilson Manafa,Granada,s2324,Not Available,241.0,0.0,0.0,1.0,0.0
Xeber Alkain,Alavés,s2324,Not Available,300.0,0.0,0.0,1.0,0.0
Yacine Qasmi,Leganés,s2122,Forward,681.0,3.0,0.0,5.0,0.0
Yan Couto,Girona,s2223,   D(R) M(R),682.0,0.0,1.0,1.0,0.0
Yan Couto,Girona,s2324,Not Available,2245.0,1.0,8.0,8.0,0.0
Yan Eteki,Granada,s2122,Midfielder,337.0,0.0,0.0,3.0,0.0
Yangel Herrera,Espanyol,s2122,Midfielder,1650.0,1.0,1.0,5.0,1.0
Yangel Herrera,Girona,s2223,   M(C),779.0,2.0,2.0,2.0,0.0
Yangel Herrera,Girona,s2324,Not Available,2120.0,5.0,0.0,9.0,0.0
Yangel Herrera,Girona,s2425,RM,70.0,0.0,0.0,0.0,0.0
Yannick Carrasco,Atlético Madrid,s2122,Midfielder,2589.0,6.0,6.0,5.0,0.0
Yannick Carrasco,Atlético Madrid,s2223,   D(L) M(CLR) FW,1341.0,2.0,0.0,1.0,0.0
Yannick Carrasco,Atlético Madrid,s2324,Not Available,223.0,0.0,1.0,0.0,0.0
Yarek Gasiorowski,Valencia,s2324,Not Available,732.0,0.0,0.0,1.0,0.0
Yarek Gasiorowski,Valencia,s2425,CB,90.0,0.0,0.0,0.0,0.0
Yaser Asprilla,Girona,s2425,"RM,FW",17.0,0.0,0.0,0.0,0.0
Yassin Fekir,Unknown,s2122,Unknown,0.0,0.0,0.0,0.0,0.0
Yassine Bounou,Sevilla,s2122,Goalkeeper,2790.0,0.0,2.0,2.0,0.0
Yassine Bounou,Sevilla,s2223,   GK,1974.0,0.0,0.0,2.0,0.0
Yeray Álvarez,Athletic Club,s2122,Defender,1859.0,0.0,0.0,6.0,0.0
Yeray Álvarez,Athletic Club,s2223,   D(C),1720.0,1.0,1.0,5.0,1.0
Yeray Álvarez,Athletic Club,s2324,Not Available,1155.0,0.0,0.0,1.0,1.0
Yeray Álvarez,Athletic Club,s2425,CB,90.0,0.0,0.0,0.0,0.0
Yeremy Pino,Villarreal,s2223,   AM(LR),1481.0,3.0,1.0,3.0,0.0
Yerson Mosquera,Villarreal,s2324,Not Available,1228.0,2.0,1.0,4.0,0.0
Yoel Ramírez,Osasuna,s2122,Goalkeeper,0.0,0.0,0.0,0.0,0.0
Youba Diarra,Cádiz,s2223,   Midfielder,39.0,0.0,0.0,1.0,0.0
Youssef En-Nesyri,Sevilla,s2122,Forward,1279.0,5.0,1.0,1.0,0.0
Youssef En-Nesyri,Sevilla,s2223,   FW,1012.0,5.0,0.0,3.0,0.0
Youssef En-Nesyri,Sevilla,s2324,Not Available,2573.0,16.0,2.0,4.0,0.0
Youssouf Sabaly,Real Betis,s2122,Defender,789.0,0.0,1.0,1.0,0.0
Youssouf Sabaly,Real Betis,s2223,   D(LR) M(R),1185.0,0.0,0.0,1.0,0.0
Youssouf Sabaly,Real Betis,s2324,Not Available,1048.0,0.0,1.0,2.0,0.0
Youssouf Sabaly,Real Betis,s2425,RB,90.0,0.0,0.0,0.0,0.0
Yunus Musah,Valencia,s2122,Midfielder,1259.0,1.0,0.0,5.0,0.0
Yunus Musah,Valencia,s2223,   AM(CR),1638.0,0.0,2.0,8.0,0.0
Yuri Berchiche,Athletic Club,s2122,Defender,1015.0,1.0,2.0,3.0,0.0
Yuri Berchiche,Athletic Club,s2223,   D(L) M(L),1238.0,1.0,1.0,4.0,1.0
Yuri Berchiche,Athletic Club,s2324,Not Available,1931.0,3.0,1.0,5.0,0.0
Yuri Berchiche,Athletic Club,s2425,LB,90.0,0.0,0.0,0.0,0.0
Yusuf Demir,Unknown,s2122,Unknown,0.0,0.0,0.0,0.0,0.0
Yvan Neyou,Leganés,s2425,DM,90.0,0.0,0.0,0.0,0.0
Yéremi Pino,Villarreal,s2122,Forward,1685.0,6.0,4.0,2.0,0.0
Yéremi Pino,Villarreal,s2324,Not Available,479.0,0.0,0.0,4.0,0.0
Yéremi Pino,Villarreal,s2425,RM,70.0,0.0,0.0,1.0,0.0
Zouhair Feddal,Valladolid,s2223,   D(C),374.0,0.0,0.0,1.0,0.0
Álex Baena,Villarreal,s2223,   AM(CL),1293.0,4.0,1.0,10.0,1.0
Álex Baena,Villarreal,s2324,Not Available,2599.0,2.0,14.0,11.0,1.0
Álex Baena,Villarreal,s2425,LM,70.0,0.0,0.0,0.0,0.0
Álex Balde,Barcelona,s2324,Not Available,1378.0,0.0,1.0,1.0,0.0
Álex Berenguer,Athletic Club,s2223,   D(LR) M(CLR) FW,1624.0,3.0,1.0,0.0,0.0
Álex Berenguer,Athletic Club,s2324,Not Available,1581.0,7.0,3.0,4.0,0.0
Álex Berenguer,Athletic Club,s2425,LW,71.0,0.0,0.0,0.0,0.0
Álex Centelles,Almería,s2223,   D(L),134.0,0.0,0.0,0.0,1.0
Álex Centelles,Almería,s2324,Not Available,979.0,0.0,1.0,2.0,0.0
Álex Collado,Elche,s2223,   AM(CR),542.0,1.0,1.0,1.0,0.0
Álex Collado,Granada,s2122,Midfielder,1025.0,2.0,1.0,1.0,0.0
Álex Fernández,Cádiz,s2223,   M(CL) FW,1394.0,3.0,0.0,0.0,0.0
Álex Fernández,Cádiz,s2324,Not Available,1283.0,0.0,1.0,3.0,0.0
Álex Morata,Cádiz,s2324,Not Available,0.0,0.0,0.0,0.0,0.0
Álex Moreno,Real Betis,s2223,   D(L) M(L),1350.0,0.0,3.0,1.0,0.0
Álex Muñoz,Las Palmas,s2425,LB,68.0,0.0,0.0,0.0,0.0
Álex Remiro,Real Sociedad,s2223,   GK,2250.0,0.0,0.0,1.0,0.0
Álex Remiro,Real Sociedad,s2324,Not Available,3276.0,0.0,0.0,2.0,1.0
Álex Remiro,Real Sociedad,s2425,GK,90.0,0.0,0.0,0.0,0.0
Álex Revuelta,Getafe,s2223,   Defender,1.0,0.0,0.0,0.0,0.0
Álex Sola,Alavés,s2324,Not Available,1285.0,0.0,3.0,2.0,0.0
Álex Sola,Getafe,s2425,LM,78.0,0.0,0.0,0.0,0.0
Álex Sola,Real Sociedad,s2223,   D(R),340.0,0.0,0.0,1.0,0.0
Álex Sola,Real Sociedad B,s2122,Defender,1077.0,2.0,1.0,4.0,1.0
Álex Suárez,Las Palmas,s2324,Not Available,2566.0,2.0,0.0,7.0,0.0
Álex Suárez,Las Palmas,s2425,CB,90.0,0.0,0.0,0.0,0.0
Álvaro Aceves,Valladolid,s2223,   Goalkeeper,12.0,0.0,0.0,0.0,0.0
Álvaro Aguado,Espanyol,s2425,CM,13.0,0.0,0.0,0.0,0.0
Álvaro Aguado,Valladolid,s2223,   M(C),1264.0,1.0,2.0,3.0,0.0
Álvaro Aguirre,Rayo Vallecano,s2122,Midfielder,8.0,0.0,0.0,0.0,0.0
Álvaro Bastida,Unknown,s2122,Unknown,0.0,0.0,0.0,0.0,0.0
Álvaro Fernández,Espanyol,s2223,   GK,990.0,0.0,0.0,0.0,0.0
Álvaro Fernández,Granada,s2324,Not Available,474.0,0.0,0.0,1.0,0.0
Álvaro Fernández,Sevilla,s2425,GK,27.0,0.0,0.0,0.0,0.0
Álvaro García,Espanyol,s2122,Midfielder,0.0,0.0,0.0,0.0,0.0
Álvaro García,Rayo Vallecano,s2223,   AM(L),1935.0,4.0,2.0,4.0,0.0
Álvaro García,Rayo Vallecano,s2324,Not Available,2493.0,6.0,1.0,6.0,1.0
Álvaro García,Rayo Vallecano,s2425,RW,27.0,0.0,0.0,0.0,0.0
Álvaro García Rivera,Rayo Vallecano,s2122,Midfielder,3005.0,7.0,4.0,6.0,0.0
Álvaro Giménez,Cádiz,s2223,   FW,16.0,0.0,0.0,0.0,0.0
Álvaro José Jiménez Guerrero,Ibiza,s2122,Forward,268.0,1.0,0.0,2.0,0.0
Álvaro Lemos,Las Palmas,s2324,Not Available,251.0,0.0,0.0,1.0,0.0
Álvaro Morata,Atlético Madrid,s2223,   AM(L) FW,1326.0,10.0,1.0,3.0,0.0
Álvaro Morata,Atlético Madrid,s2324,Not Available,1909.0,15.0,3.0,2.0,1.0
Álvaro Negredo,Cádiz,s2122,Forward,2157.0,7.0,2.0,3.0,0.0
Álvaro Negredo,Cádiz,s2223,   FW,557.0,1.0,2.0,0.0,0.0
Álvaro Negredo,Cádiz,s2324,Not Available,48.0,0.0,0.0,0.0,0.0
Álvaro Odriozola,Real Madrid,s2223,   D(R),22.0,0.0,0.0,0.0,0.0
Álvaro Odriozola,Real Sociedad,s2425,RB,31.0,0.0,0.0,0.0,0.0
Álvaro Rodríguez,Getafe,s2425,FW,2.0,0.0,0.0,1.0,0.0
Álvaro Rodríguez,Real Madrid,s2223,   Forward,20.0,1.0,1.0,0.0,0.0
Álvaro Sanz,Barcelona,s2122,Midfielder,27.0,0.0,0.0,0.0,0.0
Álvaro Tejero,Espanyol,s2425,"RM,RB",69.0,0.0,0.0,0.0,0.0
Álvaro Vadillo,Málaga,s2122,Forward,911.0,3.0,2.0,3.0,0.0
Álvaro Vallés,Las Palmas,s2324,Not Available,3264.0,0.0,0.0,2.0,1.0
Álvaro djaló,Athletic Club,s2425,LW,57.0,0.0,0.0,0.0,0.0
Ángel Alarcón,Barcelona,s2223,   Midfielder,23.0,0.0,0.0,0.0,0.0
Ángel Algobia,Getafe,s2122,Midfielder,0.0,0.0,0.0,0.0,0.0
Ángel Algobia,Getafe,s2223,   M(C),984.0,0.0,0.0,3.0,0.0
Ángel Correa,Atlético Madrid,s2122,Forward,1856.0,12.0,5.0,3.0,1.0
Ángel Correa,Atlético Madrid,s2223,   AM(CLR) FW,949.0,5.0,0.0,1.0,1.0
Ángel Correa,Atlético Madrid,s2324,Not Available,1525.0,9.0,2.0,3.0,0.0
Ángel Correa,Atlético Madrid,s2425,FW,45.0,0.0,0.0,0.0,0.0
Ángel Jiménez,Granada,s2122,Goalkeeper,0.0,0.0,0.0,0.0,0.0
Ángel Montoro,Granada,s2122,Midfielder,1329.0,1.0,1.0,5.0,0.0
Ángel Rodríguez,Mallorca,s2122,Forward,1549.0,4.0,2.0,4.0,0.0
Ángel Rodríguez,Mallorca,s2223,   FW,257.0,0.0,0.0,0.0,0.0
Éder Gabriel Militão,Real Madrid,s2122,Defender,3033.0,1.0,2.0,5.0,0.0
Éder Militão,Real Madrid,s2223,   D(CR),1668.0,4.0,0.0,3.0,0.0
Éder Militão,Real Madrid,s2324,Not Available,497.0,0.0,0.0,0.0,0.0
Éder Militão,Real Madrid,s2425,CB,90.0,0.0,0.0,0.0,0.0
Étienne Capoue,Villarreal,s2122,Midfielder,2295.0,1.0,1.0,9.0,0.0
Étienne Capoue,Villarreal,s2223,   D(C) M(CL),1470.0,0.0,0.0,1.0,0.0
Étienne Capoue,Villarreal,s2324,Not Available,1444.0,1.0,1.0,8.0,0.0
Íñigo Eguaras,Almería,s2223,   M(C),797.0,1.0,1.0,4.0,0.0
Íñigo Lekue,Athletic Club,s2122,Defender,1927.0,0.0,2.0,3.0,0.0
Íñigo Lekue,Athletic Club,s2223,   D(LR) M(LR),1255.0,0.0,1.0,1.0,0.0
Íñigo Lekue,Athletic Club,s2324,Not Available,2001.0,0.0,2.0,4.0,0.0
Íñigo Lekue,Athletic Club,s2425,RB,10.0,0.0,0.0,0.0,0.0
Íñigo Martínez,Athletic Club,s2122,Defender,2343.0,3.0,0.0,7.0,2.0
Íñigo Martínez,Athletic Club,s2223,   D(C),990.0,0.0,0.0,1.0,0.0
Íñigo Martínez,Barcelona,s2324,Not Available,1293.0,0.0,0.0,5.0,0.0
Íñigo Martínez,Barcelona,s2425,CB,90.0,0.0,0.0,0.0,0.0
Íñigo Ruíz de Galarreta,Athletic Club,s2324,Not Available,2104.0,1.0,1.0,7.0,0.0
Íñigo Ruíz de Galarreta,Athletic Club,s2425,DM,58.0,0.0,0.0,1.0,0.0
Íñigo Ruíz de Galarreta,Mallorca,s2122,Midfielder,1386.0,0.0,0.0,4.0,0.0
Íñigo Ruíz de Galarreta,Mallorca,s2223,   DMC,1660.0,0.0,0.0,7.0,0.0
Óliver Torres,Sevilla,s2122,Midfielder,1006.0,2.0,3.0,2.0,0.0
Óliver Torres,Sevilla,s2223,   M(CLR),1645.0,3.0,1.0,1.0,0.0
Óliver Torres,Sevilla,s2324,Not Available,1620.0,0.0,1.0,3.0,0.0
Óscar De Marcos,Athletic Club,s2122,Defender,1683.0,1.0,2.0,4.0,0.0
Óscar De Marcos,Athletic Club,s2223,   D(LR) M(CR),1887.0,0.0,4.0,4.0,0.0
Óscar De Marcos,Athletic Club,s2324,Not Available,2261.0,1.0,5.0,5.0,0.0
Óscar De Marcos,Athletic Club,s2425,RB,90.0,0.0,1.0,0.0,0.0
Óscar Duarte,Levante,s2122,Defender,1774.0,2.0,0.0,5.0,0.0
Óscar Gil,Espanyol,s2122,Defender,1696.0,0.0,2.0,7.0,0.0
Óscar Gil,Espanyol,s2223,   D(R),1607.0,0.0,1.0,9.0,0.0
Óscar Melendo,Espanyol,s2122,Midfielder,996.0,0.0,0.0,0.0,0.0
Óscar Melendo,Granada,s2324,Not Available,1126.0,0.0,0.0,2.0,0.0
Óscar Mingueza,Barcelona,s2122,Defender,891.0,0.0,1.0,2.0,0.0
Óscar Mingueza,Celta de Vigo,s2223,   D(CR),1145.0,0.0,0.0,2.0,0.0
Óscar Mingueza,Celta de Vigo,s2324,Not Available,3002.0,2.0,2.0,4.0,0.0
Óscar Mingueza,Celta de Vigo,s2425,WB,90.0,0.0,0.0,0.0,0.0
Óscar Plano,Valladolid,s2223,   AM(CLR) FW,1677.0,1.0,1.0,3.0,0.0
Óscar Rodríguez,Celta de Vigo,s2223,   AM(CLR),1288.0,2.0,0.0,5.0,0.0
Óscar Rodríguez,Getafe,s2122,Midfielder,943.0,0.0,1.0,3.0,0.0
Óscar Rodríguez,Getafe,s2324,Not Available,962.0,2.0,1.0,9.0,0.0
Óscar Rodríguez Arnaiz,Leganés,s2425,CM,86.0,0.0,1.0,0.0,0.0
Óscar Trejo,Rayo Vallecano,s2122,Forward,2023.0,3.0,9.0,13.0,0.0
Óscar Trejo,Rayo Vallecano,s2223,   M(CLR) FW,1547.0,2.0,3.0,8.0,0.0
Óscar Trejo,Rayo Vallecano,s2324,Not Available,1381.0,0.0,0.0,4.0,1.0
Óscar Trejo,Rayo Vallecano,s2425,AM,63.0,0.0,0.0,0.0,0.0
Óscar Valentín,Rayo Vallecano,s2122,Midfielder,2575.0,0.0,0.0,8.0,0.0
Óscar Valentín,Rayo Vallecano,s2223,   DMC,1585.0,0.0,0.0,7.0,0.0
Óscar Valentín,Rayo Vallecano,s2324,Not Available,2700.0,1.0,0.0,5.0,1.0
Óscar Valentín,Rayo Vallecano,s2425,CM,90.0,0.0,0.0,0.0,0.0
Ørjan Håskjold Nyland,Sevilla,s2324,Not Available,2160.0,0.0,0.0,1.0,0.0
Ørjan Nyland,Sevilla,s2425,GK,90.0,0.0,0.0,0.0,0.0
