competition,player.url,id,slug,player_name,nickname,firstname,lastname,gender,date_of_birth,place_of_birth,weight,height,international,twitter,instagram,country,team,team.shortname,team.foundation,team.shield,shirt_number,position,photo,stadium,stadium.image,aerial_duels,aerial_duels_lost,aerial_duels_won,appearances,assists_intentional,attempts_from_set_pieces,away_goals,backward_passes,blocked_shots,blocks,catches,clean_sheets,clearances_off_the_line,corners_taken_incl_short_corners,corners_won,crosses_not_claimed,drops,duels,duels_lost,duels_won,fifty_fifty,forward_passes,foul_attempted_tackle,foul_won_penalty,games_played,gk_successful_distribution,gk_unsuccessful_distribution,assists,goalkeeper_smother,goals,goals_conceded,goals_conceded_inside_box,goals_conceded_outside_box,goals_from_inside_box,goals_from_outside_box,ground_duels,ground_duels_lost,ground_duels_won,handballs_conceded,headed_goals,hit_woodwork,home_goals,index,interceptions,key_passes_attempt_assists,last_man_tackle,left_foot_goals,leftside_passes,offsides,open_play_passes,other_goals,own_goal_scored,penalties_conceded,penalties_faced,penalties_off_target,penalties_saved,penalties_taken,penalty_goals,penalty_goals_conceded,punches,putthrough_blocked_distribution,putthrough_blocked_distribution_won,recoveries,red_cards_2nd_yellow,right_foot_goals,rightside_passes,saves_from_penalty,saves_made,saves_made_caught,saves_made_from_inside_box,saves_made_from_outside_box,saves_made_parried,second_goal_assists,set_pieces_goals,shots_off_target_inc_woodwork,shots_on_target_inc_goals,starts,straight_red_cards,substitute_off,substitute_on,successful_corners_into_box,successful_crosses_corners,successful_crosses_open_play,successful_dribbles,successful_fifty_fifty,successful_launches,successful_layoffs,successful_long_passes,successful_open_play_passes,successful_passes_opposition_half,successful_passes_own_half,successful_short_passes,tackles_lost,tackles_won,team_games_played,through_balls,throw_ins_to_opposition_player,throw_ins_to_own_player,minutes_played,times_tackled,total_clearances,total_fouls_conceded,total_fouls_won,total_losses_of_possession,total_passes,red_cards,total_shots,total_successful_passes_excl_crosses_corners,total_tackles,total_touches_in_opposition_box,total_unsuccessful_passes_excl_crosses_corners,touches,unsuccessful_corners_into_box,unsuccessful_crosses_corners,unsuccessful_crosses_open_play,unsuccessful_dribbles,unsuccessful_launches,unsuccessful_layoffs,unsuccessful_long_passes,unsuccessful_passes_opposition_half,unsuccessful_passes_own_half,unsuccessful_short_passes,winning_goal,yellow_cards
LaLiga Santander,https://www.laliga.com/en-ES/player/aaron,1307,aaron,Aarón Escandell,Aarón,Aarón,Escandell,male,1995-09-27T00:00:00+00:00,Carcagente,71.0,185.0,False,https://twitter.com/pipa_aaron,https://instagram.com/_aaronescandell/,ES,Granada CF,GRA,1931-01-01T00:00:00+0000,https://assets.laliga.com/assets/2019/06/07/medium/granada.png,13.0,Goalkeeper,https://assets.laliga.com/squad/2021/t5683/p176278/512x556/p176278_t5683_2021_1_001_000.png,Nuevo Los Cármenes,https://assets.laliga.com/assets/2019/08/07/medium/4de53714b029bf44d86c53bd0d6835d3.png,,,,4.0,,,0.0,,,,3.0,1.0,,,,,,2.0,1.0,1.0,1.0,99.0,,,4.0,34.0,16.0,,,,6.0,6.0,,,,2.0,1.0,1.0,,,,0.0,50.0,,,,,6.0,,45.0,,,,2.0,,,,,2.0,1.0,,,38.0,,,10.0,,10.0,1.0,5.0,5.0,1.0,,,,,3.0,1.0,,1.0,,,,,1.0,2.0,,38.0,21.0,27.0,32.0,21.0,,,38.0,,,,283.0,,5.0,,1.0,56.0,115.0,1.0,,59.0,,,56.0,148.0,,,,,21.0,,55.0,49.0,7.0,1.0,0.0,1.0
LaLiga Santander,https://www.laliga.com/en-ES/player/abqar,8715,abqar,Abdelkabir Abqar,Abqar,Abdelkabir,Abqar,male,1999-03-10T00:00:00+00:00,Settat,80.0,188.0,False,,,MA,Deportivo Alavés,ALA,1921-01-23T00:00:00+0000,https://assets.laliga.com/assets/2020/09/01/medium/27002754a98bf535807fe49a24cc63ea.png,26.0,Defender,https://assets.laliga.com/squad/2021/t173/p463001/512x556/p463001_t173_2021_1_001_000.png,Mendizorroza,https://assets.laliga.com/assets/2019/06/17/medium/6b906780ba96aa6689192fb9afcaac6b.png,,,,,,,,,,,,,,,,,,,,,,,,,,,,,,,,,,,,,,,,,,,,,,,,,,,,,,,,,,,,,,,,,,,,,,,,,,,,,,,,,,,,,,,,,,,,,,,38.0,,,,,,,,,,,,,,,,,,,,,,,,,,,,,
LaLiga Santander,https://www.laliga.com/en-ES/player/abdessamad-ezzalzouli,13770,abdessamad-ezzalzouli,Abdessamad Ezzalzouli,Abde,Abdessamad,Ezzalzouli,male,2001-12-17T00:00:00+00:00,Beni Melal,,,False,,,MA,FC Barcelona,BAR,1899-11-29T00:00:00+0000,https://assets.laliga.com/assets/2019/06/07/medium/barcelona.png,33.0,Forward,,Camp Nou,https://assets.laliga.com/assets/2019/06/17/medium/0623ce55ec3ee4e439ed6d24fe2ba77b.png,10.0,7.0,3.0,10.0,,,1.0,70.0,6.0,,,,,1.0,12.0,,,130.0,61.0,69.0,16.0,14.0,7.0,,10.0,,,,,1.0,8.0,6.0,2.0,1.0,,120.0,54.0,66.0,2.0,,1.0,0.0,35.0,9.0,6.0,,,38.0,2.0,167.0,,,,,,,,,,,11.0,3.0,29.0,,1.0,46.0,,,,,,,,,6.0,4.0,6.0,,5.0,4.0,,2.0,2.0,34.0,6.0,,,2.0,127.0,98.0,32.0,126.0,8.0,9.0,38.0,,1.0,2.0,581.0,37.0,,17.0,15.0,122.0,168.0,,10.0,128.0,17.0,58.0,40.0,364.0,,13.0,13.0,25.0,,,,45.0,8.0,40.0,0.0,4.0
LaLiga Santander,https://www.laliga.com/en-ES/player/abdon,200,abdon,Abdón Prats,Abdon,Abdón,Prats,male,1992-12-07T00:00:00+00:00,Artá,81.0,181.0,False,,,ES,RCD Mallorca,MLL,1916-03-06T00:00:00+0000,https://assets.laliga.com/assets/2019/06/07/medium/mallorca.png,9.0,Forward,https://assets.laliga.com/squad/2021/t181/p92187/512x556/p92187_t181_2021_1_001_000.png,Visit Mallorca Estadi,https://assets.laliga.com/assets/2019/08/07/medium/6f67f604b5025b10ef0dc14d700586ae.png,62.0,31.0,31.0,23.0,,2.0,1.0,41.0,4.0,,,,,,2.0,,,121.0,66.0,55.0,12.0,45.0,4.0,,23.0,,,,,3.0,14.0,13.0,1.0,3.0,,59.0,35.0,24.0,1.0,,2.0,2.0,22.0,1.0,10.0,,3.0,35.0,2.0,137.0,,,,,,,,,1.0,,10.0,5.0,21.0,,,33.0,,,,,,,,,8.0,6.0,6.0,,6.0,17.0,,,,7.0,7.0,,8.0,4.0,88.0,67.0,37.0,100.0,,2.0,38.0,,,,633.0,25.0,5.0,8.0,15.0,94.0,154.0,,14.0,104.0,2.0,29.0,50.0,269.0,,2.0,2.0,4.0,1.0,4.0,2.0,41.0,11.0,48.0,1.0,4.0
LaLiga Santander,https://www.laliga.com/en-ES/player/adama,536,adama,Adama Traoré,Adama,Adama,Traoré,male,1996-01-25T00:00:00+00:00,L'Hospitalet de Llobregat,86.0,178.0,False,,,ES,FC Barcelona,BAR,1899-11-29T00:00:00+0000,https://assets.laliga.com/assets/2019/06/07/medium/barcelona.png,11.0,Forward,https://assets.laliga.com/squad/2021/t178/p159533/512x556/p159533_t178_2021_1_001_000.png,Camp Nou,https://assets.laliga.com/assets/2019/06/17/medium/0623ce55ec3ee4e439ed6d24fe2ba77b.png,7.0,2.0,5.0,11.0,2.0,,0.0,54.0,2.0,,,,,,6.0,,,66.0,26.0,40.0,11.0,20.0,1.0,,11.0,,,2.0,,,7.0,6.0,1.0,,,59.0,24.0,35.0,1.0,,,0.0,87.0,4.0,5.0,,,47.0,2.0,128.0,,,,,,,,,,,8.0,2.0,20.0,,,7.0,,,,,,,,,4.0,3.0,4.0,,3.0,7.0,,11.0,11.0,24.0,4.0,,2.0,3.0,109.0,100.0,20.0,106.0,2.0,2.0,38.0,,1.0,1.0,378.0,16.0,3.0,7.0,7.0,78.0,128.0,,7.0,109.0,4.0,31.0,19.0,259.0,,27.0,27.0,11.0,1.0,,1.0,40.0,6.0,18.0,0.0,
LaLiga Santander,https://www.laliga.com/en-ES/player/januzaj,3314,januzaj,Adnan Januzaj,Januzaj,Adnan,Januzaj,male,1995-02-05T00:00:00+00:00,Brussels,76.0,186.0,False,,,BE,Real Sociedad,RSO,1909-09-07T00:00:00+0000,https://assets.laliga.com/assets/2019/06/07/medium/real-sociedad.png,11.0,Midfielder,https://assets.laliga.com/squad/2021/t188/p154976/512x556/p154976_t188_2021_1_001_000.png,Reale Arena,https://assets.laliga.com/assets/2019/10/03/medium/b20727f80d7b4c9d5ad18acec9b663c5.png,29.0,19.0,10.0,33.0,,9.0,2.0,135.0,17.0,3.0,,,,82.0,19.0,,,259.0,135.0,124.0,49.0,155.0,9.0,1.0,33.0,,,,,3.0,14.0,14.0,,3.0,,230.0,116.0,114.0,4.0,,1.0,1.0,56.0,12.0,34.0,,2.0,184.0,4.0,554.0,,,,,,,2.0,2.0,3.0,,39.0,12.0,93.0,,1.0,113.0,,,,,,,,,10.0,15.0,17.0,,16.0,16.0,20.0,36.0,12.0,46.0,23.0,,7.0,35.0,420.0,369.0,111.0,409.0,6.0,11.0,38.0,5.0,1.0,6.0,1625.0,78.0,13.0,28.0,51.0,433.0,587.0,,25.0,444.0,17.0,58.0,143.0,1164.0,53.0,110.0,40.0,33.0,4.0,2.0,40.0,230.0,23.0,103.0,0.0,5.0
LaLiga Santander,https://www.laliga.com/en-ES/player/pedrosa-1,9223,pedrosa-1,Adrià Pedrosa,Pedrosa,Adrià,Pedrosa,male,1998-05-13T00:00:00+00:00,Barcelona,69.0,176.0,False,,,ES,RCD Espanyol de Barcelona,ESP,1900-10-23T00:00:00+0000,https://assets.laliga.com/assets/2019/06/07/medium/espanyol.png,3.0,Defender,https://assets.laliga.com/squad/2021/t177/p446990/512x556/p446990_t177_2021_1_001_000.png,RCDE Stadium,https://assets.laliga.com/assets/2019/06/17/medium/306cc02af120e092849ddf38954bcb3e.png,37.0,20.0,17.0,31.0,1.0,,0.0,171.0,7.0,7.0,,8.0,,1.0,31.0,,,298.0,130.0,168.0,55.0,357.0,13.0,,31.0,,,1.0,,1.0,40.0,39.0,1.0,,1.0,261.0,110.0,151.0,,,,1.0,48.0,25.0,22.0,,1.0,61.0,,909.0,,1.0,,,,,,,3.0,,55.0,18.0,163.0,,,344.0,,,,,,,,,11.0,7.0,31.0,,4.0,,,16.0,16.0,48.0,35.0,20.0,2.0,42.0,705.0,385.0,357.0,684.0,28.0,30.0,38.0,,23.0,193.0,2722.0,60.0,86.0,19.0,45.0,460.0,933.0,,18.0,726.0,58.0,51.0,207.0,1772.0,1.0,99.0,98.0,34.0,61.0,,88.0,214.0,92.0,119.0,1.0,8.0
LaLiga Santander,https://www.laliga.com/en-ES/player/butzke,14400,butzke,Adrián Butzke,A. Butzke,Adrián,Butzke,male,1999-03-30T00:00:00+00:00,Monachil,72.0,193.0,False,,,ES,,,,,,,,,,,,,,,,,,,,,,,,,,,,,,,,,,,,,,,,,,,,,,,,,,,,,,,,,,,,,,,,,,,,,,,,,,,,,,,,,,,,,,,,,,,,,,,,,,,,,,,,,,,,,,,,,,,,,,,,,,,,,,,,,,,,,
LaLiga Santander,https://www.laliga.com/en-ES/player/de-la-fuente,9395,de-la-fuente,Adrián De la Fuente,De La Fuente,Adrián,De la Fuente,male,1999-02-26T00:00:00+00:00,El Escorial,77.0,179.0,False,,,ES,Villarreal CF,VIL,1923-03-10T00:00:00+0000,https://assets.laliga.com/assets/2019/06/07/medium/villarreal.png,27.0,Defender,,Estadio de la Cerámica,https://assets.laliga.com/assets/2019/10/03/medium/ac940b8f6681d614e337d20d5bf7f0a8.png,,,,,,,,,,,,,,,,,,,,,,,,,,,,,,,,,,,,,,,,,,,,,,,,,,,,,,,,,,,,,,,,,,,,,,,,,,,,,,,,,,,,,,,,,,,,,,,38.0,,,,,,,,,,,,,,,,,,,,,,,,,,,,,
LaLiga Santander,https://www.laliga.com/en-ES/player/embarba,1092,embarba,Adrián Embarba,Embarba,Adrián,Embarba,male,1992-05-07T00:00:00+00:00,Madrid,66.0,173.0,True,https://twitter.com/Adri_e7,,ES,RCD Espanyol de Barcelona,ESP,1900-10-23T00:00:00+0000,https://assets.laliga.com/assets/2019/06/07/medium/espanyol.png,23.0,Forward,https://assets.laliga.com/squad/2021/t177/p132161/512x556/p132161_t177_2021_1_001_000.png,RCDE Stadium,https://assets.laliga.com/assets/2019/06/17/medium/306cc02af120e092849ddf38954bcb3e.png,48.0,31.0,17.0,32.0,2.0,15.0,0.0,158.0,13.0,3.0,,3.0,,109.0,37.0,,,324.0,179.0,145.0,69.0,161.0,19.0,,32.0,,,2.0,,,23.0,22.0,1.0,,,276.0,148.0,128.0,2.0,,2.0,0.0,36.0,19.0,35.0,,,139.0,7.0,534.0,,,,,,,,,1.0,,52.0,32.0,108.0,,,118.0,,,,,,,1.0,,20.0,16.0,24.0,,18.0,8.0,16.0,32.0,11.0,41.0,35.0,2.0,9.0,24.0,396.0,320.0,147.0,411.0,15.0,29.0,38.0,,,7.0,1995.0,77.0,25.0,30.0,43.0,450.0,576.0,,36.0,435.0,44.0,51.0,141.0,1238.0,66.0,160.0,76.0,39.0,18.0,5.0,28.0,259.0,42.0,113.0,0.0,4.0
LaLiga Santander,https://www.laliga.com/en-ES/player/adrian-3,12758,adrian-3,Adrián Quintela,Adrian,Adrián,Quintela,male,2001-03-11T00:00:00+00:00,,,,False,,,ES,Rayo Vallecano,RAY,1924-05-20T00:00:00+0000,https://assets.laliga.com/assets/2019/06/07/medium/rayo.png,30.0,Goalkeeper,,Estadio de Vallecas,https://assets.laliga.com/assets/2019/08/12/medium/b86a37d70be8931c079066cc8c48817f.png,,,,,,,,,,,,,,,,,,,,,,,,,,,,,,,,,,,,,,,,,,,,,,,,,,,,,,,,,,,,,,,,,,,,,,,,,,,,,,,,,,,,,,,,,,,,,,,38.0,,,,,,,,,,,,,,,,,,,,,,,,,,,,,
LaLiga Santander,https://www.laliga.com/en-ES/player/a-rodriguez-1,12600,a-rodriguez-1,Adrián Rodríguez,A. Rodriguez,Adrián,Rodríguez,male,2000-12-12T00:00:00+00:00,Palma de Mallorca,82.0,195.0,False,,,ES,Deportivo Alavés,ALA,1921-01-23T00:00:00+0000,https://assets.laliga.com/assets/2020/09/01/medium/27002754a98bf535807fe49a24cc63ea.png,33.0,Goalkeeper,https://assets.laliga.com/squad/2021/t173/p466131/512x556/p466131_t173_2021_0_001_000.png,Mendizorroza,https://assets.laliga.com/assets/2019/06/17/medium/6b906780ba96aa6689192fb9afcaac6b.png,,,,,,,,,,,,,,,,,,,,,,,,,,,,,,,,,,,,,,,,,,,,,,,,,,,,,,,,,,,,,,,,,,,,,,,,,,,,,,,,,,,,,,,,,,,,,,,38.0,,,,,,,,,,,,,,,,,,,,,,,,,,,,,
LaLiga Santander,https://www.laliga.com/en-ES/player/aihen,9539,aihen,Aihen Muñoz,Aihen,Aihen,Muñoz,male,1997-08-16T00:00:00+00:00,San Sebastián,72.0,175.0,False,,,ES,Real Sociedad,RSO,1909-09-07T00:00:00+0000,https://assets.laliga.com/assets/2019/06/07/medium/real-sociedad.png,12.0,Defender,https://assets.laliga.com/squad/2021/t188/p472145/512x556/p472145_t188_2021_1_001_000.png,Reale Arena,https://assets.laliga.com/assets/2019/10/03/medium/b20727f80d7b4c9d5ad18acec9b663c5.png,47.0,22.0,25.0,20.0,,,0.0,83.0,3.0,1.0,,4.0,,1.0,11.0,,,166.0,85.0,81.0,37.0,256.0,19.0,,20.0,,,,,,18.0,16.0,2.0,,,119.0,63.0,56.0,1.0,,,0.0,29.0,17.0,6.0,,,28.0,,570.0,,,,,,,,,1.0,,30.0,10.0,80.0,1.0,,226.0,,,,,,,,,4.0,,15.0,,5.0,5.0,,7.0,6.0,14.0,21.0,5.0,,25.0,445.0,225.0,248.0,441.0,11.0,17.0,38.0,,34.0,104.0,1344.0,26.0,29.0,27.0,14.0,245.0,593.0,1.0,4.0,466.0,28.0,10.0,127.0,973.0,1.0,32.0,31.0,14.0,21.0,,38.0,107.0,52.0,89.0,0.0,2.0
LaLiga Santander,https://www.laliga.com/en-ES/player/aitor-fdez,77,aitor-fdez,Aitor Fernández,Aitor Fdez.,Aitor,Fernández,male,1991-05-03T00:00:00+00:00,Arrasate,78.0,182.0,False,https://twitter.com/aitorfernande13,,ES,Levante UD,LEV,1909-09-07T00:00:00+0000,https://assets.laliga.com/assets/2019/06/07/medium/levante.png,1.0,Goalkeeper,https://assets.laliga.com/squad/2021/t855/p80993/512x556/p80993_t855_2021_1_001_000.png,Estadio Ciutat de València,https://assets.laliga.com/assets/2021/07/21/medium/ae79ef9d1c26baf8602706ba1acef94b.png,2.0,,2.0,13.0,,,0.0,,,,7.0,2.0,,,,1.0,2.0,4.0,,4.0,,214.0,,,13.0,139.0,19.0,,3.0,,29.0,25.0,4.0,,,2.0,,2.0,1.0,,,0.0,53.0,,,,,46.0,,177.0,,,,2.0,,1.0,,,1.0,2.0,,,113.0,,,52.0,1.0,52.0,2.0,27.0,25.0,13.0,,,,,13.0,1.0,,,,,,,,16.0,,69.0,108.0,33.0,170.0,134.0,1.0,1.0,38.0,,,,1167.0,,9.0,1.0,1.0,114.0,312.0,1.0,,203.0,2.0,,109.0,462.0,,,,,62.0,,105.0,81.0,28.0,4.0,0.0,1.0
LaLiga Santander,https://www.laliga.com/en-ES/player/paredes-2,15047,paredes-2,Aitor Paredes,Paredes,Aitor,Paredes,male,2000-04-29T00:00:00+00:00,,,,False,,,ES,Athletic Club,ATH,1898-12-31T00:00:00+0000,https://assets.laliga.com/assets/2019/06/07/medium/athletic.png,31.0,Defender,https://assets.laliga.com/squad/2021/t174/p440593/512x556/p440593_t174_2021_1_001_000.png,Estadio San Mamés,https://assets.laliga.com/assets/2019/06/17/medium/f020571f7c260516dfab3b9dc5df6348.png,,,,,,,,,,,,,,,,,,,,,,,,,,,,,,,,,,,,,,,,,,,,,,,,,,,,,,,,,,,,,,,,,,,,,,,,,,,,,,,,,,,,,,,,,,,,,,,38.0,,,,,,,,,,,,,,,,,,,,,,,,,,,,,
LaLiga Santander,https://www.laliga.com/en-ES/player/aitor-r,7280,aitor-r,Aitor Ruibal,Aitor R.,Aitor,Ruibal,male,1996-03-22T00:00:00+00:00,Manresa,74.0,176.0,False,,,ES,Real Betis,BET,1907-09-12T00:00:00+0000,https://assets.laliga.com/assets/2019/06/07/medium/betis.png,24.0,Forward,https://assets.laliga.com/squad/2021/t185/p441303/512x556/p441303_t185_2021_1_001_000.png,Estadio Benito Villamarín,https://assets.laliga.com/assets/2019/06/17/medium/f211dabccff68741a75d175307d78f59.png,19.0,14.0,5.0,19.0,,,0.0,64.0,7.0,,,,,,11.0,,,137.0,83.0,54.0,26.0,87.0,15.0,,19.0,,,,,,11.0,11.0,,,,118.0,69.0,49.0,2.0,,,0.0,33.0,8.0,11.0,,,89.0,1.0,293.0,,,,,,,,,,,18.0,8.0,41.0,,,55.0,,,,,,,,,10.0,3.0,9.0,,8.0,10.0,,2.0,2.0,13.0,9.0,,7.0,5.0,233.0,171.0,66.0,230.0,6.0,15.0,38.0,,2.0,21.0,858.0,24.0,5.0,23.0,15.0,136.0,295.0,,13.0,235.0,21.0,28.0,60.0,508.0,,15.0,15.0,13.0,7.0,,11.0,68.0,7.0,49.0,0.0,6.0
LaLiga Santander,https://www.laliga.com/en-ES/player/alan-godoy,23369,alan-godoy,Alan Godoy,Godoy,Alan,Godoy,male,2003-05-04T00:00:00+00:00,Las Palmas,,178.0,False,,,ES,Deportivo Alavés,ALA,1921-01-23T00:00:00+0000,https://assets.laliga.com/assets/2020/09/01/medium/27002754a98bf535807fe49a24cc63ea.png,35.0,Forward,https://assets.laliga.com/squad/2021/t173/p514525/512x556/p514525_t173_2021_1_001_000.png,Mendizorroza,https://assets.laliga.com/assets/2019/06/17/medium/6b906780ba96aa6689192fb9afcaac6b.png,,,,,,,,,,,,,,,,,,,,,,,,,,,,,,,,,,,,,,,,,,,,,,,,,,,,,,,,,,,,,,,,,,,,,,,,,,,,,,,,,,,,,,,,,,,,,,,38.0,,,,,,,,,,,,,,,,,,,,,,,,,,,,,
LaLiga Santander,https://www.laliga.com/en-ES/player/alberto-flores,25281,alberto-flores,Alberto Flores,Alberto F.,Alberto,Flores,male,2003-11-10T00:00:00+00:00,Fuentes de Andalucía,,186.0,False,,,ES,Sevilla FC,SEV,1905-10-14T00:00:00+0000,https://assets.laliga.com/assets/2019/06/07/medium/sevilla.png,41.0,Goalkeeper,,Ramón Sánchez-Pizjuán,https://assets.laliga.com/assets/2021/01/20/medium/5a52ab192cd4e4b1cc3e3a752d99c4e8.png,,,,,,,,,,,,,,,,,,,,,,,,,,,,,,,,,,,,,,,,,,,,,,,,,,,,,,,,,,,,,,,,,,,,,,,,,,,,,,,,,,,,,,,,,,,,,,,38.0,,,,,,,,,,,,,,,,,,,,,,,,,,,,,
LaLiga Santander,https://www.laliga.com/en-ES/player/alberto-m,128,alberto-m,Alberto Moreno,Alberto M.,Alberto,Moreno,male,1992-07-05T00:00:00+00:00,Sevilla,65.0,171.0,False,https://twitter.com/18sfcalberto,,ES,Villarreal CF,VIL,1923-03-10T00:00:00+0000,https://assets.laliga.com/assets/2019/06/07/medium/villarreal.png,18.0,Defender,https://assets.laliga.com/squad/2021/t449/p100059/512x556/p100059_t449_2021_1_001_000.png,Estadio de la Cerámica,https://assets.laliga.com/assets/2019/10/03/medium/ac940b8f6681d614e337d20d5bf7f0a8.png,17.0,10.0,7.0,24.0,2.0,1.0,1.0,151.0,8.0,1.0,,3.0,,13.0,14.0,,,114.0,63.0,51.0,40.0,134.0,11.0,,24.0,,,2.0,,3.0,9.0,7.0,2.0,3.0,,97.0,53.0,44.0,,,1.0,2.0,46.0,27.0,14.0,,3.0,72.0,6.0,522.0,,,2.0,,,,,,2.0,,28.0,12.0,65.0,,,176.0,,,,,,,,,4.0,10.0,13.0,,10.0,11.0,3.0,14.0,8.0,10.0,23.0,1.0,8.0,11.0,447.0,276.0,194.0,445.0,6.0,7.0,38.0,3.0,5.0,23.0,1222.0,20.0,11.0,20.0,21.0,179.0,533.0,,14.0,456.0,13.0,36.0,77.0,812.0,4.0,33.0,20.0,7.0,3.0,1.0,12.0,95.0,15.0,65.0,0.0,3.0
LaLiga Santander,https://www.laliga.com/en-ES/player/alberto-moreno,22853,alberto-moreno,Alberto Moreno Rebanal,A.moreno,Alberto,Moreno Rebanal,male,2002-04-19T00:00:00+00:00,Madrid,,175.0,False,,,ES,Atlético de Madrid,ATM,1903-04-26T00:00:00+0000,https://assets.laliga.com/assets/2019/06/07/medium/atletico.png,28.0,Midfielder,https://assets.laliga.com/squad/2021/t175/p531218/512x556/p531218_t175_2021_1_001_000.png,Wanda Metropolitano,https://assets.laliga.com/assets/2019/06/17/medium/935f92c15c4d3442ef3f6d843beba0e1.png,,,,,,,,,,,,,,,,,,,,,,,,,,,,,,,,,,,,,,,,,,,,,,,,,,,,,,,,,,,,,,,,,,,,,,,,,,,,,,,,,,,,,,,,,,,,,,,38.0,,,,,,,,,,,,,,,,,,,,,,,,,,,,,
LaLiga Santander,https://www.laliga.com/en-ES/player/a-perea,6160,a-perea,Alberto Perea,A. Perea,Alberto,Perea,male,1990-12-19T00:00:00+00:00,Albacete,74.0,177.0,False,,,ES,Cádiz CF,CAD,1910-09-10T00:00:00+0000,https://assets.laliga.com/assets/2019/06/07/medium/cadiz.png,10.0,Midfielder,https://assets.laliga.com/squad/2021/t1737/p59339/512x556/p59339_t1737_2021_1_001_000.png,Estadio Nuevo Mirandilla,https://assets.laliga.com/assets/2019/08/12/medium/ec810605f774c1a9a3ed75de01826124.png,11.0,9.0,2.0,18.0,1.0,1.0,0.0,68.0,8.0,1.0,,,,9.0,7.0,,,142.0,72.0,70.0,21.0,103.0,3.0,,18.0,,,1.0,,,16.0,15.0,1.0,,,131.0,63.0,68.0,,,,0.0,70.0,9.0,11.0,,,29.0,,311.0,,,,,,,,,4.0,,22.0,14.0,54.0,,,111.0,,,,,,,,,5.0,4.0,8.0,,5.0,10.0,1.0,8.0,6.0,29.0,12.0,,,6.0,251.0,176.0,83.0,245.0,10.0,9.0,38.0,2.0,,13.0,775.0,42.0,4.0,7.0,20.0,176.0,311.0,,9.0,251.0,19.0,18.0,60.0,576.0,8.0,40.0,27.0,24.0,10.0,,14.0,84.0,16.0,46.0,0.0,2.0
LaLiga Santander,https://www.laliga.com/en-ES/player/soro,8732,soro,Alberto Soro,Soro,Alberto,Soro,male,1999-03-09T00:00:00+00:00,Ejea de los Caballeros,64.0,173.0,False,,,ES,Granada CF,GRA,1931-01-01T00:00:00+0000,https://assets.laliga.com/assets/2019/06/07/medium/granada.png,7.0,Midfielder,https://assets.laliga.com/squad/2021/t5683/p463182/512x556/p463182_t5683_2021_1_001_000.png,Nuevo Los Cármenes,https://assets.laliga.com/assets/2019/08/07/medium/4de53714b029bf44d86c53bd0d6835d3.png,29.0,19.0,10.0,16.0,,,0.0,32.0,,2.0,,,1.0,2.0,5.0,,,81.0,48.0,33.0,24.0,58.0,4.0,,16.0,,,,,,14.0,12.0,2.0,,,52.0,29.0,23.0,1.0,,,0.0,100.0,3.0,8.0,,,27.0,2.0,155.0,,,,,,,,,,,25.0,19.0,37.0,,,42.0,,,,,,,,,3.0,4.0,7.0,,6.0,9.0,1.0,1.0,,6.0,7.0,,4.0,4.0,117.0,84.0,37.0,116.0,2.0,10.0,38.0,1.0,1.0,4.0,575.0,19.0,1.0,5.0,5.0,92.0,159.0,,7.0,120.0,12.0,20.0,39.0,291.0,1.0,14.0,13.0,5.0,3.0,,6.0,40.0,13.0,33.0,0.0,
LaLiga Santander,https://www.laliga.com/en-ES/player/febas,6154,febas,Aleix Febas,A. Febas,Aleix,Febas,male,1996-02-02T00:00:00+00:00,Lérida,61.0,171.0,False,,https://instagram.com/febasaleix,ES,Málaga CF,MGA,1994-06-29T00:00:00+0000,https://assets.laliga.com/assets/2019/06/07/medium/malaga.png,14.0,Midfielder,,La Rosaleda,https://assets.laliga.com/assets/2019/08/12/medium/b1cf44da3b0fe0511b42a6ab3ef10862.png,24.0,20.0,4.0,19.0,1.0,,2.0,116.0,3.0,1.0,,1.0,,2.0,4.0,,,242.0,113.0,129.0,62.0,154.0,12.0,,19.0,,,1.0,,2.0,21.0,19.0,2.0,2.0,,218.0,93.0,125.0,,,,0.0,10.0,15.0,25.0,,,126.0,2.0,566.0,,,1.0,,,,,,2.0,,27.0,13.0,88.0,,2.0,181.0,,,,,,,,,3.0,7.0,16.0,,12.0,3.0,,2.0,2.0,31.0,20.0,,5.0,14.0,462.0,323.0,152.0,459.0,19.0,19.0,42.0,3.0,,,1414.0,64.0,4.0,15.0,56.0,226.0,577.0,,10.0,473.0,38.0,53.0,104.0,914.0,,5.0,5.0,29.0,2.0,,9.0,86.0,23.0,95.0,0.0,2.0
LaLiga Santander,https://www.laliga.com/en-ES/player/aleix-gorjon,25330,aleix-gorjon,Aleix Gorjón,Gorjon,Aleix,Gorjón,male,2002-09-26T00:00:00+00:00,,,,False,,,ES,RCD Espanyol de Barcelona,ESP,1900-10-23T00:00:00+0000,https://assets.laliga.com/assets/2019/06/07/medium/espanyol.png,27.0,Forward,,RCDE Stadium,https://assets.laliga.com/assets/2019/06/17/medium/306cc02af120e092849ddf38954bcb3e.png,,,,,,,,,,,,,,,,,,,,,,,,,,,,,,,,,,,,,,,,,,,,,,,,,,,,,,,,,,,,,,,,,,,,,,,,,,,,,,,,,,,,,,,,,,,,,,,38.0,,,,,,,,,,,,,,,,,,,,,,,,,,,,,
LaLiga Santander,https://www.laliga.com/en-ES/player/aleix-v-c,898,aleix-v-c,Aleix Vidal,Aleix V.c,Aleix,Vidal,male,1989-08-21T00:00:00+00:00,Puigpelat,70.0,177.0,True,,https://instagram.com/av22oficial,ES,RCD Espanyol de Barcelona,ESP,1900-10-23T00:00:00+0000,https://assets.laliga.com/assets/2019/06/07/medium/espanyol.png,22.0,Defender,https://assets.laliga.com/squad/2021/t177/p79627/512x556/p79627_t177_2021_1_001_000.png,RCDE Stadium,https://assets.laliga.com/assets/2019/06/17/medium/306cc02af120e092849ddf38954bcb3e.png,20.0,10.0,10.0,31.0,,,1.0,221.0,2.0,6.0,,2.0,,4.0,10.0,,,168.0,84.0,84.0,44.0,279.0,15.0,,31.0,,,,,2.0,34.0,34.0,,2.0,,148.0,74.0,74.0,3.0,,,1.0,91.0,25.0,26.0,,,358.0,1.0,866.0,,,1.0,,,,,,4.0,,45.0,13.0,127.0,,2.0,45.0,,,,,,,,,1.0,3.0,21.0,,12.0,10.0,3.0,14.0,10.0,12.0,20.0,4.0,,34.0,713.0,423.0,338.0,713.0,6.0,25.0,38.0,,19.0,116.0,1905.0,35.0,25.0,24.0,31.0,279.0,903.0,,4.0,747.0,31.0,18.0,156.0,1352.0,,38.0,36.0,20.0,17.0,1.0,45.0,135.0,59.0,111.0,1.0,10.0
LaLiga Santander,https://www.laliga.com/en-ES/player/alejandro-perez,18852,alejandro-perez,Alejandro Pérez Cea,Alejandro,Alejandro,Pérez Cea,male,2001-01-07T00:00:00+00:00,,,,False,,,ES,RCD Espanyol de Barcelona,ESP,1900-10-23T00:00:00+0000,https://assets.laliga.com/assets/2019/06/07/medium/espanyol.png,38.0,Midfielder,,RCDE Stadium,https://assets.laliga.com/assets/2019/06/17/medium/306cc02af120e092849ddf38954bcb3e.png,,,,,,,,,,,,,,,,,,,,,,,,,,,,,,,,,,,,,,,,,,,,,,,,,,,,,,,,,,,,,,,,,,,,,,,,,,,,,,,,,,,,,,,,,,,,,,,38.0,,,,,,,,,,,,,,,,,,,,,,,,,,,,,
LaLiga Santander,https://www.laliga.com/en-ES/player/alejandro-asensio,25787,alejandro-asensio,Alejandro Asensio,Vere,Alejandro,Asensio,male,2000-09-14T00:00:00+00:00,,,,False,,,ES,Rayo Vallecano,RAY,1924-05-20T00:00:00+0000,https://assets.laliga.com/assets/2019/06/07/medium/rayo.png,34.0,Forward,,Estadio de Vallecas,https://assets.laliga.com/assets/2019/08/12/medium/b86a37d70be8931c079066cc8c48817f.png,1.0,,1.0,2.0,,,0.0,1.0,,,,,,,,,,1.0,,1.0,,1.0,,,2.0,,,,,,,,,,,,,,,,,0.0,100.0,,1.0,,,1.0,,7.0,,,,,,,,,,,,,,,,4.0,,,,,,,,,,1.0,,,,2.0,,1.0,1.0,,,,,1.0,6.0,4.0,3.0,5.0,,,38.0,,,,12.0,,,,,3.0,7.0,,1.0,6.0,,2.0,1.0,11.0,,,,,,,,1.0,,1.0,0.0,
LaLiga Santander,https://www.laliga.com/en-ES/player/alejandro-cantero,19064,alejandro-cantero,Alejandro Cantero,Cantero,Alejandro,Cantero,male,2000-06-08T00:00:00+00:00,Madrid,,,False,,,ES,Levante UD,LEV,1909-09-07T00:00:00+0000,https://assets.laliga.com/assets/2019/06/07/medium/levante.png,29.0,Forward,https://assets.laliga.com/squad/2021/t855/p494567/512x556/p494567_t855_2021_1_001_000.png,Estadio Ciutat de València,https://assets.laliga.com/assets/2021/07/21/medium/ae79ef9d1c26baf8602706ba1acef94b.png,16.0,13.0,3.0,25.0,1.0,,0.0,32.0,1.0,,,,,,2.0,,,69.0,48.0,21.0,17.0,31.0,11.0,,25.0,,,1.0,,,16.0,14.0,2.0,,,53.0,35.0,18.0,,,1.0,0.0,50.0,1.0,2.0,,,26.0,,116.0,,,,,,,,,2.0,,8.0,2.0,17.0,,,31.0,,,,,,,1.0,,9.0,5.0,4.0,,4.0,21.0,,3.0,3.0,8.0,8.0,1.0,4.0,5.0,78.0,62.0,23.0,77.0,2.0,4.0,38.0,1.0,,4.0,595.0,15.0,,13.0,4.0,77.0,120.0,,14.0,82.0,6.0,29.0,38.0,213.0,,3.0,3.0,7.0,,2.0,3.0,34.0,7.0,35.0,0.0,1.0
LaLiga Santander,https://www.laliga.com/en-ES/player/catena,8535,catena,Alejandro Catena,Catena,Alejandro,Catena,male,1994-10-28T00:00:00+00:00,Madrid,82.0,194.0,False,https://twitter.com/catena_94,,ES,Rayo Vallecano,RAY,1924-05-20T00:00:00+0000,https://assets.laliga.com/assets/2019/06/07/medium/rayo.png,5.0,Defender,https://assets.laliga.com/squad/2021/t184/p244273/512x556/p244273_t184_2021_1_001_000.png,Estadio de Vallecas,https://assets.laliga.com/assets/2019/08/12/medium/b86a37d70be8931c079066cc8c48817f.png,163.0,41.0,122.0,36.0,1.0,,1.0,103.0,4.0,19.0,,9.0,2.0,,5.0,,,263.0,88.0,175.0,39.0,726.0,11.0,,36.0,,,2.0,,2.0,46.0,40.0,6.0,2.0,,100.0,47.0,53.0,1.0,2.0,,1.0,52.0,30.0,5.0,,,385.0,3.0,1618.0,,,1.0,,,,,,7.0,,25.0,7.0,190.0,,,498.0,,,,,,,,,13.0,6.0,36.0,,,,,,,5.0,24.0,20.0,,220.0,1308.0,401.0,990.0,1171.0,16.0,23.0,38.0,2.0,,2.0,3240.0,6.0,165.0,26.0,14.0,345.0,1712.0,,19.0,1391.0,39.0,42.0,321.0,2093.0,,2.0,2.0,,67.0,,170.0,214.0,109.0,151.0,0.0,8.0
LaLiga Santander,https://www.laliga.com/en-ES/player/pozo-1,4642,pozo-1,Alejandro Pozo,Pozo,Alejandro,Pozo,male,1999-02-22T00:00:00+00:00,Huévar del Aljarafe,70.0,174.0,False,,,ES,UD Almería,ALM,1989-07-17T00:00:00+0000,https://assets.laliga.com/assets/2019/06/07/medium/almeria.png,17.0,Midfielder,https://assets.laliga.com/squad/2021/t1564/p234548/512x556/p234548_t1564_2021_1_001_000.png,Estadio de los Juegos Mediterráneos,https://assets.laliga.com/assets/2019/08/12/medium/4b6ebed43e0c33b78228581b6eed6824.png,55.0,30.0,25.0,39.0,3.0,,1.0,304.0,6.0,9.0,,6.0,,2.0,37.0,,,300.0,158.0,142.0,66.0,599.0,10.0,1.0,39.0,,,3.0,,3.0,29.0,22.0,7.0,3.0,,245.0,128.0,117.0,,,,2.0,10.0,43.0,50.0,,1.0,659.0,1.0,1560.0,,,2.0,,,,,,2.0,,76.0,29.0,260.0,,2.0,40.0,,,,,,,,,14.0,6.0,34.0,,12.0,5.0,1.0,16.0,15.0,39.0,33.0,13.0,,94.0,1187.0,673.0,569.0,1132.0,16.0,31.0,42.0,2.0,33.0,308.0,3174.0,81.0,41.0,25.0,32.0,644.0,1602.0,,20.0,1226.0,47.0,76.0,376.0,2549.0,,85.0,85.0,57.0,59.0,,125.0,355.0,106.0,251.0,0.0,1.0
LaLiga Santander,https://www.laliga.com/en-ES/player/alejandro-primo,26557,alejandro-primo,Alejandro Primo,A. Primo,Alejandro,Primo,male,2004-07-10T00:00:00+00:00,,,,False,,,ES,Levante UD,LEV,1909-09-07T00:00:00+0000,https://assets.laliga.com/assets/2019/06/07/medium/levante.png,45.0,Goalkeeper,,Estadio Ciutat de València,https://assets.laliga.com/assets/2021/07/21/medium/ae79ef9d1c26baf8602706ba1acef94b.png,,,,1.0,,,0.0,,,,,,,,,,,,,,,12.0,,,1.0,8.0,,,,,1.0,1.0,,,,,,,,,,0.0,28.0,,,,,3.0,,16.0,,,,,,,,,,,,,2.0,,,10.0,,1.0,,1.0,,1.0,,,,,1.0,,,,,,,,,,,3.0,12.0,2.0,18.0,17.0,,,38.0,,,,90.0,,,,,5.0,25.0,,,20.0,,,5.0,26.0,,,,,3.0,,5.0,3.0,2.0,,0.0,
LaLiga Santander,https://www.laliga.com/en-ES/player/sedlar,12109,sedlar,Aleksander Sedlar,Sedlar,Aleksander,Sedlar,male,1991-12-13T00:00:00+00:00,Novi Sad,79.0,178.0,False,,,RS,RCD Mallorca,MLL,1916-03-06T00:00:00+0000,https://assets.laliga.com/assets/2019/06/07/medium/mallorca.png,20.0,Defender,https://assets.laliga.com/squad/2021/t181/p215792/512x556/p215792_t181_2021_1_001_000.png,Visit Mallorca Estadi,https://assets.laliga.com/assets/2019/08/07/medium/6f67f604b5025b10ef0dc14d700586ae.png,13.0,5.0,8.0,10.0,,,0.0,15.0,,4.0,,,,,,,,35.0,16.0,19.0,8.0,66.0,2.0,,10.0,,,,,,9.0,7.0,2.0,,,22.0,11.0,11.0,,,,0.0,100.0,5.0,2.0,,,47.0,,171.0,,,,,,,,,,,2.0,,22.0,1.0,,47.0,,,,,,,,,,,3.0,,,7.0,,,,,3.0,4.0,,9.0,140.0,37.0,106.0,134.0,2.0,3.0,38.0,,,,401.0,,18.0,9.0,6.0,36.0,175.0,1.0,,143.0,5.0,1.0,32.0,222.0,,,,,6.0,,13.0,18.0,14.0,19.0,0.0,3.0
LaLiga Santander,https://www.laliga.com/en-ES/player/alessandro-burlamaqui,23122,alessandro-burlamaqui,Alessandro Burlamaqui,Burlamaqui,Alessandro,Burlamaqui,male,2002-02-18T00:00:00+00:00,,70.0,179.0,False,,,PE,Valencia CF,VAL,1919-03-18T00:00:00+0000,https://assets.laliga.com/assets/2019/06/07/medium/valencia.png,36.0,Midfielder,https://assets.laliga.com/squad/2021/t191/p479704/512x556/p479704_t191_2021_1_001_000.png,Camp de Mestalla,https://assets.laliga.com/assets/2019/06/17/medium/984682326cdbb55f5034778b7690a795.png,,,,,,,,,,,,,,,,,,,,,,,,,,,,,,,,,,,,,,,,,,,,,,,,,,,,,,,,,,,,,,,,,,,,,,,,,,,,,,,,,,,,,,,,,,,,,,,38.0,,,,,,,,,,,,,,,,,,,,,,,,,,,,,
LaLiga Santander,https://www.laliga.com/en-ES/player/berenguer,1593,berenguer,Alejandro Berenguer Remiro,Berenguer,Alejandro,Berenguer Remiro,male,1995-07-04T00:00:00+00:00,Pamplona,73.0,175.0,False,https://twitter.com/alejandritoBR,https://instagram.com/alejandro_berenguer/,ES,Athletic Club,ATH,1898-12-31T00:00:00+0000,https://assets.laliga.com/assets/2019/06/07/medium/athletic.png,7.0,Forward,https://assets.laliga.com/squad/2021/t174/p195385/512x556/p195385_t174_2021_1_001_000.png,Estadio San Mamés,https://assets.laliga.com/assets/2019/06/17/medium/f020571f7c260516dfab3b9dc5df6348.png,110.0,59.0,51.0,34.0,6.0,1.0,1.0,183.0,12.0,2.0,,5.0,,73.0,28.0,,,386.0,213.0,173.0,85.0,242.0,17.0,,34.0,,,6.0,,3.0,17.0,16.0,1.0,3.0,,276.0,154.0,122.0,3.0,1.0,1.0,2.0,45.0,16.0,37.0,,,207.0,14.0,677.0,,,,,,,1.0,,1.0,,79.0,38.0,105.0,,2.0,85.0,,,,,,,,,18.0,16.0,24.0,,13.0,10.0,15.0,31.0,13.0,33.0,41.0,2.0,19.0,17.0,475.0,398.0,146.0,496.0,19.0,26.0,38.0,7.0,2.0,4.0,2172.0,74.0,14.0,44.0,46.0,482.0,717.0,,34.0,513.0,45.0,86.0,204.0,1344.0,34.0,114.0,70.0,38.0,15.0,2.0,36.0,280.0,38.0,168.0,1.0,8.0
LaLiga Santander,https://www.laliga.com/en-ES/player/alex-petxa,19216,alex-petxa,Alex Petxarroman,Petxarroman,Alex,Petxarroman,male,1997-02-06T00:00:00+00:00,,,,False,,,ES,Athletic Club,ATH,1898-12-31T00:00:00+0000,https://assets.laliga.com/assets/2019/06/07/medium/athletic.png,2.0,Defender,https://assets.laliga.com/squad/2021/t174/p233996/512x556/p233996_t174_2021_1_001_000.png,Estadio San Mamés,https://assets.laliga.com/assets/2019/06/17/medium/f020571f7c260516dfab3b9dc5df6348.png,14.0,8.0,6.0,17.0,,,0.0,29.0,1.0,2.0,,,,,4.0,,,64.0,31.0,33.0,11.0,84.0,6.0,,17.0,,,,,,8.0,7.0,1.0,,,50.0,23.0,27.0,1.0,,,0.0,42.0,4.0,1.0,,,76.0,,204.0,,,,,,,,,,,9.0,6.0,28.0,,,21.0,,,,,,,,,,1.0,1.0,,,16.0,,,,3.0,4.0,3.0,,13.0,152.0,85.0,73.0,145.0,3.0,9.0,38.0,2.0,8.0,35.0,401.0,9.0,6.0,11.0,12.0,93.0,210.0,,1.0,158.0,12.0,4.0,52.0,347.0,,13.0,13.0,6.0,5.0,,17.0,48.0,17.0,35.0,0.0,4.0
LaLiga Santander,https://www.laliga.com/en-ES/player/alex-tirlea,25272,alex-tirlea,Alexandru Mircea Tirlea,Tirlea,Alexandru Mircea,Tirlea,male,2000-03-28T00:00:00+00:00,Alcalá de Hernares,,182.0,False,,,RO,Deportivo Alavés,ALA,1921-01-23T00:00:00+0000,https://assets.laliga.com/assets/2020/09/01/medium/27002754a98bf535807fe49a24cc63ea.png,36.0,Midfielder,,Mendizorroza,https://assets.laliga.com/assets/2019/06/17/medium/6b906780ba96aa6689192fb9afcaac6b.png,1.0,1.0,,1.0,,,0.0,2.0,,,,,,,,,,4.0,2.0,2.0,1.0,4.0,,,1.0,,,,,,,,,,,3.0,1.0,2.0,,,,0.0,1.0,,,,,1.0,,6.0,,,,,,,,,,,1.0,,2.0,,,,,,,,,,,,,,,,,1.0,,1.0,1.0,2.0,,,,,4.0,2.0,4.0,5.0,,,38.0,,,6.0,14.0,1.0,1.0,,,4.0,7.0,,,5.0,,,2.0,20.0,,1.0,1.0,1.0,,,,1.0,2.0,2.0,0.0,
LaLiga Santander,https://www.laliga.com/en-ES/player/isak,6479,isak,Alexander Isak,Isak,Alexander,Isak,male,1999-09-21T00:00:00+00:00,Solna,70.0,190.0,False,,,SE,Real Sociedad,RSO,1909-09-07T00:00:00+0000,https://assets.laliga.com/assets/2019/06/07/medium/real-sociedad.png,19.0,Forward,https://assets.laliga.com/squad/2021/t188/p219168/512x556/p219168_t188_2021_1_001_000.png,Reale Arena,https://assets.laliga.com/assets/2019/10/03/medium/b20727f80d7b4c9d5ad18acec9b663c5.png,63.0,34.0,29.0,32.0,2.0,3.0,3.0,127.0,19.0,2.0,,1.0,,1.0,20.0,,,262.0,153.0,109.0,59.0,92.0,12.0,,32.0,,,2.0,,6.0,21.0,17.0,4.0,5.0,1.0,199.0,119.0,80.0,2.0,,4.0,3.0,46.0,3.0,18.0,,1.0,104.0,15.0,382.0,,,,,,,2.0,2.0,2.0,,36.0,12.0,56.0,,5.0,94.0,,,,,,,,1.0,19.0,35.0,26.0,,21.0,6.0,,3.0,3.0,44.0,22.0,,19.0,5.0,275.0,234.0,79.0,305.0,3.0,4.0,38.0,5.0,2.0,3.0,2155.0,80.0,7.0,32.0,30.0,266.0,417.0,,54.0,310.0,7.0,142.0,107.0,803.0,,14.0,14.0,44.0,4.0,1.0,7.0,102.0,19.0,100.0,2.0,6.0
LaLiga Santander,https://www.laliga.com/en-ES/player/alexander-sorloth,12902,alexander-sorloth,Alexander Sørloth,Sørloth,Alexander,Sørloth,male,1995-12-05T00:00:00+00:00,Trondheim,90.0,195.0,False,,,NO,Real Sociedad,RSO,1909-09-07T00:00:00+0000,https://assets.laliga.com/assets/2019/06/07/medium/real-sociedad.png,23.0,Forward,https://assets.laliga.com/squad/2021/t188/p143877/512x556/p143877_t188_2021_1_001_000.png,Reale Arena,https://assets.laliga.com/assets/2019/10/03/medium/b20727f80d7b4c9d5ad18acec9b663c5.png,100.0,49.0,51.0,33.0,,,3.0,139.0,9.0,1.0,,5.0,,1.0,14.0,,,288.0,165.0,123.0,74.0,74.0,13.0,2.0,33.0,,,,,4.0,18.0,17.0,1.0,3.0,1.0,188.0,116.0,72.0,3.0,1.0,2.0,1.0,100.0,4.0,23.0,,3.0,122.0,12.0,421.0,,,,,,,,,3.0,,29.0,13.0,61.0,,,112.0,,,,,,,,,13.0,13.0,20.0,,12.0,13.0,,,,38.0,38.0,,16.0,8.0,303.0,233.0,96.0,321.0,13.0,7.0,38.0,1.0,,2.0,1760.0,80.0,15.0,29.0,14.0,285.0,447.0,,26.0,329.0,20.0,106.0,118.0,802.0,,9.0,9.0,28.0,3.0,1.0,8.0,107.0,20.0,110.0,1.0,2.0
LaLiga Santander,https://www.laliga.com/en-ES/player/alfonso-1,7551,alfonso-1,Alfonso González Martínez,Alfonso,Alfonso,González Martínez,male,1999-05-04T00:00:00+00:00,Albacete,60.0,172.0,False,,,ES,RC Celta,CEL,1923-08-23T00:00:00+0000,https://assets.laliga.com/assets/2019/06/07/medium/celta.png,32.0,Forward,https://assets.laliga.com/squad/2021/t176/p446814/512x556/p446814_t176_2021_1_001_000.png,Estadio ABANCA Balaídos,https://assets.laliga.com/assets/2019/06/17/medium/0aef263ef366bd0b81369408adb27cd6.png,,,,,,,,,,,,,,,,,,,,,,,,,,,,,,,,,,,,,,,,,,,,,,,,,,,,,,,,,,,,,,,,,,,,,,,,,,,,,,,,,,,,,,,,,,,,,,,38.0,,,,,,,,,,,,,,,,,,,,,,,,,,,,,
LaLiga Santander,https://www.laliga.com/en-ES/player/a-espino,9681,a-espino,Alfonso Espino,A. Espino,Alfonso,Espino,male,1992-01-05T00:00:00+00:00,San Jacinto,71.0,172.0,False,,,UY,Cádiz CF,CAD,1910-09-10T00:00:00+0000,https://assets.laliga.com/assets/2019/06/07/medium/cadiz.png,22.0,Defender,https://assets.laliga.com/squad/2021/t1737/p178424/512x556/p178424_t1737_2021_1_001_000.png,Estadio Nuevo Mirandilla,https://assets.laliga.com/assets/2019/08/12/medium/ec810605f774c1a9a3ed75de01826124.png,100.0,54.0,46.0,37.0,2.0,,1.0,133.0,3.0,10.0,,12.0,,2.0,31.0,,,433.0,213.0,220.0,83.0,639.0,33.0,,37.0,,,2.0,,2.0,51.0,47.0,4.0,2.0,,333.0,159.0,174.0,3.0,,2.0,1.0,48.0,54.0,33.0,,2.0,86.0,6.0,1232.0,,,1.0,,,,,,11.0,,98.0,35.0,278.0,,,416.0,,,,,,,,,17.0,7.0,37.0,,1.0,,1.0,30.0,27.0,24.0,35.0,18.0,,81.0,786.0,445.0,406.0,740.0,44.0,63.0,38.0,5.0,80.0,241.0,3329.0,44.0,76.0,50.0,43.0,756.0,1274.0,,24.0,821.0,107.0,45.0,453.0,2321.0,1.0,120.0,110.0,23.0,81.0,,174.0,420.0,153.0,279.0,1.0,6.0
LaLiga Santander,https://www.laliga.com/en-ES/player/alfonso-p,13394,alfonso-p,Alfonso Pastor,Alfonso P.,Alfonso,Pastor,male,2000-10-04T00:00:00+00:00,Bujalance,78.0,189.0,False,,,ES,Sevilla FC,SEV,1905-10-14T00:00:00+0000,https://assets.laliga.com/assets/2019/06/07/medium/sevilla.png,33.0,Goalkeeper,https://assets.laliga.com/squad/2021/t179/p436216/512x556/p436216_t179_2021_1_001_000.png,Ramón Sánchez-Pizjuán,https://assets.laliga.com/assets/2021/01/20/medium/5a52ab192cd4e4b1cc3e3a752d99c4e8.png,,,,,,,,,,,,,,,,,,,,,,,,,,,,,,,,,,,,,,,,,,,,,,,,,,,,,,,,,,,,,,,,,,,,,,,,,,,,,,,,,,,,,,,,,,,,,,,38.0,,,,,,,,,,,,,,,,,,,,,,,,,,,,,
LaLiga Santander,https://www.laliga.com/en-ES/player/a-pedraza,1809,a-pedraza,Alfonso Pedraza,A. Pedraza,Alfonso,Pedraza,male,1996-04-09T00:00:00+00:00,San Sebastián de los Ballesteros,73.0,184.0,False,https://twitter.com/Alfonsopedraza9,https://instagram.com/alfonsopedraza9,ES,Villarreal CF,VIL,1923-03-10T00:00:00+0000,https://assets.laliga.com/assets/2019/06/07/medium/villarreal.png,24.0,Forward,https://assets.laliga.com/squad/2021/t449/p208380/512x556/p208380_t449_2021_1_001_000.png,Estadio de la Cerámica,https://assets.laliga.com/assets/2019/10/03/medium/ac940b8f6681d614e337d20d5bf7f0a8.png,28.0,14.0,14.0,28.0,4.0,,3.0,177.0,4.0,3.0,,3.0,,,32.0,,,221.0,116.0,105.0,59.0,276.0,21.0,,28.0,,,4.0,,4.0,18.0,17.0,1.0,4.0,,193.0,102.0,91.0,,1.0,2.0,1.0,49.0,31.0,20.0,,2.0,24.0,2.0,723.0,,,,,,,,,,,60.0,9.0,119.0,,1.0,255.0,,,,,,,,,10.0,8.0,19.0,,11.0,9.0,,16.0,16.0,31.0,27.0,2.0,1.0,19.0,558.0,349.0,232.0,546.0,18.0,16.0,38.0,,32.0,142.0,1703.0,49.0,29.0,35.0,26.0,383.0,732.0,,18.0,565.0,34.0,83.0,167.0,1341.0,,85.0,85.0,30.0,29.0,,54.0,193.0,59.0,113.0,1.0,2.0
LaLiga Santander,https://www.laliga.com/en-ES/player/nyom,421,nyom,Allan-Roméo Nyom,Nyom,Allan-Roméo,Nyom,male,1988-05-10T00:00:00+00:00,Neuilly-sur-Seine,78.0,188.0,True,https://twitter.com/AllanNyom,,CM,CD Leganés,LEG,1928-06-23T00:00:00+0000,https://assets.laliga.com/assets/2019/06/07/medium/leganes.png,22.0,Defender,https://assets.laliga.com/squad/2021/t957/p67527/512x556/p67527_t957_2021_1_001_000.png,Estadio Municipal Butarque,https://assets.laliga.com/assets/2019/10/03/medium/2b7303ff6a9beaf1b4dc88599116df55.png,44.0,19.0,25.0,16.0,1.0,,0.0,69.0,,5.0,,6.0,,,6.0,,,119.0,47.0,72.0,21.0,255.0,5.0,,16.0,,,1.0,,1.0,14.0,12.0,2.0,1.0,,75.0,28.0,47.0,1.0,1.0,,1.0,10.0,7.0,7.0,,,150.0,3.0,534.0,,1.0,,,,,,,3.0,,23.0,6.0,95.0,,,69.0,,,,,,,,,,1.0,15.0,,3.0,1.0,,11.0,11.0,6.0,10.0,8.0,1.0,32.0,394.0,187.0,225.0,369.0,11.0,15.0,42.0,,7.0,61.0,1263.0,9.0,30.0,17.0,17.0,196.0,543.0,,1.0,401.0,26.0,6.0,142.0,797.0,,21.0,20.0,6.0,40.0,,65.0,122.0,41.0,77.0,1.0,5.0
LaLiga Santander,https://www.laliga.com/en-ES/player/amath,4463,amath,Amath Ndiaye,Amath,Amath,Ndiaye,male,1996-07-16T00:00:00+00:00,Dakar,70.0,173.0,False,https://twitter.com/amath_31,https://instagram.com/amath31/,SN,RCD Mallorca,MLL,1916-03-06T00:00:00+0000,https://assets.laliga.com/assets/2019/06/07/medium/mallorca.png,23.0,Forward,https://assets.laliga.com/squad/2021/t181/p225463/512x556/p225463_t181_2021_1_001_000.png,Visit Mallorca Estadi,https://assets.laliga.com/assets/2019/08/07/medium/6f67f604b5025b10ef0dc14d700586ae.png,25.0,20.0,5.0,19.0,,,0.0,52.0,3.0,,,1.0,,1.0,8.0,,,143.0,84.0,59.0,26.0,52.0,14.0,,19.0,,,1.0,,,13.0,10.0,3.0,,,118.0,64.0,54.0,,,,0.0,49.0,7.0,5.0,,,33.0,6.0,189.0,,,,,,,,,1.0,,21.0,12.0,34.0,,,54.0,,,,,,,,,4.0,4.0,9.0,,8.0,10.0,,1.0,1.0,15.0,12.0,1.0,6.0,5.0,153.0,99.0,57.0,150.0,10.0,11.0,38.0,2.0,,3.0,884.0,35.0,6.0,19.0,18.0,105.0,191.0,,8.0,155.0,21.0,28.0,36.0,384.0,,6.0,6.0,16.0,,,,39.0,3.0,36.0,0.0,5.0
LaLiga Santander,https://www.laliga.com/en-ES/player/barrenetxea,9582,barrenetxea,Ander Barrenetxea,Barrenetxea,Ander,Barrenetxea,male,2001-12-27T00:00:00+00:00,San Sebastián,75.0,178.0,False,,,ES,Real Sociedad,RSO,1909-09-07T00:00:00+0000,https://assets.laliga.com/assets/2019/06/07/medium/real-sociedad.png,22.0,Forward,https://assets.laliga.com/squad/2021/t188/p471138/512x556/p471138_t188_2021_1_001_000.png,Reale Arena,https://assets.laliga.com/assets/2019/10/03/medium/b20727f80d7b4c9d5ad18acec9b663c5.png,8.0,4.0,4.0,11.0,1.0,,0.0,43.0,1.0,,,,,,2.0,,,112.0,62.0,50.0,14.0,55.0,7.0,,11.0,,,1.0,,1.0,8.0,7.0,1.0,1.0,,104.0,58.0,46.0,,,,1.0,59.0,2.0,5.0,,,24.0,1.0,176.0,,,,,,,,,,,18.0,7.0,39.0,,1.0,54.0,,,,,,,,,4.0,3.0,6.0,,6.0,5.0,,,,15.0,7.0,,2.0,5.0,129.0,91.0,38.0,124.0,5.0,10.0,38.0,1.0,,,548.0,38.0,2.0,10.0,16.0,117.0,176.0,,7.0,129.0,15.0,28.0,47.0,321.0,,8.0,8.0,22.0,2.0,1.0,3.0,43.0,12.0,44.0,1.0,
LaLiga Santander,https://www.laliga.com/en-ES/player/capa,164,capa,Ander Capa,Capa,Ander,Capa,male,1992-02-08T00:00:00+00:00,Portugalete,75.0,175.0,False,https://twitter.com/AnderCapa,,ES,Athletic Club,ATH,1898-12-31T00:00:00+0000,https://assets.laliga.com/assets/2019/06/07/medium/athletic.png,21.0,Defender,https://assets.laliga.com/squad/2021/t174/p140266/512x556/p140266_t174_2021_1_001_000.png,Estadio San Mamés,https://assets.laliga.com/assets/2019/06/17/medium/f020571f7c260516dfab3b9dc5df6348.png,,,,1.0,,,0.0,,,,,,,,,,,,,,,2.0,,,1.0,,,,,,,,,,,,,,,,,0.0,93.0,,,,,,,2.0,,,,,,,,,,,,,,,,,,,,,,,,,1.0,,,,,1.0,,,,,,,,,1.0,1.0,,1.0,,,38.0,,,,3.0,,,,,1.0,2.0,,1.0,1.0,,,1.0,3.0,,,,,,,,,1.0,1.0,0.0,
LaLiga Santander,https://www.laliga.com/en-ES/player/guevara,6270,guevara,Ander Guevara,Guevara,Ander,Guevara,male,1997-07-07T00:00:00+00:00,Vitoria,73.0,180.0,False,https://twitter.com/Guevara_Ander,https://instagram.com/anderguevara/,ES,Real Sociedad,RSO,1909-09-07T00:00:00+0000,https://assets.laliga.com/assets/2019/06/07/medium/real-sociedad.png,16.0,Midfielder,https://assets.laliga.com/squad/2021/t188/p431644/512x556/p431644_t188_2021_1_001_000.png,Reale Arena,https://assets.laliga.com/assets/2019/10/03/medium/b20727f80d7b4c9d5ad18acec9b663c5.png,37.0,22.0,15.0,17.0,,,0.0,102.0,,6.0,,2.0,,,1.0,,,90.0,49.0,41.0,26.0,165.0,11.0,,17.0,,,,,,10.0,9.0,1.0,,,53.0,27.0,26.0,,,,0.0,100.0,12.0,6.0,,,169.0,,594.0,,,1.0,,,,,,3.0,,15.0,6.0,66.0,,,171.0,,,,,,,,,2.0,,11.0,,8.0,6.0,,,,3.0,16.0,1.0,3.0,28.0,512.0,223.0,302.0,497.0,5.0,13.0,38.0,1.0,,,870.0,5.0,8.0,15.0,5.0,101.0,607.0,,2.0,525.0,18.0,10.0,82.0,712.0,,,,1.0,9.0,,12.0,49.0,33.0,70.0,0.0,2.0
LaLiga Santander,https://www.laliga.com/en-ES/player/iru,14456,iru,Ander Iruarrizaga,Iru,Ander,Iruarrizaga,male,1998-08-22T00:00:00+00:00,Igorre,74.0,188.0,False,,,ES,Athletic Club,ATH,1898-12-31T00:00:00+0000,https://assets.laliga.com/assets/2019/06/07/medium/athletic.png,35.0,Goalkeeper,https://assets.laliga.com/squad/2021/t174/p439771/512x556/p439771_t174_2021_0_001_000.png,Estadio San Mamés,https://assets.laliga.com/assets/2019/06/17/medium/f020571f7c260516dfab3b9dc5df6348.png,,,,,,,,,,,,,,,,,,,,,,,,,,,,,,,,,,,,,,,,,,,,,,,,,,,,,,,,,,,,,,,,,,,,,,,,,,,,,,,,,,,,,,,,,,,,,,,38.0,,,,,,,,,,,,,,,,,,,,,,,,,,,,,
LaLiga Santander,https://www.laliga.com/en-ES/player/ander-martin,19217,ander-martin,Ander Martín,Martin,Ander,Martín,male,2000-11-16T00:00:00+00:00,Donostia-San Sebastián,,,False,,,ES,Real Sociedad,RSO,1909-09-07T00:00:00+0000,https://assets.laliga.com/assets/2019/06/07/medium/real-sociedad.png,,Forward,,Reale Arena,https://assets.laliga.com/assets/2019/10/03/medium/b20727f80d7b4c9d5ad18acec9b663c5.png,4.0,2.0,2.0,5.0,,,0.0,17.0,1.0,,,,,2.0,1.0,,,14.0,10.0,4.0,5.0,9.0,3.0,,5.0,,,,,,2.0,2.0,,,,10.0,8.0,2.0,,,,0.0,61.0,3.0,2.0,,,2.0,,41.0,,,,,,,,,,,2.0,,4.0,,,15.0,,,,,,,,,,2.0,1.0,,1.0,4.0,1.0,1.0,,1.0,2.0,,2.0,,32.0,25.0,10.0,34.0,1.0,,38.0,2.0,,1.0,85.0,4.0,1.0,4.0,,23.0,43.0,,2.0,34.0,1.0,4.0,9.0,73.0,,4.0,3.0,3.0,1.0,,3.0,9.0,4.0,6.0,0.0,
LaLiga Santander,https://www.laliga.com/en-ES/player/gorosabel,6943,gorosabel,Andoni Gorosabel,Gorosabel,Andoni,Gorosabel,male,1996-08-04T00:00:00+00:00,Arrasate,73.0,174.0,False,,,ES,Real Sociedad,RSO,1909-09-07T00:00:00+0000,https://assets.laliga.com/assets/2019/06/07/medium/real-sociedad.png,18.0,Defender,https://assets.laliga.com/squad/2021/t188/p235227/512x556/p235227_t188_2021_1_001_000.png,Reale Arena,https://assets.laliga.com/assets/2019/10/03/medium/b20727f80d7b4c9d5ad18acec9b663c5.png,52.0,30.0,22.0,32.0,3.0,,0.0,243.0,6.0,3.0,,6.0,,3.0,15.0,,,213.0,108.0,105.0,50.0,407.0,15.0,,32.0,,,4.0,,,22.0,18.0,4.0,,,161.0,78.0,83.0,1.0,,,0.0,93.0,18.0,18.0,,,388.0,,1114.0,,,,,,,,,3.0,,42.0,13.0,137.0,,,100.0,,,,,,,,,4.0,1.0,25.0,,13.0,7.0,,16.0,16.0,18.0,24.0,7.0,3.0,31.0,945.0,551.0,431.0,935.0,16.0,31.0,38.0,,35.0,217.0,2296.0,30.0,42.0,27.0,18.0,312.0,1138.0,,5.0,966.0,47.0,33.0,172.0,1739.0,3.0,47.0,42.0,16.0,14.0,,38.0,165.0,54.0,134.0,0.0,4.0
LaLiga Santander,https://www.laliga.com/en-ES/player/lunin,6724,lunin,Andrii Lunin,Lunin,Andrii,Lunin,male,1999-02-11T00:00:00+00:00,Krasnograd,80.0,191.0,False,,,UA,Real Madrid,RMA,1902-03-06T00:00:00+0000,https://assets.laliga.com/assets/2019/06/07/medium/real-madrid.png,13.0,Goalkeeper,https://assets.laliga.com/squad/2021/t186/p224965/512x556/p224965_t186_2021_1_001_000.png,Estadio Santiago Bernabéu,https://assets.laliga.com/assets/2019/06/08/medium/e6695a8184f41deea3ad87dd9c12ab1f.png,,,,2.0,,,0.0,,,,3.0,,,,,,,1.0,1.0,,,24.0,1.0,,2.0,31.0,5.0,,,,2.0,2.0,,,,1.0,1.0,,,,,0.0,76.0,,,,,29.0,,40.0,,,1.0,2.0,,1.0,,,1.0,1.0,,,16.0,,,14.0,1.0,7.0,,6.0,1.0,1.0,,,,,2.0,,,,,,,,,1.0,,12.0,37.0,1.0,56.0,45.0,,,38.0,,,,180.0,,3.0,1.0,,10.0,67.0,,,57.0,,,10.0,93.0,,,,,3.0,,7.0,3.0,7.0,3.0,0.0,
LaLiga Santander,https://www.laliga.com/en-ES/player/a-guardado,719,a-guardado,Andrés Guardado,A. Guardado,Andrés,Guardado,male,1986-09-28T00:00:00+00:00,Guadalajara,60.0,169.0,True,https://twitter.com/AGuardado18,https://instagram.com/andresgua18,MX,Real Betis,BET,1907-09-12T00:00:00+0000,https://assets.laliga.com/assets/2019/06/07/medium/betis.png,18.0,Midfielder,https://assets.laliga.com/squad/2021/t185/p37064/512x556/p37064_t185_2021_1_001_000.png,Estadio Benito Villamarín,https://assets.laliga.com/assets/2019/06/17/medium/f211dabccff68741a75d175307d78f59.png,44.0,32.0,12.0,28.0,,,0.0,95.0,5.0,4.0,,3.0,,1.0,3.0,,,148.0,82.0,66.0,35.0,289.0,14.0,,28.0,,,1.0,,,15.0,14.0,1.0,,,104.0,50.0,54.0,2.0,,1.0,0.0,100.0,21.0,9.0,1.0,,191.0,,895.0,,,1.0,,,,,,2.0,,23.0,14.0,100.0,,,352.0,,,,,,,,,7.0,3.0,17.0,,12.0,11.0,,1.0,1.0,6.0,22.0,6.0,6.0,82.0,756.0,372.0,415.0,704.0,17.0,13.0,38.0,1.0,2.0,11.0,1394.0,8.0,24.0,24.0,18.0,179.0,927.0,,10.0,786.0,30.0,13.0,141.0,1150.0,1.0,8.0,7.0,4.0,17.0,,59.0,110.0,39.0,82.0,0.0,4.0
LaLiga Santander,https://www.laliga.com/en-ES/player/andres-2,7455,andres-2,Andrés Martín,Andrés,Andrés,Martín,male,1999-07-11T00:00:00+00:00,Aguadulce,64.0,177.0,False,,,ES,CD Tenerife,TEN,1922-08-08T00:00:00+0000,https://assets.laliga.com/assets/2019/06/07/medium/tenerife.png,20.0,Forward,https://assets.laliga.com/squad/2021/t612/p444284/512x556/p444284_t612_2021_1_001_000.png,Estadio Heliodoro Rodríguez López,https://assets.laliga.com/assets/2019/08/12/medium/495894595b2656919283f99f4bb6b500.png,19.0,13.0,6.0,18.0,,,1.0,32.0,7.0,1.0,,,,7.0,4.0,,,94.0,46.0,48.0,17.0,66.0,3.0,,18.0,,,2.0,,2.0,9.0,9.0,,2.0,,75.0,33.0,42.0,1.0,,,1.0,10.0,9.0,13.0,,1.0,71.0,2.0,179.0,,,,,,,,,1.0,,17.0,8.0,48.0,,1.0,12.0,,,,,,,,,11.0,5.0,4.0,,2.0,14.0,3.0,4.0,1.0,14.0,10.0,,3.0,10.0,119.0,95.0,30.0,111.0,2.0,11.0,44.0,,,2.0,699.0,16.0,2.0,6.0,15.0,134.0,181.0,,16.0,121.0,13.0,33.0,60.0,362.0,2.0,13.0,10.0,8.0,4.0,,15.0,60.0,13.0,45.0,0.0,1.0
LaLiga Santander,https://www.laliga.com/en-ES/player/ansu-fati,12722,ansu-fati,Anssumane Fati Vieira,Ansu Fati,Anssumane,Fati Vieira,male,2002-10-31T00:00:00+00:00,Bissau,66.0,178.0,False,,,ES,FC Barcelona,BAR,1899-11-29T00:00:00+0000,https://assets.laliga.com/assets/2019/06/07/medium/barcelona.png,10.0,Forward,https://assets.laliga.com/squad/2021/t178/p465607/512x556/p465607_t178_2021_1_001_000.png,Camp Nou,https://assets.laliga.com/assets/2019/06/17/medium/0623ce55ec3ee4e439ed6d24fe2ba77b.png,4.0,3.0,1.0,10.0,,1.0,2.0,54.0,5.0,,,,,4.0,5.0,,,44.0,24.0,20.0,9.0,22.0,7.0,1.0,10.0,,,,,4.0,4.0,3.0,1.0,2.0,2.0,40.0,21.0,19.0,,,,2.0,100.0,1.0,2.0,,,15.0,3.0,146.0,,,,,,,,,,,11.0,4.0,10.0,,4.0,63.0,,,,,,,,,5.0,8.0,3.0,,3.0,7.0,,1.0,1.0,4.0,6.0,,2.0,2.0,123.0,106.0,26.0,129.0,1.0,2.0,38.0,1.0,,1.0,331.0,12.0,,9.0,12.0,61.0,154.0,,13.0,131.0,3.0,37.0,23.0,241.0,1.0,2.0,1.0,10.0,,,1.0,24.0,1.0,22.0,0.0,
LaLiga Santander,https://www.laliga.com/en-ES/player/budimir,9656,budimir,Ante Budimir,Budimir,Ante,Budimir,male,1991-07-22T00:00:00+00:00,Zenica,75.0,190.0,False,,,HR,CA Osasuna,OSA,1920-11-17T00:00:00+0000,https://assets.laliga.com/assets/2019/06/07/medium/osasuna.png,17.0,Forward,https://assets.laliga.com/squad/2021/t450/p94273/512x556/p94273_t450_2021_1_001_000.png,Estadio El Sadar,https://assets.laliga.com/assets/2021/01/20/medium/c1b35f03ff875a4a12c7dcbd477d964a.png,210.0,101.0,109.0,28.0,2.0,,3.0,88.0,5.0,4.0,,1.0,,,10.0,,,368.0,195.0,173.0,68.0,102.0,20.0,1.0,28.0,,,2.0,,8.0,24.0,22.0,2.0,7.0,1.0,158.0,94.0,64.0,2.0,1.0,3.0,5.0,48.0,3.0,8.0,,5.0,85.0,16.0,328.0,,,,,,,2.0,2.0,1.0,,28.0,18.0,50.0,,2.0,68.0,,,,,,,,,18.0,22.0,20.0,,11.0,8.0,,2.0,2.0,11.0,32.0,,18.0,2.0,184.0,145.0,56.0,197.0,14.0,10.0,38.0,2.0,,3.0,1742.0,48.0,16.0,37.0,32.0,269.0,343.0,,40.0,199.0,24.0,96.0,144.0,682.0,,5.0,5.0,20.0,,4.0,3.0,131.0,18.0,141.0,4.0,3.0
LaLiga Santander,https://www.laliga.com/en-ES/player/lozano,1960,lozano,Anthony Lozano,Lozano,Anthony,Lozano,male,1993-04-25T00:00:00+00:00,Yoro,74.0,185.0,True,https://twitter.com/choko_9,,HN,Cádiz CF,CAD,1910-09-10T00:00:00+0000,https://assets.laliga.com/assets/2019/06/07/medium/cadiz.png,9.0,Forward,https://assets.laliga.com/squad/2021/t1737/p104448/512x556/p104448_t1737_2021_1_001_000.png,Estadio Nuevo Mirandilla,https://assets.laliga.com/assets/2019/08/12/medium/ec810605f774c1a9a3ed75de01826124.png,122.0,78.0,44.0,31.0,1.0,,5.0,64.0,9.0,2.0,,,,,19.0,,,321.0,195.0,126.0,74.0,71.0,17.0,4.0,31.0,,,2.0,,7.0,25.0,23.0,2.0,6.0,1.0,199.0,117.0,82.0,3.0,1.0,1.0,2.0,38.0,2.0,8.0,,3.0,53.0,9.0,240.0,,,,,,,,,3.0,,23.0,14.0,64.0,,3.0,67.0,,,,,,,,,20.0,20.0,21.0,,17.0,10.0,,3.0,3.0,36.0,31.0,,6.0,6.0,156.0,120.0,54.0,165.0,4.0,4.0,38.0,3.0,,1.0,1677.0,67.0,7.0,43.0,38.0,245.0,255.0,,40.0,171.0,8.0,86.0,84.0,628.0,,23.0,23.0,23.0,1.0,2.0,6.0,95.0,12.0,78.0,1.0,8.0
LaLiga Santander,https://www.laliga.com/en-ES/player/anthony-martial,2264,anthony-martial,Anthony Martial,Martial,Anthony,Martial,male,1995-12-05T00:00:00+00:00,Massy,76.0,181.0,False,,,FR,Sevilla FC,SEV,1905-10-14T00:00:00+0000,https://assets.laliga.com/assets/2019/06/07/medium/sevilla.png,22.0,Forward,https://assets.laliga.com/squad/2021/t179/p148225/512x556/p148225_t179_2021_1_001_000.png,Ramón Sánchez-Pizjuán,https://assets.laliga.com/assets/2021/01/20/medium/5a52ab192cd4e4b1cc3e3a752d99c4e8.png,15.0,9.0,6.0,9.0,1.0,1.0,0.0,54.0,1.0,,,,,,3.0,,,64.0,38.0,26.0,13.0,20.0,1.0,,9.0,,,1.0,,,2.0,,2.0,,,49.0,29.0,20.0,2.0,,,0.0,29.0,,1.0,,,33.0,,145.0,,,,,,,,,,,5.0,4.0,7.0,,,44.0,,,,,,,,,3.0,3.0,7.0,,7.0,2.0,,1.0,1.0,7.0,5.0,,6.0,5.0,121.0,85.0,43.0,122.0,1.0,1.0,38.0,,,1.0,495.0,22.0,3.0,5.0,11.0,72.0,151.0,,6.0,127.0,2.0,23.0,24.0,250.0,,5.0,5.0,9.0,,2.0,,22.0,7.0,24.0,0.0,1.0
LaLiga Santander,https://www.laliga.com/en-ES/player/griezmann,699,griezmann,Antoine Griezmann,Griezmann,Antoine,Griezmann,male,1991-03-21T00:00:00+00:00,Mâcon,73.0,176.0,True,https://twitter.com/AntoGriezmann,https://instagram.com/AntoGriezmann,FR,Atlético de Madrid,ATM,1903-04-26T00:00:00+0000,https://assets.laliga.com/assets/2019/06/07/medium/atletico.png,8.0,Forward,https://assets.laliga.com/squad/2021/t175/p76650/512x556/p76650_t175_2021_1_001_000.png,Wanda Metropolitano,https://assets.laliga.com/assets/2019/06/17/medium/935f92c15c4d3442ef3f6d843beba0e1.png,86.0,54.0,32.0,26.0,3.0,3.0,,161.0,8.0,1.0,,1.0,,22.0,11.0,,,232.0,125.0,107.0,38.0,129.0,14.0,,26.0,,,4.0,,3.0,16.0,12.0,4.0,2.0,1.0,146.0,71.0,75.0,,1.0,1.0,,10.0,7.0,22.0,,1.0,225.0,10.0,639.0,,,,,,,,,2.0,,28.0,17.0,72.0,,1.0,143.0,,,,,,,,,21.0,14.0,21.0,,16.0,5.0,4.0,6.0,2.0,19.0,16.0,1.0,16.0,18.0,512.0,361.0,176.0,513.0,16.0,14.0,38.0,5.0,,7.0,1706.0,34.0,16.0,18.0,27.0,227.0,658.0,,35.0,531.0,30.0,72.0,127.0,963.0,14.0,28.0,12.0,10.0,3.0,3.0,9.0,133.0,22.0,118.0,,3.0
LaLiga Santander,https://www.laliga.com/en-ES/player/a-barragan,708,a-barragan,Antonio Barragán,A. Barragán,Antonio,Barragán,male,1987-06-12T00:00:00+00:00,La Coruña,76.0,182.0,False,https://twitter.com/A_Barragan17,https://instagram.com/antoniobarragan17/,ES,Elche CF,ELC,1923-03-01T00:00:00+0000,https://assets.laliga.com/assets/2019/06/07/medium/elche.png,19.0,Defender,https://assets.laliga.com/squad/2021/t954/p20399/512x556/p20399_t954_2021_1_001_000.png,Estadio Martínez Valero,https://assets.laliga.com/assets/2019/08/12/medium/150e2d322086b631feb7ec0016b982f6.png,10.0,2.0,8.0,16.0,,,0.0,44.0,,3.0,,2.0,,4.0,2.0,,,72.0,26.0,46.0,23.0,196.0,12.0,,16.0,,,,,,20.0,17.0,3.0,,,62.0,24.0,38.0,3.0,,,0.0,88.0,17.0,2.0,,,149.0,,396.0,,,2.0,,,,,,3.0,,7.0,2.0,54.0,,,39.0,,,,,,,,,1.0,,12.0,,7.0,4.0,1.0,3.0,2.0,,17.0,2.0,,24.0,327.0,138.0,218.0,329.0,7.0,14.0,38.0,,14.0,67.0,1022.0,2.0,33.0,19.0,17.0,131.0,428.0,,1.0,353.0,21.0,2.0,75.0,665.0,2.0,30.0,23.0,1.0,10.0,,28.0,79.0,26.0,47.0,0.0,5.0
LaLiga Santander,https://www.laliga.com/en-ES/player/antonio-blanco,17025,antonio-blanco,Antonio Blanco,Blanco,Antonio,Blanco,male,2000-07-23T00:00:00+00:00,Montalbán,,176.0,False,,,ES,Real Madrid,RMA,1902-03-06T00:00:00+0000,https://assets.laliga.com/assets/2019/06/07/medium/real-madrid.png,27.0,Midfielder,https://assets.laliga.com/squad/2021/t186/p437465/512x556/p437465_t186_2021_1_001_000.png,Estadio Santiago Bernabéu,https://assets.laliga.com/assets/2019/06/08/medium/e6695a8184f41deea3ad87dd9c12ab1f.png,1.0,1.0,,1.0,,,0.0,3.0,,1.0,,,,,,,,6.0,3.0,3.0,1.0,5.0,1.0,,1.0,,,,,,,,,,,5.0,2.0,3.0,,,,0.0,57.0,1.0,,,,8.0,,20.0,,,,,,,,,,,,,4.0,,,4.0,,,,,,,,,,,,,,1.0,,,,1.0,,1.0,,1.0,18.0,7.0,11.0,17.0,2.0,,38.0,,,,30.0,1.0,,1.0,,3.0,20.0,,,18.0,2.0,,2.0,27.0,,,,,1.0,,1.0,1.0,1.0,1.0,0.0,
LaLiga Santander,https://www.laliga.com/en-ES/player/antonio-gomis,25653,antonio-gomis,Antonio Gomís Alemañ,A.gomis,Antonio,Gomís Alemañ,male,2003-05-20T00:00:00+00:00,Elche,,,False,,,ES,Atlético de Madrid,ATM,1903-04-26T00:00:00+0000,https://assets.laliga.com/assets/2019/06/07/medium/atletico.png,35.0,Goalkeeper,,Wanda Metropolitano,https://assets.laliga.com/assets/2019/06/17/medium/935f92c15c4d3442ef3f6d843beba0e1.png,,,,,,,,,,,,,,,,,,,,,,,,,,,,,,,,,,,,,,,,,,,,,,,,,,,,,,,,,,,,,,,,,,,,,,,,,,,,,,,,,,,,,,,,,,,,,,,38.0,,,,,,,,,,,,,,,,,,,,,,,,,,,,,
LaLiga Santander,https://www.laliga.com/en-ES/player/antonio-leal,25273,antonio-leal,Antonio Leal,Antonio Leal,Antonio,Leal,male,1999-01-28T00:00:00+00:00,Villamartín,,186.0,False,,,ES,,,,,,,,,,,,,,,,,,,,,,,,,,,,,,,,,,,,,,,,,,,,,,,,,,,,,,,,,,,,,,,,,,,,,,,,,,,,,,,,,,,,,,,,,,,,,,,,,,,,,,,,,,,,,,,,,,,,,,,,,,,,,,,,,,,,,
LaLiga Santander,https://www.laliga.com/en-ES/player/antonio-marchena,25354,antonio-marchena,Antonio Marchena,Marchena,Antonio,Marchena,male,2002-07-27T00:00:00+00:00,,,,False,,,ES,Real Betis,BET,1907-09-12T00:00:00+0000,https://assets.laliga.com/assets/2019/06/07/medium/betis.png,38.0,Midfielder,,Estadio Benito Villamarín,https://assets.laliga.com/assets/2019/06/17/medium/f211dabccff68741a75d175307d78f59.png,,,,,,,,,,,,,,,,,,,,,,,,,,,,,,,,,,,,,,,,,,,,,,,,,,,,,,,,,,,,,,,,,,,,,,,,,,,,,,,,,,,,,,,,,,,,,,,38.0,,,,,,,,,,,,,,,,,,,,,,,,,,,,,
LaLiga Santander,https://www.laliga.com/en-ES/player/antonio-pacheco,14652,antonio-pacheco,Antonio Pacheco,Pacheco,Antonio,Pacheco,male,2002-01-03T00:00:00+00:00,,,,False,,,ES,Villarreal CF,VIL,1923-03-10T00:00:00+0000,https://assets.laliga.com/assets/2019/06/07/medium/villarreal.png,39.0,Midfielder,,Estadio de la Cerámica,https://assets.laliga.com/assets/2019/10/03/medium/ac940b8f6681d614e337d20d5bf7f0a8.png,,,,,,,,,,,,,,,,,,,,,,,,,,,,,,,,,,,,,,,,,,,,,,,,,,,,,,,,,,,,,,,,,,,,,,,,,,,,,,,,,,,,,,,,,,,,,,,38.0,,,,,,,,,,,,,,,,,,,,,,,,,,,,,
LaLiga Santander,https://www.laliga.com/en-ES/player/antonio-puertas,1908,antonio-puertas,José Antonio Rodríguez Díaz,Antonio Puertas,José Antonio,Rodríguez Díaz,male,1992-02-21T00:00:00+00:00,Benadahux,77.0,183.0,False,,,ES,Granada CF,GRA,1931-01-01T00:00:00+0000,https://assets.laliga.com/assets/2019/06/07/medium/granada.png,10.0,Midfielder,https://assets.laliga.com/squad/2021/t5683/p156301/512x556/p156301_t5683_2021_1_001_000.png,Nuevo Los Cármenes,https://assets.laliga.com/assets/2019/08/07/medium/4de53714b029bf44d86c53bd0d6835d3.png,124.0,75.0,49.0,33.0,,,3.0,179.0,9.0,3.0,,1.0,,2.0,15.0,,,348.0,205.0,143.0,57.0,171.0,17.0,,33.0,,,1.0,,6.0,34.0,30.0,4.0,5.0,1.0,224.0,130.0,94.0,5.0,1.0,1.0,3.0,34.0,11.0,17.0,,4.0,196.0,9.0,609.0,,,1.0,,,,,,6.0,,59.0,30.0,114.0,,1.0,68.0,,,,,,,,,9.0,15.0,25.0,,17.0,8.0,,8.0,8.0,31.0,25.0,1.0,13.0,21.0,440.0,273.0,180.0,424.0,14.0,20.0,38.0,3.0,2.0,29.0,2270.0,65.0,25.0,44.0,30.0,334.0,614.0,,24.0,445.0,34.0,69.0,169.0,1085.0,,34.0,34.0,25.0,16.0,,27.0,161.0,42.0,142.0,1.0,4.0
LaLiga Santander,https://www.laliga.com/en-ES/player/a-raillo,1861,a-raillo,Antonio Raíllo,A. Raillo,Antonio,Raíllo,male,1991-10-08T00:00:00+00:00,Córdoba,80.0,187.0,False,,,ES,RCD Mallorca,MLL,1916-03-06T00:00:00+0000,https://assets.laliga.com/assets/2019/06/07/medium/mallorca.png,21.0,Defender,https://assets.laliga.com/squad/2021/t181/p105571/512x556/p105571_t181_2021_1_001_000.png,Visit Mallorca Estadi,https://assets.laliga.com/assets/2019/08/07/medium/6f67f604b5025b10ef0dc14d700586ae.png,56.0,28.0,28.0,17.0,,,1.0,49.0,3.0,14.0,,3.0,,,,,,107.0,50.0,57.0,22.0,241.0,8.0,,17.0,,,,,2.0,30.0,27.0,3.0,2.0,,51.0,22.0,29.0,1.0,1.0,1.0,1.0,40.0,18.0,,,,136.0,1.0,590.0,,1.0,,,,,,,3.0,,8.0,3.0,66.0,,1.0,194.0,,,,,,,,,2.0,4.0,17.0,,,,,,,,13.0,11.0,1.0,51.0,510.0,158.0,373.0,480.0,9.0,7.0,38.0,,,1.0,1530.0,2.0,80.0,20.0,14.0,102.0,620.0,,6.0,531.0,16.0,14.0,89.0,810.0,,1.0,1.0,1.0,19.0,,48.0,62.0,28.0,41.0,0.0,8.0
LaLiga Santander,https://www.laliga.com/en-ES/player/sivera,1290,sivera,Antonio Sivera,Sivera,Antonio,Sivera,male,1996-08-11T00:00:00+00:00,Jávea,75.0,184.0,False,https://twitter.com/AntonioSivera1,https://instagram.com/antoniosivera,ES,Deportivo Alavés,ALA,1921-01-23T00:00:00+0000,https://assets.laliga.com/assets/2020/09/01/medium/27002754a98bf535807fe49a24cc63ea.png,13.0,Goalkeeper,https://assets.laliga.com/squad/2021/t173/p176245/512x556/p176245_t173_2021_1_001_000.png,Mendizorroza,https://assets.laliga.com/assets/2019/06/17/medium/6b906780ba96aa6689192fb9afcaac6b.png,,,,4.0,,,0.0,,,,2.0,,,,,,,1.0,1.0,,,75.0,,,4.0,30.0,19.0,,,,4.0,3.0,1.0,,,1.0,1.0,,,,,0.0,51.0,,,,,12.0,,37.0,,,,1.0,,,,,1.0,2.0,,,26.0,,,11.0,,12.0,1.0,8.0,4.0,2.0,,,,,3.0,,,1.0,,,,,,9.0,,30.0,23.0,25.0,32.0,27.0,,,38.0,,,,276.0,,2.0,,,41.0,98.0,,,57.0,,,41.0,123.0,,,,,10.0,,41.0,36.0,5.0,,0.0,1.0
LaLiga Santander,https://www.laliga.com/en-ES/player/sanchez,12755,sanchez,Antonio Sánchez,Sanchez,Antonio,Sánchez,male,1997-04-22T00:00:00+00:00,Palma de Mallorca,78.0,179.0,False,,,ES,RCD Mallorca,MLL,1916-03-06T00:00:00+0000,https://assets.laliga.com/assets/2019/06/07/medium/mallorca.png,10.0,Midfielder,https://assets.laliga.com/squad/2021/t181/p464284/512x556/p464284_t181_2021_1_001_000.png,Visit Mallorca Estadi,https://assets.laliga.com/assets/2019/08/07/medium/6f67f604b5025b10ef0dc14d700586ae.png,22.0,11.0,11.0,29.0,,,0.0,137.0,6.0,2.0,,,,,5.0,,,224.0,115.0,109.0,48.0,225.0,21.0,,29.0,,,,,1.0,31.0,28.0,3.0,1.0,,202.0,104.0,98.0,1.0,,,1.0,64.0,32.0,9.0,,,149.0,3.0,628.0,,,,,,,,,4.0,,45.0,30.0,148.0,,1.0,140.0,,,,,,,,,8.0,4.0,19.0,,18.0,10.0,,1.0,1.0,18.0,21.0,5.0,4.0,41.0,496.0,268.0,249.0,475.0,29.0,24.0,38.0,1.0,1.0,2.0,1622.0,36.0,27.0,40.0,27.0,233.0,651.0,,12.0,516.0,53.0,25.0,135.0,1020.0,,15.0,15.0,16.0,21.0,,42.0,116.0,34.0,93.0,0.0,3.0
LaLiga Santander,https://www.laliga.com/en-ES/player/zarzana,8226,zarzana,Antonio Zarzana,Zarzana,Antonio,Zarzana,male,2002-03-21T00:00:00+00:00,Jerez de la Frontera,,180.0,False,,,ES,Sevilla FC,SEV,1905-10-14T00:00:00+0000,https://assets.laliga.com/assets/2019/06/07/medium/sevilla.png,38.0,Forward,https://assets.laliga.com/squad/2021/t179/p451587/512x556/p451587_t179_2021_0_001_000.png,Ramón Sánchez-Pizjuán,https://assets.laliga.com/assets/2021/01/20/medium/5a52ab192cd4e4b1cc3e3a752d99c4e8.png,,,,,,,,,,,,,,,,,,,,,,,,,,,,,,,,,,,,,,,,,,,,,,,,,,,,,,,,,,,,,,,,,,,,,,,,,,,,,,,,,,,,,,,,,,,,,,,38.0,,,,,,,,,,,,,,,,,,,,,,,,,,,,,
LaLiga Santander,https://www.laliga.com/en-ES/player/aridane-1,4083,aridane-1,Aridane Hernández,Aridane,Aridane,Hernández,male,1989-03-23T00:00:00+00:00,Tuineje,77.0,186.0,False,https://twitter.com/Arimac5,,ES,CA Osasuna,OSA,1920-11-17T00:00:00+0000,https://assets.laliga.com/assets/2019/06/07/medium/osasuna.png,23.0,Defender,https://assets.laliga.com/squad/2021/t450/p89399/512x556/p89399_t450_2021_1_001_000.png,Estadio El Sadar,https://assets.laliga.com/assets/2021/01/20/medium/c1b35f03ff875a4a12c7dcbd477d964a.png,42.0,20.0,22.0,15.0,,,0.0,41.0,,9.0,,3.0,,,2.0,,,78.0,38.0,40.0,26.0,206.0,3.0,,15.0,,,,,,22.0,20.0,2.0,,,36.0,18.0,18.0,,,,0.0,32.0,20.0,2.0,1.0,,176.0,3.0,523.0,,1.0,,,,,,,2.0,,3.0,2.0,67.0,,,114.0,,,,,,,,,2.0,,12.0,,1.0,3.0,,1.0,1.0,2.0,16.0,4.0,1.0,35.0,419.0,134.0,295.0,393.0,3.0,9.0,38.0,,,1.0,1159.0,3.0,69.0,5.0,4.0,117.0,537.0,,2.0,428.0,12.0,4.0,109.0,680.0,,,,1.0,29.0,,55.0,68.0,41.0,54.0,0.0,1.0
LaLiga Santander,https://www.laliga.com/en-ES/player/aritz,1714,aritz,Aritz Elustondo,Aritz,Aritz,Elustondo,male,1994-03-28T00:00:00+00:00,Beasáin,71.0,180.0,False,,,ES,Real Sociedad,RSO,1909-09-07T00:00:00+0000,https://assets.laliga.com/assets/2019/06/07/medium/real-sociedad.png,6.0,Defender,https://assets.laliga.com/squad/2021/t188/p200957/512x556/p200957_t188_2021_1_001_000.png,Reale Arena,https://assets.laliga.com/assets/2019/10/03/medium/b20727f80d7b4c9d5ad18acec9b663c5.png,80.0,24.0,56.0,30.0,1.0,,3.0,102.0,4.0,13.0,,12.0,,,1.0,,,156.0,53.0,103.0,31.0,466.0,7.0,,30.0,,,1.0,,4.0,21.0,18.0,3.0,4.0,,76.0,29.0,47.0,,,1.0,1.0,58.0,29.0,,,,397.0,2.0,1102.0,1.0,,1.0,,,,,,4.0,,15.0,6.0,123.0,,3.0,171.0,,,,,,,,,3.0,7.0,22.0,1.0,2.0,8.0,,,,6.0,20.0,15.0,,70.0,921.0,297.0,655.0,882.0,7.0,14.0,38.0,1.0,5.0,37.0,2102.0,2.0,85.0,18.0,22.0,208.0,1136.0,1.0,10.0,952.0,21.0,14.0,184.0,1436.0,,5.0,5.0,1.0,35.0,,77.0,120.0,69.0,107.0,2.0,3.0
LaLiga Santander,https://www.laliga.com/en-ES/player/arnau-comas,14262,arnau-comas,Arnau Comas,Arnau Comas,Arnau,Comas,male,2000-04-11T00:00:00+00:00,,,,False,,,ES,FC Barcelona,BAR,1899-11-29T00:00:00+0000,https://assets.laliga.com/assets/2019/06/07/medium/barcelona.png,35.0,Defender,https://assets.laliga.com/squad/2021/t178/p437774/512x556/p437774_t178_2021_1_001_000.png,Camp Nou,https://assets.laliga.com/assets/2019/06/17/medium/0623ce55ec3ee4e439ed6d24fe2ba77b.png,,,,,,,,,,,,,,,,,,,,,,,,,,,,,,,,,,,,,,,,,,,,,,,,,,,,,,,,,,,,,,,,,,,,,,,,,,,,,,,,,,,,,,,,,,,,,,,38.0,,,,,,,,,,,,,,,,,,,,,,,,,,,,,
LaLiga Santander,https://www.laliga.com/en-ES/player/arnau-tenas,14667,arnau-tenas,Arnau Tenas,Arnau Tenas,Arnau,Tenas,male,2001-05-30T00:00:00+00:00,Vic,85.0,185.0,False,,,ES,FC Barcelona,BAR,1899-11-29T00:00:00+0000,https://assets.laliga.com/assets/2019/06/07/medium/barcelona.png,36.0,Goalkeeper,https://assets.laliga.com/squad/2021/t178/p449924/512x556/p449924_t178_2021_1_001_000.png,Camp Nou,https://assets.laliga.com/assets/2019/06/17/medium/0623ce55ec3ee4e439ed6d24fe2ba77b.png,,,,,,,,,,,,,,,,,,,,,,,,,,,,,,,,,,,,,,,,,,,,,,,,,,,,,,,,,,,,,,,,,,,,,,,,,,,,,,,,,,,,,,,,,,,,,,,38.0,,,,,,,,,,,,,,,,,,,,,,,,,,,,,
LaLiga Santander,https://www.laliga.com/en-ES/player/arnaut-danjuma,8861,arnaut-danjuma,Arnaut Danjuma,Danjuma,Arnaut,Danjuma,male,1997-01-31T00:00:00+00:00,Lagos,74.0,178.0,False,,,NL,Villarreal CF,VIL,1923-03-10T00:00:00+0000,https://assets.laliga.com/assets/2019/06/07/medium/villarreal.png,15.0,Midfielder,https://assets.laliga.com/squad/2021/t449/p220307/512x556/p220307_t449_2021_1_001_000.png,Estadio de la Cerámica,https://assets.laliga.com/assets/2019/10/03/medium/ac940b8f6681d614e337d20d5bf7f0a8.png,11.0,8.0,3.0,23.0,2.0,2.0,4.0,130.0,15.0,,,,,13.0,27.0,,,120.0,59.0,61.0,30.0,59.0,2.0,,23.0,,,3.0,,10.0,19.0,18.0,1.0,10.0,,109.0,51.0,58.0,,,1.0,6.0,100.0,2.0,12.0,,4.0,42.0,17.0,332.0,,,,,,,3.0,3.0,4.0,,16.0,5.0,31.0,,6.0,117.0,,,,,,,,,18.0,29.0,17.0,,11.0,6.0,2.0,7.0,5.0,33.0,16.0,,14.0,7.0,252.0,214.0,61.0,261.0,1.0,6.0,38.0,1.0,,3.0,1477.0,46.0,3.0,3.0,18.0,193.0,348.0,,47.0,268.0,7.0,136.0,80.0,620.0,5.0,20.0,15.0,28.0,1.0,2.0,5.0,94.0,6.0,75.0,3.0,2.0
LaLiga Santander,https://www.laliga.com/en-ES/player/illarra,67,illarra,Asier Illarramendi,Illarra,Asier,Illarramendi,male,1990-03-08T00:00:00+00:00,Motrico,75.0,179.0,False,https://twitter.com/illarra4,https://instagram.com/illarra4/,ES,Real Sociedad,RSO,1909-09-07T00:00:00+0000,https://assets.laliga.com/assets/2019/06/07/medium/real-sociedad.png,4.0,Midfielder,https://assets.laliga.com/squad/2021/t188/p84086/512x556/p84086_t188_2021_1_001_000.png,Reale Arena,https://assets.laliga.com/assets/2019/10/03/medium/b20727f80d7b4c9d5ad18acec9b663c5.png,19.0,7.0,12.0,8.0,,,0.0,62.0,,1.0,,,,1.0,,,,55.0,30.0,25.0,16.0,88.0,3.0,,8.0,,,,,,5.0,2.0,3.0,,,36.0,23.0,13.0,,,,0.0,100.0,4.0,4.0,,,57.0,,278.0,,,,,,,,,,,8.0,4.0,37.0,,,79.0,,,,,,,,,,,6.0,,6.0,2.0,,1.0,,3.0,13.0,,3.0,7.0,244.0,108.0,143.0,243.0,4.0,5.0,38.0,,,1.0,377.0,10.0,12.0,4.0,1.0,54.0,286.0,,,250.0,9.0,,36.0,355.0,1.0,4.0,1.0,4.0,4.0,,9.0,23.0,17.0,27.0,0.0,1.0
LaLiga Santander,https://www.laliga.com/en-ES/player/villalibre,2023,villalibre,Asier Villalibre,Villalibre,Asier,Villalibre,male,1997-09-30T00:00:00+00:00,Gernika,86.0,184.0,False,,,ES,Athletic Club,ATH,1898-12-31T00:00:00+0000,https://assets.laliga.com/assets/2019/06/07/medium/athletic.png,20.0,Forward,https://assets.laliga.com/squad/2021/t174/p212770/512x556/p212770_t174_2021_1_001_000.png,Estadio San Mamés,https://assets.laliga.com/assets/2019/06/17/medium/f020571f7c260516dfab3b9dc5df6348.png,33.0,14.0,19.0,19.0,,,0.0,27.0,5.0,1.0,,,,,2.0,,,80.0,40.0,40.0,17.0,18.0,2.0,,19.0,,,,,2.0,8.0,8.0,,2.0,,47.0,26.0,21.0,,,1.0,2.0,82.0,1.0,3.0,,1.0,35.0,3.0,109.0,,,,,,,,,,,5.0,2.0,18.0,,1.0,31.0,,,,,,,,,8.0,6.0,3.0,,4.0,16.0,,,,4.0,7.0,,11.0,,68.0,48.0,21.0,69.0,1.0,3.0,38.0,1.0,,1.0,538.0,15.0,7.0,10.0,13.0,83.0,111.0,,14.0,69.0,4.0,30.0,42.0,216.0,,4.0,4.0,1.0,1.0,3.0,3.0,38.0,8.0,39.0,1.0,
LaLiga Santander,https://www.laliga.com/en-ES/player/augusto-solari,17035,augusto-solari,Augusto Solari,Solari,Augusto,Solari,male,1992-01-03T00:00:00+00:00,Rosario,80.0,180.0,False,,,AR,RC Celta,CEL,1923-08-23T00:00:00+0000,https://assets.laliga.com/assets/2019/06/07/medium/celta.png,21.0,Midfielder,https://assets.laliga.com/squad/2021/t176/p143710/512x556/p143710_t176_2021_1_001_000.png,Estadio ABANCA Balaídos,https://assets.laliga.com/assets/2019/06/17/medium/0aef263ef366bd0b81369408adb27cd6.png,15.0,11.0,4.0,26.0,,,0.0,77.0,1.0,4.0,,,,4.0,6.0,,,124.0,76.0,48.0,13.0,118.0,17.0,,26.0,,,,,,13.0,12.0,1.0,,,109.0,65.0,44.0,2.0,,,0.0,49.0,7.0,6.0,,,133.0,1.0,370.0,,,,,,,,,2.0,,28.0,10.0,65.0,,,43.0,,,,,,,,,5.0,1.0,4.0,,4.0,22.0,,8.0,7.0,9.0,5.0,1.0,2.0,10.0,256.0,156.0,109.0,247.0,12.0,12.0,38.0,1.0,2.0,21.0,698.0,25.0,8.0,23.0,11.0,202.0,371.0,,6.0,257.0,24.0,20.0,114.0,597.0,3.0,41.0,36.0,11.0,11.0,1.0,21.0,115.0,40.0,93.0,0.0,5.0
LaLiga Santander,https://www.laliga.com/en-ES/player/werner,4689,werner,Axel Werner,Werner,Axel,Werner,male,1996-02-28T00:00:00+00:00,Rafaela,85.0,192.0,False,,,AR,,,,,,,,,,,,,,,,,,,,,,,,,,,,,,,,,,,,,,,,,,,,,,,,,,,,,,,,,,,,,,,,,,,,,,,,,,,,,,,,,,,,,,,,,,,,,,,,,,,,,,,,,,,,,,,,,,,,,,,,,,,,,,,,,,,,,
LaLiga Santander,https://www.laliga.com/en-ES/player/mandi-1,4611,mandi-1,Aïssa Mandi,Mandi,Aïssa,Mandi,male,1991-10-22T00:00:00+00:00,Châlons-en-Champagne,78.0,184.0,True,https://twitter.com/aissamandi23,,DZ,Villarreal CF,VIL,1923-03-10T00:00:00+0000,https://assets.laliga.com/assets/2019/06/07/medium/villarreal.png,22.0,Defender,https://assets.laliga.com/squad/2021/t449/p86813/512x556/p86813_t449_2021_1_001_000.png,Estadio de la Cerámica,https://assets.laliga.com/assets/2019/10/03/medium/ac940b8f6681d614e337d20d5bf7f0a8.png,48.0,22.0,26.0,17.0,,,0.0,44.0,1.0,14.0,,5.0,4.0,,1.0,,,81.0,39.0,42.0,25.0,395.0,4.0,,17.0,4.0,,,,1.0,15.0,14.0,1.0,1.0,,33.0,17.0,16.0,,1.0,,1.0,55.0,13.0,1.0,,,276.0,1.0,952.0,,1.0,,,,,,,1.0,,6.0,3.0,54.0,,,273.0,,,,,,,,,6.0,3.0,14.0,,,3.0,,,,,12.0,4.0,,60.0,885.0,238.0,681.0,859.0,6.0,5.0,38.0,,,1.0,1374.0,1.0,49.0,14.0,5.0,77.0,988.0,,9.0,919.0,11.0,11.0,69.0,1121.0,,,,,9.0,,20.0,37.0,32.0,49.0,1.0,3.0
LaLiga Santander,https://www.laliga.com/en-ES/player/alex-balde,21673,alex-balde,Alejandro Balde Martínez,Balde,Alejandro,Balde Martínez,male,2003-10-18T00:00:00+00:00,Barcelona,69.0,175.0,False,,,ES,FC Barcelona,BAR,1899-11-29T00:00:00+0000,https://assets.laliga.com/assets/2019/06/07/medium/barcelona.png,31.0,Defender,https://assets.laliga.com/squad/2021/t178/p493019/512x556/p493019_t178_2021_1_001_000.png,Camp Nou,https://assets.laliga.com/assets/2019/06/17/medium/0623ce55ec3ee4e439ed6d24fe2ba77b.png,2.0,2.0,,5.0,,,0.0,41.0,,2.0,,,,,,,,20.0,13.0,7.0,3.0,22.0,2.0,,5.0,,,,,,4.0,3.0,1.0,,,18.0,11.0,7.0,,,,0.0,47.0,1.0,1.0,,,5.0,,137.0,,,,,,,,,,,2.0,,13.0,,,71.0,,,,,,,,,1.0,,2.0,,2.0,3.0,,2.0,2.0,1.0,,,,,131.0,82.0,53.0,133.0,1.0,1.0,38.0,,2.0,3.0,187.0,7.0,,4.0,4.0,24.0,139.0,,1.0,133.0,2.0,7.0,6.0,185.0,,4.0,4.0,4.0,2.0,,3.0,9.0,1.0,3.0,0.0,
LaLiga Santander,https://www.laliga.com/en-ES/player/barbero,9762,barbero,Iván Martínez Gonzálvez,Barbero,Iván,Martínez Gonzálvez,male,1998-08-17T00:00:00+00:00,Roquetas de Mar,78.0,187.0,False,,,ES,CA Osasuna,OSA,1920-11-17T00:00:00+0000,https://assets.laliga.com/assets/2019/06/07/medium/osasuna.png,20.0,Forward,https://assets.laliga.com/squad/2021/t450/p463055/512x556/p463055_t450_2021_1_001_000.png,Estadio El Sadar,https://assets.laliga.com/assets/2021/01/20/medium/c1b35f03ff875a4a12c7dcbd477d964a.png,4.0,2.0,2.0,6.0,,,0.0,1.0,,,,,,,,,,9.0,6.0,3.0,5.0,3.0,1.0,,6.0,,,,,,3.0,2.0,1.0,,,5.0,4.0,1.0,,,,0.0,8.0,,,,,4.0,,10.0,,,,,,,,,,,,,,,,3.0,,,,,,,,,,,,,,6.0,,,,,3.0,,1.0,,6.0,6.0,1.0,7.0,,,38.0,,,,16.0,2.0,1.0,2.0,1.0,11.0,11.0,,,7.0,,3.0,4.0,21.0,,,,,,,,4.0,,4.0,0.0,
LaLiga Santander,https://www.laliga.com/en-ES/player/bebe,1733,bebe,Tiago Manuel Dias Correia,Bebé,Tiago Manuel,Dias Correia,male,1990-07-12T00:00:00+00:00,Loures,83.0,190.0,False,,,,Rayo Vallecano,RAY,1924-05-20T00:00:00+0000,https://assets.laliga.com/assets/2019/06/07/medium/rayo.png,10.0,Forward,https://assets.laliga.com/squad/2021/t184/p84374/512x556/p84374_t184_2021_1_001_000.png,Estadio de Vallecas,https://assets.laliga.com/assets/2019/08/12/medium/b86a37d70be8931c079066cc8c48817f.png,23.0,14.0,9.0,29.0,2.0,10.0,0.0,72.0,19.0,,,,,20.0,17.0,,,134.0,75.0,59.0,29.0,54.0,6.0,1.0,29.0,,,2.0,,1.0,16.0,15.0,1.0,1.0,,111.0,61.0,50.0,1.0,,3.0,1.0,77.0,3.0,13.0,,,67.0,6.0,233.0,,,,,,,,,,,32.0,18.0,47.0,,1.0,47.0,,,,,,,,,23.0,8.0,6.0,,6.0,23.0,9.0,20.0,9.0,29.0,14.0,,2.0,14.0,179.0,144.0,60.0,170.0,1.0,5.0,38.0,2.0,,4.0,851.0,38.0,4.0,12.0,16.0,209.0,240.0,,31.0,184.0,6.0,23.0,56.0,561.0,10.0,67.0,47.0,19.0,8.0,1.0,17.0,110.0,13.0,39.0,0.0,2.0
LaLiga Santander,https://www.laliga.com/en-ES/player/benjamin-lecomte,18315,benjamin-lecomte,Benjamin Lecomte,Lecomte,Benjamin,Lecomte,male,1991-04-26T00:00:00+00:00,,78.0,186.0,False,,,FR,Atlético de Madrid,ATM,1903-04-26T00:00:00+0000,https://assets.laliga.com/assets/2019/06/07/medium/atletico.png,1.0,Goalkeeper,https://assets.laliga.com/squad/2021/t175/p86873/512x556/p86873_t175_2021_1_001_000.png,Wanda Metropolitano,https://assets.laliga.com/assets/2019/06/17/medium/935f92c15c4d3442ef3f6d843beba0e1.png,,,,,,,0.0,,,,,,,,,,,,,,,,,,,,,,,,,,,,,,,,,,,0.0,,,,,,,,,,,,,,,,,,,,,,,,,,,,,,,,,,,,,,,,,,,,,,,,,,,,,38.0,,,,,,,,,,,,,,,,,,,,,,,,,,,,0.0,1.0
LaLiga Santander,https://www.laliga.com/en-ES/player/benat-turrientes,15848,benat-turrientes,Beñat Turrientes,Turrientes,Beñat,Turrientes,male,2002-01-31T00:00:00+00:00,,,179.0,False,,,ES,R. Sociedad B,RSOB,1909-09-07T00:00:00+0000,https://assets.laliga.com/assets/2019/06/07/medium/real-sociedad.png,14.0,Midfielder,https://assets.laliga.com/squad/2021/t3567/p488026/512x556/p488026_t3567_2021_1_001_000.png,Zubieta,,43.0,21.0,22.0,20.0,1.0,5.0,0.0,174.0,10.0,3.0,,4.0,,20.0,6.0,,,226.0,90.0,136.0,43.0,241.0,5.0,,20.0,,,1.0,,,26.0,25.0,1.0,,,183.0,69.0,114.0,,,1.0,0.0,10.0,13.0,19.0,,,325.0,,1054.0,,,,,,,,,3.0,,12.0,7.0,130.0,,,364.0,,,,,,,,,12.0,7.0,20.0,,5.0,,5.0,7.0,1.0,33.0,22.0,3.0,4.0,76.0,936.0,448.0,537.0,902.0,12.0,21.0,42.0,1.0,1.0,7.0,1751.0,33.0,25.0,14.0,48.0,211.0,1104.0,,19.0,978.0,33.0,5.0,126.0,1421.0,13.0,25.0,5.0,17.0,8.0,,43.0,122.0,29.0,83.0,0.0,4.0
LaLiga Santander,https://www.laliga.com/en-ES/player/b-iglesias,1720,b-iglesias,Borja Iglesias,B. Iglesias,Borja,Iglesias,male,1993-01-17T00:00:00+00:00,Santiago de Compostela,86.0,187.0,False,https://twitter.com/BorjaIglesias9,,ES,Real Betis,BET,1907-09-12T00:00:00+0000,https://assets.laliga.com/assets/2019/06/07/medium/betis.png,9.0,Forward,https://assets.laliga.com/squad/2021/t185/p202044/512x556/p202044_t185_2021_1_001_000.png,Estadio Benito Villamarín,https://assets.laliga.com/assets/2019/06/17/medium/f211dabccff68741a75d175307d78f59.png,50.0,28.0,22.0,33.0,,,5.0,114.0,8.0,1.0,,,,1.0,9.0,,,177.0,107.0,70.0,41.0,67.0,3.0,2.0,33.0,,,,,10.0,18.0,16.0,2.0,9.0,1.0,127.0,79.0,48.0,2.0,2.0,2.0,5.0,28.0,4.0,15.0,,,67.0,8.0,299.0,,,,,,,3.0,3.0,2.0,,24.0,10.0,33.0,,8.0,85.0,,,,,,,,,11.0,19.0,18.0,,16.0,15.0,,1.0,1.0,13.0,17.0,1.0,18.0,11.0,203.0,153.0,84.0,225.0,2.0,4.0,38.0,6.0,,3.0,1570.0,49.0,7.0,25.0,31.0,199.0,333.0,,30.0,236.0,6.0,89.0,97.0,580.0,,5.0,5.0,19.0,,8.0,10.0,89.0,13.0,87.0,5.0,4.0
LaLiga Santander,https://www.laliga.com/en-ES/player/b-mayoral,1819,b-mayoral,Borja Mayoral,B. Mayoral,Borja,Mayoral,male,1997-04-05T00:00:00+00:00,Parla,74.0,182.0,False,https://twitter.com/Mayoral_Borja,https://instagram.com/borjitamayoral,ES,Getafe CF,GET,1983-03-30T00:00:00+0000,https://assets.laliga.com/assets/2019/06/07/medium/getafe.png,25.0,Forward,https://assets.laliga.com/squad/2021/t1450/p199248/512x556/p199248_t1450_2021_1_001_000.png,Coliseum Alfonso Pérez,https://assets.laliga.com/assets/2019/06/17/medium/b881ba5a6846e7ccdbc3a6a75a2c5e69.png,51.0,30.0,21.0,18.0,1.0,,4.0,68.0,7.0,4.0,,,,,7.0,,,135.0,73.0,62.0,22.0,64.0,6.0,,18.0,,,1.0,,6.0,10.0,10.0,,6.0,,84.0,43.0,41.0,2.0,,,2.0,46.0,4.0,12.0,,2.0,51.0,4.0,236.0,,,,,,,1.0,1.0,,,14.0,6.0,47.0,,4.0,70.0,,,,,,,,,3.0,7.0,11.0,,9.0,7.0,,3.0,3.0,14.0,13.0,1.0,7.0,6.0,169.0,128.0,61.0,180.0,2.0,5.0,38.0,,,,1046.0,31.0,3.0,13.0,20.0,129.0,253.0,,10.0,186.0,7.0,47.0,67.0,417.0,,4.0,4.0,15.0,2.0,2.0,6.0,55.0,16.0,61.0,2.0,3.0
LaLiga Santander,https://www.laliga.com/en-ES/player/boulaye-dia,18422,boulaye-dia,Boulaye Dia,Dia,Boulaye,Dia,male,1996-11-16T00:00:00+00:00,,75.0,180.0,False,,,SN,Villarreal CF,VIL,1923-03-10T00:00:00+0000,https://assets.laliga.com/assets/2019/06/07/medium/villarreal.png,16.0,Forward,https://assets.laliga.com/squad/2021/t449/p468488/512x556/p468488_t449_2021_1_001_000.png,Estadio de la Cerámica,https://assets.laliga.com/assets/2019/10/03/medium/ac940b8f6681d614e337d20d5bf7f0a8.png,67.0,36.0,31.0,25.0,3.0,,0.0,85.0,15.0,1.0,,2.0,,,11.0,,,154.0,91.0,63.0,48.0,39.0,8.0,,25.0,,,5.0,,5.0,9.0,8.0,1.0,5.0,,87.0,55.0,32.0,1.0,1.0,1.0,5.0,28.0,5.0,12.0,,1.0,42.0,7.0,236.0,,,,,,,,,1.0,,11.0,5.0,36.0,,3.0,85.0,,,,,,,,,11.0,11.0,13.0,,10.0,12.0,,,,11.0,28.0,,17.0,3.0,174.0,120.0,69.0,186.0,2.0,6.0,38.0,1.0,,,1266.0,31.0,3.0,23.0,13.0,130.0,251.0,,22.0,189.0,8.0,81.0,62.0,422.0,,1.0,1.0,10.0,1.0,4.0,2.0,50.0,13.0,60.0,2.0,3.0
LaLiga Santander,https://www.laliga.com/en-ES/player/brais-mendez,6300,brais-mendez,Brais Méndez,Brais Méndez,Brais,Méndez,male,1997-01-07T00:00:00+00:00,Mos,76.0,187.0,False,https://twitter.com/BraisMendez10,https://instagram.com/braismendez10/,ES,RC Celta,CEL,1923-08-23T00:00:00+0000,https://assets.laliga.com/assets/2019/06/07/medium/celta.png,23.0,Midfielder,https://assets.laliga.com/squad/2021/t176/p178880/512x556/p178880_t176_2021_1_001_000.png,Estadio ABANCA Balaídos,https://assets.laliga.com/assets/2019/06/17/medium/0aef263ef366bd0b81369408adb27cd6.png,96.0,50.0,46.0,37.0,3.0,3.0,1.0,309.0,20.0,6.0,,8.0,,2.0,15.0,,,470.0,269.0,201.0,104.0,453.0,58.0,,37.0,,,5.0,,4.0,33.0,30.0,3.0,4.0,,374.0,219.0,155.0,2.0,,1.0,3.0,55.0,37.0,30.0,,3.0,443.0,9.0,1441.0,,,,,,,,,3.0,,83.0,46.0,199.0,,1.0,256.0,,,,,,,,,19.0,17.0,36.0,,16.0,1.0,1.0,7.0,6.0,34.0,61.0,2.0,23.0,74.0,1156.0,785.0,395.0,1099.0,33.0,35.0,38.0,13.0,2.0,15.0,3036.0,85.0,28.0,75.0,54.0,508.0,1461.0,,36.0,1173.0,68.0,86.0,288.0,2134.0,1.0,34.0,33.0,36.0,14.0,2.0,37.0,249.0,73.0,251.0,1.0,8.0
LaLiga Santander,https://www.laliga.com/en-ES/player/b-olivan,1802,b-olivan,Brian Oliván,B. Olivan,Brian,Oliván,male,1994-04-01T00:00:00+00:00,Barcelona,73.0,177.0,False,,https://instagram.com/bolivan/,ES,RCD Mallorca,MLL,1916-03-06T00:00:00+0000,https://assets.laliga.com/assets/2019/06/07/medium/mallorca.png,3.0,Defender,https://assets.laliga.com/squad/2021/t181/p106469/512x556/p106469_t181_2021_1_001_000.png,Visit Mallorca Estadi,https://assets.laliga.com/assets/2019/08/07/medium/6f67f604b5025b10ef0dc14d700586ae.png,58.0,37.0,21.0,28.0,,1.0,0.0,114.0,4.0,7.0,,6.0,1.0,9.0,15.0,,,155.0,87.0,68.0,48.0,383.0,10.0,1.0,28.0,2.0,,,,1.0,39.0,32.0,7.0,1.0,,97.0,50.0,47.0,1.0,,,1.0,22.0,28.0,19.0,,1.0,33.0,4.0,735.0,,,1.0,,,,1.0,,3.0,,34.0,10.0,113.0,,,227.0,,,,,,,,,8.0,8.0,24.0,,2.0,4.0,2.0,14.0,11.0,7.0,25.0,16.0,,47.0,499.0,262.0,268.0,469.0,13.0,20.0,38.0,1.0,64.0,124.0,2188.0,10.0,57.0,31.0,7.0,399.0,757.0,,16.0,516.0,33.0,31.0,241.0,1256.0,4.0,59.0,50.0,3.0,59.0,,124.0,222.0,78.0,117.0,0.0,7.0
LaLiga Santander,https://www.laliga.com/en-ES/player/bryan,9640,bryan,Bryan Gil,Bryan,Bryan,Gil,male,2001-02-11T00:00:00+00:00,Barbate,60.0,175.0,False,,,ES,Valencia CF,VAL,1919-03-18T00:00:00+0000,https://assets.laliga.com/assets/2019/06/07/medium/valencia.png,21.0,Forward,https://assets.laliga.com/squad/2021/t191/p436234/512x556/p436234_t191_2021_1_001_000.png,Camp de Mestalla,https://assets.laliga.com/assets/2019/06/17/medium/984682326cdbb55f5034778b7690a795.png,9.0,7.0,2.0,13.0,1.0,,0.0,49.0,4.0,,,1.0,,16.0,5.0,,,110.0,59.0,51.0,14.0,62.0,9.0,,13.0,,,1.0,,,7.0,6.0,1.0,,,101.0,52.0,49.0,1.0,,,0.0,25.0,1.0,9.0,,,30.0,7.0,188.0,,,,,,,,,2.0,,15.0,13.0,54.0,,,50.0,,,,,,,,,5.0,2.0,9.0,,7.0,4.0,3.0,7.0,3.0,17.0,5.0,,2.0,6.0,140.0,125.0,25.0,137.0,5.0,8.0,38.0,3.0,1.0,6.0,755.0,29.0,3.0,13.0,20.0,166.0,191.0,,7.0,143.0,13.0,32.0,48.0,422.0,10.0,37.0,21.0,18.0,5.0,,7.0,77.0,8.0,41.0,0.0,3.0
LaLiga Santander,https://www.laliga.com/en-ES/player/bryan-zaragoza,16495,bryan-zaragoza,Bryan Zaragoza,Bryan,Bryan,Zaragoza,male,2001-09-09T00:00:00+00:00,Málaga,,,False,,,ES,Granada CF,GRA,1931-01-01T00:00:00+0000,https://assets.laliga.com/assets/2019/06/07/medium/granada.png,34.0,Midfielder,https://assets.laliga.com/squad/2021/t5683/p522601/512x556/p522601_t5683_2021_1_001_000.png,Nuevo Los Cármenes,https://assets.laliga.com/assets/2019/08/07/medium/4de53714b029bf44d86c53bd0d6835d3.png,,,,,,,,,,,,,,,,,,,,,,,,,,,,,,,,,,,,,,,,,,,,,,,,,,,,,,,,,,,,,,,,,,,,,,,,,,,,,,,,,,,,,,,,,,,,,,,38.0,,,,,,,,,,,,,,,,,,,,,,,,,,,,,
LaLiga Santander,https://www.laliga.com/en-ES/player/alena,4319,alena,Carles Aleñá,Aleñá,Carles,Aleñá,male,1998-01-05T00:00:00+00:00,Mataró,73.0,180.0,False,https://twitter.com/Carlesale10,https://instagram.com/carlesalenya/,ES,Getafe CF,GET,1983-03-30T00:00:00+0000,https://assets.laliga.com/assets/2019/06/07/medium/getafe.png,11.0,Midfielder,https://assets.laliga.com/squad/2021/t1450/p179271/512x556/p179271_t1450_2021_1_001_000.png,Coliseum Alfonso Pérez,https://assets.laliga.com/assets/2019/06/17/medium/b881ba5a6846e7ccdbc3a6a75a2c5e69.png,38.0,25.0,13.0,33.0,2.0,,0.0,170.0,15.0,2.0,,4.0,,11.0,14.0,,,253.0,159.0,94.0,65.0,208.0,32.0,,33.0,,,2.0,,1.0,20.0,19.0,1.0,1.0,,215.0,134.0,81.0,5.0,,,1.0,51.0,15.0,18.0,,1.0,218.0,1.0,802.0,,,,,,,,,2.0,,44.0,19.0,129.0,,,224.0,,,,,,,,,17.0,14.0,30.0,1.0,23.0,3.0,5.0,13.0,6.0,17.0,26.0,3.0,8.0,44.0,655.0,429.0,252.0,624.0,8.0,19.0,38.0,2.0,,2.0,2339.0,50.0,10.0,50.0,37.0,285.0,820.0,1.0,31.0,668.0,27.0,15.0,152.0,1179.0,5.0,31.0,19.0,18.0,12.0,1.0,32.0,150.0,33.0,120.0,0.0,6.0
LaLiga Santander,https://www.laliga.com/en-ES/player/carles-1,14952,carles-1,Carles Marco,Carles,Carles,Marco,male,2000-04-05T00:00:00+00:00,,,,False,,,ES,Elche CF,ELC,1923-03-01T00:00:00+0000,https://assets.laliga.com/assets/2019/06/07/medium/elche.png,27.0,Defender,,Estadio Martínez Valero,https://assets.laliga.com/assets/2019/08/12/medium/150e2d322086b631feb7ec0016b982f6.png,,,,,,,,,,,,,,,,,,,,,,,,,,,,,,,,,,,,,,,,,,,,,,,,,,,,,,,,,,,,,,,,,,,,,,,,,,,,,,,,,,,,,,,,,,,,,,,38.0,,,,,,,,,,,,,,,,,,,,,,,,,,,,,
LaLiga Santander,https://www.laliga.com/en-ES/player/carlo-adriano,15514,carlo-adriano,Carlo García,Carlo Adriano,Carlo,García,male,2001-02-12T00:00:00+00:00,Villarreal,,181.0,False,,,ES,Villarreal CF,VIL,1923-03-10T00:00:00+0000,https://assets.laliga.com/assets/2019/06/07/medium/villarreal.png,38.0,Midfielder,https://assets.laliga.com/squad/2021/t449/p513949/512x556/p513949_t449_2021_0_001_000.png,Estadio de la Cerámica,https://assets.laliga.com/assets/2019/10/03/medium/ac940b8f6681d614e337d20d5bf7f0a8.png,,,,1.0,,,0.0,,,,,,,,,,,,,,,1.0,,,1.0,,,,,,,,,,,,,,,,,0.0,72.0,,,,,2.0,,4.0,,,,,,,,,,,,,,,,1.0,,,,,,,,,,,,,,1.0,,,,,,,,,4.0,4.0,,4.0,,,38.0,,,,6.0,,,,,,4.0,,,4.0,,,,5.0,,,,,,,,,,,0.0,
LaLiga Santander,https://www.laliga.com/en-ES/player/akapo,297,akapo,Carlos Akapo Martínez,Akapo,Carlos,Akapo Martínez,male,1993-03-12T00:00:00+00:00,Alicante,70.0,179.0,True,https://twitter.com/carlosakapo,,GQ,Cádiz CF,CAD,1910-09-10T00:00:00+0000,https://assets.laliga.com/assets/2019/06/07/medium/cadiz.png,15.0,Defender,https://assets.laliga.com/squad/2021/t1737/p166138/512x556/p166138_t1737_2021_1_001_000.png,Estadio Nuevo Mirandilla,https://assets.laliga.com/assets/2019/08/12/medium/ec810605f774c1a9a3ed75de01826124.png,69.0,32.0,37.0,25.0,,,0.0,109.0,2.0,7.0,,5.0,2.0,,5.0,,,202.0,85.0,117.0,71.0,259.0,14.0,,25.0,,,,,,27.0,25.0,2.0,,,133.0,53.0,80.0,4.0,,,0.0,35.0,51.0,7.0,,,222.0,2.0,627.0,,,1.0,,,,,,7.0,,39.0,19.0,112.0,,,55.0,,,,,,,,,7.0,1.0,21.0,,7.0,4.0,,14.0,14.0,12.0,40.0,4.0,,20.0,471.0,251.0,248.0,465.0,12.0,31.0,38.0,1.0,28.0,112.0,1847.0,18.0,55.0,23.0,25.0,268.0,645.0,,8.0,485.0,43.0,9.0,160.0,1145.0,,31.0,31.0,9.0,21.0,,42.0,125.0,66.0,118.0,0.0,4.0
LaLiga Santander,https://www.laliga.com/en-ES/player/bacca,147,bacca,Carlos Bacca,Bacca,Carlos,Bacca,male,1986-09-08T00:00:00+00:00,Puerto Colombia,77.0,181.0,True,https://twitter.com/carlos7bacca,https://instagram.com/goleador70,CO,Granada CF,GRA,1931-01-01T00:00:00+0000,https://assets.laliga.com/assets/2019/06/07/medium/granada.png,20.0,Forward,https://assets.laliga.com/squad/2021/t5683/p111274/512x556/p111274_t5683_2021_1_001_000.png,Nuevo Los Cármenes,https://assets.laliga.com/assets/2019/08/07/medium/4de53714b029bf44d86c53bd0d6835d3.png,24.0,16.0,8.0,17.0,1.0,,0.0,20.0,3.0,,,,,,2.0,,,57.0,30.0,27.0,15.0,19.0,2.0,1.0,17.0,,,1.0,,,9.0,9.0,,,,33.0,14.0,19.0,,,1.0,0.0,21.0,1.0,6.0,,,10.0,5.0,88.0,,,,,,,,,1.0,,8.0,5.0,12.0,,,44.0,,,,,,,,,4.0,2.0,4.0,,3.0,13.0,,,,7.0,8.0,,2.0,2.0,56.0,46.0,15.0,59.0,,4.0,38.0,1.0,1.0,1.0,508.0,8.0,4.0,3.0,8.0,53.0,93.0,,6.0,61.0,4.0,21.0,32.0,168.0,,4.0,4.0,4.0,1.0,1.0,2.0,29.0,7.0,30.0,0.0,3.0
LaLiga Santander,https://www.laliga.com/en-ES/player/carlos-benitez-royo,25380,carlos-benitez-royo,Carlos Benítez Royo,Benitez,Carlos,Benítez Royo,male,2002-11-25T00:00:00+00:00,Catarroja,,,False,,,ES,Levante UD,LEV,1909-09-07T00:00:00+0000,https://assets.laliga.com/assets/2019/06/07/medium/levante.png,39.0,Midfielder,,Estadio Ciutat de València,https://assets.laliga.com/assets/2021/07/21/medium/ae79ef9d1c26baf8602706ba1acef94b.png,,,,,,,,,,,,,,,,,,,,,,,,,,,,,,,,,,,,,,,,,,,,,,,,,,,,,,,,,,,,,,,,,,,,,,,,,,,,,,,,,,,,,,,,,,,,,,,38.0,,,,,,,,,,,,,,,,,,,,,,,,,,,,,
LaLiga Santander,https://www.laliga.com/en-ES/player/c-clerc,1038,c-clerc,Carlos Clerc,C. Clerc,Carlos,Clerc,male,1992-02-21T00:00:00+00:00,Badalona,72.0,182.0,False,https://twitter.com/CarlosClerc,,ES,Levante UD,LEV,1909-09-07T00:00:00+0000,https://assets.laliga.com/assets/2019/06/07/medium/levante.png,19.0,Defender,https://assets.laliga.com/squad/2021/t855/p108145/512x556/p108145_t855_2021_1_001_000.png,Estadio Ciutat de València,https://assets.laliga.com/assets/2021/07/21/medium/ae79ef9d1c26baf8602706ba1acef94b.png,32.0,17.0,15.0,19.0,,,0.0,98.0,1.0,3.0,,2.0,,2.0,13.0,,,156.0,67.0,89.0,33.0,302.0,13.0,,19.0,,,,,,37.0,32.0,5.0,,,124.0,50.0,74.0,1.0,,,0.0,23.0,26.0,11.0,,,44.0,,669.0,,,,,,,,,2.0,,28.0,5.0,99.0,,,238.0,,,,,,,,,1.0,,18.0,,5.0,1.0,,7.0,6.0,23.0,17.0,4.0,,23.0,515.0,242.0,293.0,505.0,18.0,17.0,38.0,1.0,11.0,133.0,1517.0,16.0,28.0,23.0,18.0,242.0,682.0,,1.0,528.0,35.0,16.0,154.0,1084.0,1.0,40.0,37.0,10.0,27.0,,55.0,144.0,50.0,99.0,0.0,6.0
LaLiga Santander,https://www.laliga.com/en-ES/player/c-dominguez,16957,c-dominguez,Carlos Domínguez,C. Dominguez,Carlos,Domínguez,male,2001-02-11T00:00:00+00:00,,,,False,,,ES,RC Celta,CEL,1923-08-23T00:00:00+0000,https://assets.laliga.com/assets/2019/06/07/medium/celta.png,28.0,Defender,https://assets.laliga.com/squad/2021/t176/p523846/512x556/p523846_t176_2021_1_001_000.png,Estadio ABANCA Balaídos,https://assets.laliga.com/assets/2019/06/17/medium/0aef263ef366bd0b81369408adb27cd6.png,16.0,6.0,10.0,8.0,,,0.0,12.0,,1.0,,2.0,,,,,,30.0,11.0,19.0,13.0,62.0,,,8.0,,,,,,2.0,1.0,1.0,,,14.0,5.0,9.0,,,,0.0,31.0,4.0,,,,31.0,,162.0,,,1.0,,,,,,,,2.0,1.0,21.0,,,60.0,,,,,,,,,1.0,,3.0,,1.0,5.0,,,,1.0,3.0,4.0,,15.0,128.0,28.0,103.0,116.0,3.0,1.0,38.0,1.0,1.0,,341.0,,19.0,3.0,4.0,38.0,165.0,,1.0,131.0,4.0,3.0,34.0,212.0,,,,,9.0,,18.0,20.0,14.0,16.0,0.0,1.0
LaLiga Santander,https://www.laliga.com/en-ES/player/carlos-gimenez,26562,carlos-gimenez,Carlos Giménez,Carlos Gimenez,Carlos,Giménez,male,2003-02-18T00:00:00+00:00,Sedaví,,,False,,,ES,Levante UD,LEV,1909-09-07T00:00:00+0000,https://assets.laliga.com/assets/2019/06/07/medium/levante.png,44.0,Defender,,Estadio Ciutat de València,https://assets.laliga.com/assets/2021/07/21/medium/ae79ef9d1c26baf8602706ba1acef94b.png,,,,,,,,,,,,,,,,,,,,,,,,,,,,,,,,,,,,,,,,,,,,,,,,,,,,,,,,,,,,,,,,,,,,,,,,,,,,,,,,,,,,,,,,,,,,,,,38.0,,,,,,,,,,,,,,,,,,,,,,,,,,,,,
LaLiga Santander,https://www.laliga.com/en-ES/player/carlos-martin,22855,carlos-martin,Carlos Martín Domínguez,C.martín,Carlos,Martín Domínguez,male,2002-04-22T00:00:00+00:00,Madrid,,,False,,,ES,Atlético de Madrid,ATM,1903-04-26T00:00:00+0000,https://assets.laliga.com/assets/2019/06/07/medium/atletico.png,36.0,Midfielder,https://assets.laliga.com/squad/2021/t175/p531219/512x556/p531219_t175_2021_1_001_000.png,Wanda Metropolitano,https://assets.laliga.com/assets/2019/06/17/medium/935f92c15c4d3442ef3f6d843beba0e1.png,2.0,1.0,1.0,1.0,,,0.0,,,,,,,,,,,4.0,2.0,2.0,,,1.0,,1.0,,,,,,,,,,,2.0,1.0,1.0,,,,0.0,1.0,,,,,2.0,,2.0,,,,,,,,,,,,,,,,,,,,,,,,,,,,,,1.0,,,,1.0,,,,,1.0,,1.0,1.0,,,38.0,,,,5.0,,1.0,1.0,,1.0,2.0,,,1.0,,,1.0,4.0,,,,,,,,1.0,,1.0,0.0,1.0
LaLiga Santander,https://www.laliga.com/en-ES/player/c-neva,9535,c-neva,Carlos Neva,C. Neva,Carlos,Neva,male,1996-06-12T00:00:00+00:00,El Puerto de Santamaría,64.0,174.0,False,,,ES,Granada CF,GRA,1931-01-01T00:00:00+0000,https://assets.laliga.com/assets/2019/06/07/medium/granada.png,15.0,Defender,https://assets.laliga.com/squad/2021/t5683/p472148/512x556/p472148_t5683_2021_1_001_000.png,Nuevo Los Cármenes,https://assets.laliga.com/assets/2019/08/07/medium/4de53714b029bf44d86c53bd0d6835d3.png,51.0,31.0,20.0,26.0,,,0.0,129.0,1.0,9.0,,5.0,,,15.0,,,146.0,64.0,82.0,39.0,293.0,4.0,,26.0,,,,,,36.0,31.0,5.0,,,95.0,33.0,62.0,2.0,,,0.0,33.0,32.0,13.0,,,31.0,,615.0,,,,,,,,,5.0,,55.0,18.0,111.0,,,180.0,,,,,,,,,4.0,1.0,24.0,,9.0,2.0,,20.0,20.0,9.0,20.0,9.0,,23.0,441.0,221.0,256.0,434.0,12.0,19.0,38.0,,35.0,199.0,2115.0,15.0,58.0,8.0,22.0,321.0,633.0,,5.0,457.0,31.0,12.0,176.0,1256.0,,64.0,64.0,7.0,50.0,,73.0,158.0,82.0,103.0,0.0,1.0
LaLiga Santander,https://www.laliga.com/en-ES/player/c-soler,4451,c-soler,Carlos Soler,C.soler,Carlos,Soler,male,1997-01-02T00:00:00+00:00,Valencia,76.0,180.0,False,https://twitter.com/Carlos10Soler,https://instagram.com/carlos10soler/,ES,Valencia CF,VAL,1919-03-18T00:00:00+0000,https://assets.laliga.com/assets/2019/06/07/medium/valencia.png,10.0,Midfielder,https://assets.laliga.com/squad/2021/t191/p224860/512x556/p224860_t191_2021_1_001_000.png,Camp de Mestalla,https://assets.laliga.com/assets/2019/06/17/medium/984682326cdbb55f5034778b7690a795.png,29.0,17.0,12.0,32.0,5.0,6.0,4.0,142.0,5.0,4.0,,6.0,,85.0,11.0,,,202.0,96.0,106.0,53.0,288.0,13.0,,32.0,,,5.0,,11.0,33.0,27.0,6.0,11.0,,173.0,79.0,94.0,,1.0,1.0,7.0,50.0,14.0,48.0,,,206.0,2.0,738.0,,,,,,,7.0,7.0,3.0,,33.0,15.0,138.0,,10.0,189.0,,,,,,,1.0,,15.0,21.0,28.0,,13.0,4.0,27.0,43.0,4.0,19.0,26.0,5.0,9.0,54.0,548.0,435.0,222.0,560.0,10.0,19.0,38.0,3.0,1.0,2.0,2480.0,32.0,25.0,21.0,46.0,399.0,825.0,,36.0,614.0,29.0,57.0,211.0,1307.0,50.0,104.0,22.0,19.0,24.0,2.0,70.0,278.0,37.0,141.0,1.0,4.0
LaLiga Santander,https://www.laliga.com/en-ES/player/casemiro,68,casemiro,Carlos Henrique Casimiro,Casemiro,Carlos Henrique,Casimiro,male,1992-02-23T00:00:00+00:00,São José dos Campos,84.0,185.0,True,https://twitter.com/Casemiro,https://instagram.com/casemiro_oficial/,BR,Real Madrid,RMA,1902-03-06T00:00:00+0000,https://assets.laliga.com/assets/2019/06/07/medium/real-madrid.png,14.0,Midfielder,https://assets.laliga.com/squad/2021/t186/p61256/512x556/p61256_t186_2021_1_001_000.png,Estadio Santiago Bernabéu,https://assets.laliga.com/assets/2019/06/08/medium/e6695a8184f41deea3ad87dd9c12ab1f.png,152.0,51.0,101.0,32.0,2.0,1.0,0.0,246.0,13.0,19.0,,8.0,,,7.0,,,397.0,160.0,237.0,84.0,541.0,33.0,1.0,32.0,5.0,,3.0,,1.0,23.0,22.0,1.0,1.0,,245.0,109.0,136.0,3.0,1.0,1.0,1.0,59.0,38.0,23.0,,,611.0,4.0,1912.0,,,,,,,,,3.0,,65.0,46.0,230.0,,,564.0,,,,,,,1.0,,19.0,9.0,31.0,,9.0,1.0,,4.0,4.0,19.0,40.0,1.0,13.0,175.0,1640.0,852.0,840.0,1513.0,28.0,51.0,38.0,9.0,,3.0,2575.0,22.0,59.0,54.0,38.0,350.0,1962.0,,28.0,1688.0,79.0,32.0,274.0,2448.0,,13.0,13.0,8.0,12.0,,55.0,189.0,98.0,219.0,1.0,11.0
LaLiga Santander,https://www.laliga.com/en-ES/player/cesar-gonzalez,18847,cesar-gonzalez,Cesar Fernandez,Cesar Fernández,Cesar,Fernandez,male,2004-01-28T00:00:00+00:00,,,,False,,,ES,RC Celta,CEL,1923-08-23T00:00:00+0000,https://assets.laliga.com/assets/2019/06/07/medium/celta.png,41.0,Goalkeeper,,Estadio ABANCA Balaídos,https://assets.laliga.com/assets/2019/06/17/medium/0aef263ef366bd0b81369408adb27cd6.png,,,,,,,,,,,,,,,,,,,,,,,,,,,,,,,,,,,,,,,,,,,,,,,,,,,,,,,,,,,,,,,,,,,,,,,,,,,,,,,,,,,,,,,,,,,,,,,38.0,,,,,,,,,,,,,,,,,,,,,,,,,,,,,
LaLiga Santander,https://www.laliga.com/en-ES/player/carlos-perez-1,23119,carlos-perez-1,Carlos Manuel Pérez Sánchez,Charly,Carlos Manuel,Pérez Sánchez,male,2002-06-07T00:00:00+00:00,,,,False,,,ES,Valencia CF,VAL,1919-03-18T00:00:00+0000,https://assets.laliga.com/assets/2019/06/07/medium/valencia.png,35.0,Goalkeeper,https://assets.laliga.com/squad/2021/t191/p482669/512x556/p482669_t191_2021_1_001_000.png,Camp de Mestalla,https://assets.laliga.com/assets/2019/06/17/medium/984682326cdbb55f5034778b7690a795.png,,,,,,,,,,,,,,,,,,,,,,,,,,,,,,,,,,,,,,,,,,,,,,,,,,,,,,,,,,,,,,,,,,,,,,,,,,,,,,,,,,,,,,,,,,,,,,,38.0,,,,,,,,,,,,,,,,,,,,,,,,,,,,,
LaLiga Santander,https://www.laliga.com/en-ES/player/kane-sarr,14260,kane-sarr,Cheikh Kane Sarr,Kane Sarr,Cheikh Kane,Sarr,male,2000-04-21T00:00:00+00:00,,,190.0,False,,,SN,Granada CF,GRA,1931-01-01T00:00:00+0000,https://assets.laliga.com/assets/2019/06/07/medium/granada.png,31.0,Goalkeeper,https://assets.laliga.com/squad/2021/t5683/p476399/512x556/p476399_t5683_2021_1_001_000.png,Nuevo Los Cármenes,https://assets.laliga.com/assets/2019/08/07/medium/4de53714b029bf44d86c53bd0d6835d3.png,,,,,,,,,,,,,,,,,,,,,,,,,,,,,,,,,,,,,,,,,,,,,,,,,,,,,,,,,,,,,,,,,,,,,,,,,,,,,,,,,,,,,,,,,,,,,,,38.0,,,,,,,,,,,,,,,,,,,,,,,,,,,,,
LaLiga Santander,https://www.laliga.com/en-ES/player/chema-r,1045,chema-r,José Manuel Rodríguez Benito,Chema R.,José Manuel,Rodríguez Benito,male,1992-03-03T00:00:00+00:00,Caudete,80.0,189.0,False,,,ES,SD Eibar,EIB,1940-01-01T00:00:00+0000,https://assets.laliga.com/assets/2019/06/07/medium/eibar.png,25.0,Defender,,Municipal de Ipurua,https://assets.laliga.com/assets/2020/08/11/medium/a2e60532e61cec4e87f77fee8cb6e390.png,67.0,26.0,41.0,19.0,,,0.0,17.0,2.0,9.0,,4.0,,,1.0,,,114.0,49.0,65.0,19.0,242.0,8.0,,19.0,,,,,1.0,14.0,10.0,4.0,1.0,,47.0,23.0,24.0,,,,1.0,10.0,25.0,1.0,,1.0,103.0,,546.0,,,,,,,,,2.0,,10.0,7.0,63.0,,,202.0,,,,,,,,,5.0,1.0,11.0,,,8.0,,,,2.0,15.0,10.0,,62.0,410.0,154.0,270.0,362.0,5.0,14.0,44.0,,,,1117.0,3.0,48.0,15.0,4.0,149.0,564.0,,6.0,424.0,19.0,17.0,140.0,714.0,,1.0,1.0,,32.0,,73.0,99.0,42.0,67.0,0.0,5.0
LaLiga Santander,https://www.laliga.com/en-ES/player/chimy-avila,6236,chimy-avila,Ezequiel Ávila,Chimy Avila,Ezequiel,Ávila,male,1994-02-06T00:00:00+00:00,Rosario,81.0,172.0,False,,,AR,CA Osasuna,OSA,1920-11-17T00:00:00+0000,https://assets.laliga.com/assets/2019/06/07/medium/osasuna.png,9.0,Forward,https://assets.laliga.com/squad/2021/t450/p205992/512x556/p205992_t450_2021_1_001_000.png,Estadio El Sadar,https://assets.laliga.com/assets/2021/01/20/medium/c1b35f03ff875a4a12c7dcbd477d964a.png,123.0,71.0,52.0,36.0,1.0,4.0,2.0,92.0,13.0,2.0,,,,4.0,20.0,,,272.0,147.0,125.0,40.0,153.0,11.0,,36.0,,,1.0,,6.0,22.0,20.0,2.0,5.0,1.0,149.0,76.0,73.0,4.0,1.0,2.0,4.0,87.0,13.0,18.0,,2.0,137.0,13.0,453.0,,,1.0,,,,1.0,1.0,2.0,,33.0,12.0,77.0,1.0,3.0,81.0,,,,,,,,,34.0,16.0,22.0,,20.0,14.0,2.0,23.0,19.0,18.0,16.0,1.0,10.0,21.0,268.0,216.0,85.0,257.0,10.0,7.0,38.0,2.0,2.0,6.0,1873.0,36.0,14.0,31.0,40.0,336.0,463.0,1.0,50.0,278.0,17.0,54.0,185.0,864.0,1.0,56.0,54.0,14.0,16.0,2.0,35.0,217.0,24.0,150.0,2.0,7.0
LaLiga Santander,https://www.laliga.com/en-ES/player/chinchu,17046,chinchu,Diego Trueba Chinchurreta,Chinchu,Diego,Trueba Chinchurreta,male,2002-03-05T00:00:00+00:00,,,,False,,,ES,Getafe CF,GET,1983-03-30T00:00:00+0000,https://assets.laliga.com/assets/2019/06/07/medium/getafe.png,,Defender,https://assets.laliga.com/squad/2021/t1450/p530304/512x556/p530304_t1450_2021_1_001_000.png,Coliseum Alfonso Pérez,https://assets.laliga.com/assets/2019/06/17/medium/b881ba5a6846e7ccdbc3a6a75a2c5e69.png,,,,,,,,,,,,,,,,,,,,,,,,,,,,,,,,,,,,,,,,,,,,,,,,,,,,,,,,,,,,,,,,,,,,,,,,,,,,,,,,,,,,,,,,,,,,,,,38.0,,,,,,,,,,,,,,,,,,,,,,,,,,,,,
LaLiga Santander,https://www.laliga.com/en-ES/player/c-bravo,680,c-bravo,Claudio Bravo,C. Bravo,Claudio,Bravo,male,1983-04-13T00:00:00+00:00,Buin,80.0,184.0,True,https://twitter.com/elbravoclaudio,https://instagram.com/Claudiobravo1,CL,Real Betis,BET,1907-09-12T00:00:00+0000,https://assets.laliga.com/assets/2019/06/07/medium/betis.png,25.0,Goalkeeper,https://assets.laliga.com/squad/2021/t185/p33148/512x556/p33148_t185_2021_1_001_000.png,Estadio Benito Villamarín,https://assets.laliga.com/assets/2019/06/17/medium/f211dabccff68741a75d175307d78f59.png,7.0,1.0,6.0,17.0,,,0.0,,,,6.0,5.0,,,,1.0,,9.0,2.0,7.0,,303.0,1.0,,17.0,111.0,41.0,,1.0,,19.0,18.0,1.0,,,2.0,1.0,1.0,,,,0.0,48.0,,1.0,,,97.0,,254.0,,,1.0,1.0,,,,,1.0,8.0,,,111.0,,,51.0,,39.0,3.0,23.0,16.0,9.0,,,,,17.0,,1.0,,,,,,,30.0,,120.0,178.0,72.0,209.0,161.0,,,38.0,,,,1457.0,,14.0,1.0,1.0,175.0,451.0,,,281.0,,,170.0,572.0,,,,,70.0,,167.0,147.0,23.0,3.0,0.0,2.0
LaLiga Santander,https://www.laliga.com/en-ES/player/clement-grenier,4136,clement-grenier,Clément Grenier,Grenier,Clément,Grenier,male,1991-01-07T00:00:00+00:00,Annonay,72.0,186.0,False,,,FR,RCD Mallorca,MLL,1916-03-06T00:00:00+0000,https://assets.laliga.com/assets/2019/06/07/medium/mallorca.png,6.0,Midfielder,,Visit Mallorca Estadi,https://assets.laliga.com/assets/2019/08/07/medium/6f67f604b5025b10ef0dc14d700586ae.png,3.0,2.0,1.0,5.0,,,1.0,7.0,,1.0,,,,1.0,,,,7.0,6.0,1.0,2.0,13.0,2.0,,5.0,,,,,1.0,,,,1.0,,4.0,4.0,,,,,0.0,100.0,,1.0,,,10.0,,39.0,,,,,,,,,,,1.0,,4.0,,1.0,9.0,,,,,,,,,,1.0,,,,5.0,,,,,1.0,,,,29.0,15.0,14.0,29.0,,,38.0,,,,56.0,2.0,1.0,2.0,,14.0,39.0,,1.0,29.0,,4.0,10.0,48.0,1.0,2.0,,1.0,2.0,,3.0,9.0,3.0,7.0,0.0,1.0
LaLiga Santander,https://www.laliga.com/en-ES/player/lenglet,5861,lenglet,Clément Lenglet,Lenglet,Clément,Lenglet,male,1995-06-17T00:00:00+00:00,Beauvais,81.0,186.0,False,https://twitter.com/clement_lenglet,https://instagram.com/clement_lenglet/,FR,FC Barcelona,BAR,1899-11-29T00:00:00+0000,https://assets.laliga.com/assets/2019/06/07/medium/barcelona.png,15.0,Defender,https://assets.laliga.com/squad/2021/t178/p171101/512x556/p171101_t178_2021_1_001_000.png,Camp Nou,https://assets.laliga.com/assets/2019/06/17/medium/0623ce55ec3ee4e439ed6d24fe2ba77b.png,41.0,25.0,16.0,21.0,,,0.0,33.0,1.0,3.0,,1.0,,,,,,93.0,52.0,41.0,17.0,265.0,8.0,,21.0,,,1.0,,,12.0,11.0,1.0,,,52.0,27.0,25.0,,,,0.0,100.0,13.0,1.0,,,198.0,,801.0,,,1.0,,,,,,1.0,,11.0,4.0,60.0,,,317.0,,,,,,,,,,1.0,7.0,,2.0,14.0,,,,1.0,9.0,2.0,,48.0,728.0,316.0,424.0,692.0,9.0,11.0,38.0,2.0,1.0,3.0,818.0,3.0,19.0,19.0,4.0,85.0,813.0,,1.0,740.0,20.0,5.0,73.0,905.0,,1.0,1.0,1.0,7.0,,32.0,51.0,23.0,41.0,0.0,4.0
LaLiga Santander,https://www.laliga.com/en-ES/player/coke,131,coke,Jorge Andújar Moreno,Coke,Jorge,Andújar Moreno,male,1987-04-26T00:00:00+00:00,Madrid,78.0,182.0,False,,,ES,Levante UD,LEV,1909-09-07T00:00:00+0000,https://assets.laliga.com/assets/2019/06/07/medium/levante.png,23.0,Defender,https://assets.laliga.com/squad/2021/t855/p55268/512x556/p55268_t855_2021_1_001_000.png,Estadio Ciutat de València,https://assets.laliga.com/assets/2021/07/21/medium/ae79ef9d1c26baf8602706ba1acef94b.png,8.0,4.0,4.0,6.0,,,1.0,3.0,,,,,,,1.0,,,19.0,9.0,10.0,1.0,29.0,2.0,,6.0,,,,,1.0,2.0,2.0,,1.0,,11.0,5.0,6.0,,1.0,,0.0,100.0,2.0,2.0,,,15.0,,54.0,,,,,,,,,1.0,,2.0,1.0,8.0,,,10.0,,,,,,,,,,1.0,1.0,,1.0,5.0,,,,2.0,1.0,2.0,1.0,5.0,43.0,20.0,26.0,41.0,1.0,2.0,38.0,,1.0,11.0,114.0,1.0,7.0,4.0,1.0,14.0,57.0,,1.0,46.0,3.0,3.0,11.0,90.0,,,,1.0,,,1.0,6.0,5.0,10.0,0.0,1.0
LaLiga Santander,https://www.laliga.com/en-ES/player/coke-carrillo,24144,coke-carrillo,Jorge Carrillo Balea,Carrillo,Jorge,Carrillo Balea,male,2002-01-07T00:00:00+00:00,,,,False,,,ES,RC Celta,CEL,1923-08-23T00:00:00+0000,https://assets.laliga.com/assets/2019/06/07/medium/celta.png,37.0,Goalkeeper,,Estadio ABANCA Balaídos,https://assets.laliga.com/assets/2019/06/17/medium/0aef263ef366bd0b81369408adb27cd6.png,,,,,,,,,,,,,,,,,,,,,,,,,,,,,,,,,,,,,,,,,,,,,,,,,,,,,,,,,,,,,,,,,,,,,,,,,,,,,,,,,,,,,,,,,,,,,,,38.0,,,,,,,,,,,,,,,,,,,,,,,,,,,,,
LaLiga Santander,https://www.laliga.com/en-ES/player/cote,689,cote,José Ángel Valdés Díaz,Cote,José Ángel,Valdés Díaz,male,1989-09-05T00:00:00+00:00,Gijón,74.0,182.0,False,https://twitter.com/joseangel3cote,,ES,CA Osasuna,OSA,1920-11-17T00:00:00+0000,https://assets.laliga.com/assets/2019/06/07/medium/osasuna.png,16.0,Defender,https://assets.laliga.com/squad/2021/t450/p59140/512x556/p59140_t450_2021_1_001_000.png,Estadio El Sadar,https://assets.laliga.com/assets/2021/01/20/medium/c1b35f03ff875a4a12c7dcbd477d964a.png,16.0,6.0,10.0,23.0,1.0,,1.0,70.0,5.0,1.0,,1.0,,,8.0,,,106.0,51.0,55.0,13.0,287.0,5.0,,23.0,,,1.0,,1.0,20.0,20.0,,,1.0,90.0,45.0,45.0,,,,0.0,95.0,10.0,7.0,,1.0,39.0,,584.0,,,,,,,,,1.0,,14.0,5.0,78.0,,,210.0,,,,,,,,,3.0,3.0,12.0,1.0,7.0,11.0,,14.0,14.0,20.0,7.0,9.0,,72.0,460.0,293.0,198.0,405.0,7.0,13.0,38.0,,32.0,99.0,1084.0,30.0,20.0,10.0,5.0,240.0,606.0,1.0,6.0,477.0,20.0,6.0,129.0,952.0,,32.0,31.0,9.0,24.0,,62.0,128.0,33.0,67.0,0.0,2.0
LaLiga Santander,https://www.laliga.com/en-ES/player/cristhian-mosquera,24053,cristhian-mosquera,Cristhian Mosquera,Cristhian,Cristhian,Mosquera,male,2004-06-27T00:00:00+00:00,,,188.0,False,,,ES,Valencia CF,VAL,1919-03-18T00:00:00+0000,https://assets.laliga.com/assets/2019/06/07/medium/valencia.png,37.0,Defender,https://assets.laliga.com/squad/2021/t191/p500040/512x556/p500040_t191_2021_1_001_000.png,Camp de Mestalla,https://assets.laliga.com/assets/2019/06/17/medium/984682326cdbb55f5034778b7690a795.png,4.0,3.0,1.0,6.0,,,0.0,6.0,,,,,,,,,,14.0,9.0,5.0,6.0,23.0,2.0,,6.0,1.0,,,,,5.0,5.0,,,,10.0,6.0,4.0,1.0,,,0.0,4.0,3.0,,,,13.0,,73.0,,,,,,,,,1.0,,1.0,1.0,12.0,,,34.0,,,,,,,,,1.0,,3.0,,2.0,3.0,,,,,5.0,1.0,,7.0,62.0,20.0,45.0,58.0,2.0,2.0,38.0,,,,209.0,,1.0,4.0,,14.0,76.0,,1.0,65.0,4.0,1.0,11.0,91.0,,,,,2.0,,4.0,8.0,3.0,7.0,0.0,1.0
LaLiga Santander,https://www.laliga.com/en-ES/player/c-rivero,7427,c-rivero,Cristian Rivero,C.rivero,Cristian,Rivero,male,1998-03-21T00:00:00+00:00,Gandía,75.0,188.0,False,,,ES,AD Alcorcón,ALC,1971-01-01T00:00:00+0000,https://assets.laliga.com/assets/2019/06/07/medium/alcorcon.png,13.0,Goalkeeper,,Santo Domingo,https://assets.laliga.com/assets/2019/08/12/medium/26424d1dae3d1bdbfde4911baea5ebbc.png,1.0,1.0,,3.0,,,0.0,,,,,,,,,,,1.0,1.0,,,55.0,,,3.0,25.0,6.0,,,,6.0,5.0,1.0,,,,,,,,,0.0,10.0,,,,,9.0,,42.0,,,,1.0,,,,,1.0,,1.0,,28.0,,,11.0,,11.0,,6.0,5.0,2.0,,,,,3.0,,,,,,,,,6.0,,22.0,27.0,14.0,34.0,26.0,,,42.0,,,,270.0,,3.0,,,27.0,75.0,,,48.0,,,27.0,101.0,,,,,10.0,,27.0,19.0,8.0,,0.0,
LaLiga Santander,https://www.laliga.com/en-ES/player/c-tello,20,c-tello,Cristian Tello,C. Tello,Cristian,Tello,male,1991-08-11T00:00:00+00:00,Barcelona,65.0,178.0,True,https://twitter.com/ctello91,https://instagram.com/ctello91,ES,Real Betis,BET,1907-09-12T00:00:00+0000,https://assets.laliga.com/assets/2019/06/07/medium/betis.png,11.0,Forward,https://assets.laliga.com/squad/2021/t185/p86169/512x556/p86169_t185_2021_1_001_000.png,Estadio Benito Villamarín,https://assets.laliga.com/assets/2019/06/17/medium/f211dabccff68741a75d175307d78f59.png,10.0,5.0,5.0,23.0,2.0,2.0,1.0,86.0,12.0,,,,,2.0,13.0,,,99.0,62.0,37.0,21.0,67.0,7.0,,23.0,,,2.0,,2.0,14.0,13.0,1.0,,2.0,89.0,57.0,32.0,,,,1.0,100.0,10.0,14.0,,1.0,29.0,4.0,342.0,,,,,,,,,1.0,,19.0,9.0,53.0,,1.0,160.0,,,,,,,,,8.0,9.0,5.0,,3.0,18.0,,4.0,4.0,10.0,12.0,2.0,3.0,12.0,267.0,202.0,69.0,255.0,6.0,11.0,38.0,,,2.0,807.0,30.0,6.0,9.0,5.0,134.0,342.0,,17.0,267.0,17.0,37.0,75.0,519.0,2.0,12.0,9.0,17.0,6.0,1.0,7.0,65.0,22.0,68.0,0.0,2.0
LaLiga Santander,https://www.laliga.com/en-ES/player/piccini,1626,piccini,Cristiano Piccini,Piccini,Cristiano,Piccini,male,1992-09-26T00:00:00+00:00,Firenze,86.0,189.0,False,,https://instagram.com/crispiccini,IT,,,,,,,,,,,,,,,,,,,,,,,,,,,,,,,,,,,,,,,,,,,,,,,,,,,,,,,,,,,,,,,,,,,,,,,,,,,,,,,,,,,,,,,,,,,,,,,,,,,,,,,,,,,,,,,,,,,,,,,,,,,,,,,,,,,,,
LaLiga Santander,https://www.laliga.com/en-ES/player/cristo,12621,cristo,Cristo Romero,Romero,Cristo,Romero,male,2000-04-30T00:00:00+00:00,Algeciras,62.0,173.0,False,,,ES,Real Sociedad,RSO,1909-09-07T00:00:00+0000,https://assets.laliga.com/assets/2019/06/07/medium/real-sociedad.png,42.0,Defender,,Reale Arena,https://assets.laliga.com/assets/2019/10/03/medium/b20727f80d7b4c9d5ad18acec9b663c5.png,1.0,1.0,,1.0,,,0.0,2.0,,,,,,,,,,4.0,4.0,,,2.0,,,1.0,,,,,,,,,,,3.0,3.0,,,,,0.0,56.0,,1.0,,,,,7.0,,,,,,,,,,,,,2.0,,,3.0,,,,,,,,,1.0,,,,,1.0,,2.0,2.0,,,,,,6.0,6.0,2.0,6.0,,,38.0,,,2.0,16.0,2.0,,1.0,,3.0,7.0,,1.0,6.0,,,1.0,14.0,,,,2.0,1.0,,1.0,1.0,,,0.0,
LaLiga Santander,https://www.laliga.com/en-ES/player/cesar-moreno-1,11942,cesar-moreno-1,Cesar Moreno,César Moreno,Cesar,Moreno,male,2001-04-23T00:00:00+00:00,Cartagena,71.0,183.0,False,,,ES,,,,,,,,,,,,,,,,,,,,,,,,,,,,,,,,,,,,,,,,,,,,,,,,,,,,,,,,,,,,,,,,,,,,,,,,,,,,,,,,,,,,,,,,,,,,,,,,,,,,,,,,,,,,,,,,,,,,,,,,,,,,,,,,,,,,,
LaLiga Santander,https://www.laliga.com/en-ES/player/cesar-tarrega,24258,cesar-tarrega,César Tárrega,C. Tárrega,César,Tárrega,male,2002-02-26T00:00:00+00:00,Valencia,,,False,,,ES,Valencia CF,VAL,1919-03-18T00:00:00+0000,https://assets.laliga.com/assets/2019/06/07/medium/valencia.png,38.0,Defender,,Camp de Mestalla,https://assets.laliga.com/assets/2019/06/17/medium/984682326cdbb55f5034778b7690a795.png,,,,,,,,,,,,,,,,,,,,,,,,,,,,,,,,,,,,,,,,,,,,,,,,,,,,,,,,,,,,,,,,,,,,,,,,,,,,,,,,,,,,,,,,,,,,,,,38.0,,,,,,,,,,,,,,,,,,,,,,,,,,,,,
LaLiga Santander,https://www.laliga.com/en-ES/player/damian-rodriguez,26563,damian-rodriguez,Damián Rodríguez,Damian,Damián,Rodríguez,male,2003-03-17T00:00:00+00:00,Ponteareas,,,False,,,ES,RC Celta,CEL,1923-08-23T00:00:00+0000,https://assets.laliga.com/assets/2019/06/07/medium/celta.png,42.0,Midfielder,,Estadio ABANCA Balaídos,https://assets.laliga.com/assets/2019/06/17/medium/0aef263ef366bd0b81369408adb27cd6.png,,,,,,,,,,,,,,,,,,,,,,,,,,,,,,,,,,,,,,,,,,,,,,,,,,,,,,,,,,,,,,,,,,,,,,,,,,,,,,,,,,,,,,,,,,,,,,,38.0,,,,,,,,,,,,,,,,,,,,,,,,,,,,,
LaLiga Santander,https://www.laliga.com/en-ES/player/damian,940,damian,Damián Suárez,Damián,Damián,Suárez,male,1988-04-27T00:00:00+00:00,Montevideo,61.0,172.0,False,,,UY,Getafe CF,GET,1983-03-30T00:00:00+0000,https://assets.laliga.com/assets/2019/06/07/medium/getafe.png,22.0,Defender,https://assets.laliga.com/squad/2021/t1450/p99005/512x556/p99005_t1450_2021_1_001_000.png,Coliseum Alfonso Pérez,https://assets.laliga.com/assets/2019/06/17/medium/b881ba5a6846e7ccdbc3a6a75a2c5e69.png,54.0,29.0,25.0,35.0,3.0,2.0,0.0,138.0,1.0,5.0,,9.0,,23.0,5.0,,,310.0,163.0,147.0,67.0,478.0,25.0,,35.0,,,3.0,,,28.0,27.0,1.0,,,256.0,134.0,122.0,2.0,,1.0,0.0,41.0,31.0,43.0,,,382.0,1.0,977.0,,,,,,,,,2.0,,77.0,41.0,193.0,,,43.0,,,,,,,1.0,,9.0,4.0,31.0,,12.0,4.0,5.0,37.0,28.0,15.0,32.0,8.0,,77.0,693.0,507.0,269.0,662.0,27.0,47.0,38.0,1.0,79.0,221.0,2720.0,41.0,27.0,46.0,33.0,566.0,1041.0,,13.0,739.0,74.0,13.0,302.0,1868.0,15.0,93.0,76.0,27.0,52.0,,118.0,325.0,70.0,184.0,0.0,13.0
LaLiga Santander,https://www.laliga.com/en-ES/player/dani-alves,4,dani-alves,Daniel Alves da Silva,Dani Alves,Daniel,Alves da Silva,male,1983-05-06T00:00:00+00:00,Juazeiro,70.0,172.0,True,https://twitter.com/DaniAlvesD2,https://instagram.com/danid2ois,BR,FC Barcelona,BAR,1899-11-29T00:00:00+0000,https://assets.laliga.com/assets/2019/06/07/medium/barcelona.png,8.0,Defender,https://assets.laliga.com/squad/2021/t178/p15780/512x556/p15780_t178_2021_1_001_000.png,Camp Nou,https://assets.laliga.com/assets/2019/06/17/medium/0623ce55ec3ee4e439ed6d24fe2ba77b.png,17.0,8.0,9.0,14.0,3.0,,0.0,139.0,,3.0,,4.0,,34.0,9.0,,,110.0,53.0,57.0,19.0,283.0,16.0,,14.0,,,3.0,,1.0,10.0,10.0,,1.0,,93.0,45.0,48.0,,,,1.0,68.0,11.0,19.0,,,364.0,,883.0,,,1.0,,,,,,1.0,,18.0,7.0,98.0,,1.0,130.0,,,,,,,,,3.0,2.0,13.0,1.0,6.0,1.0,7.0,23.0,15.0,12.0,10.0,,,39.0,778.0,498.0,331.0,767.0,11.0,19.0,38.0,6.0,7.0,86.0,1103.0,6.0,8.0,27.0,6.0,192.0,916.0,1.0,5.0,806.0,30.0,6.0,110.0,1207.0,22.0,52.0,27.0,,5.0,1.0,35.0,132.0,30.0,75.0,0.0,2.0
LaLiga Santander,https://www.laliga.com/en-ES/player/d-ceballos,1297,d-ceballos,Dani Ceballos,D. Ceballos,Dani,Ceballos,male,1996-08-07T00:00:00+00:00,Utrera,70.0,179.0,False,https://twitter.com/DaniCeballos46,https://instagram.com/danifuli10/,ES,Real Madrid,RMA,1902-03-06T00:00:00+0000,https://assets.laliga.com/assets/2019/06/07/medium/real-madrid.png,19.0,Midfielder,https://assets.laliga.com/squad/2021/t186/p182539/512x556/p182539_t186_2021_1_001_000.png,Estadio Santiago Bernabéu,https://assets.laliga.com/assets/2019/06/08/medium/e6695a8184f41deea3ad87dd9c12ab1f.png,,,,11.0,,1.0,0.0,27.0,4.0,2.0,,1.0,,,1.0,,,33.0,14.0,19.0,14.0,80.0,3.0,,11.0,,,,,,2.0,2.0,,,,33.0,14.0,19.0,,,,0.0,91.0,4.0,3.0,,,76.0,,256.0,,,,,,,,,,,8.0,6.0,25.0,,,77.0,,,,,,,,,2.0,4.0,2.0,,1.0,9.0,,,,5.0,5.0,,3.0,11.0,235.0,126.0,113.0,228.0,2.0,5.0,38.0,2.0,,1.0,267.0,7.0,1.0,3.0,7.0,39.0,260.0,,6.0,239.0,7.0,9.0,21.0,332.0,,1.0,1.0,6.0,,,5.0,17.0,5.0,16.0,0.0,1.0
LaLiga Santander,https://www.laliga.com/en-ES/player/dani-garcia,163,dani-garcia,Daniel García Carrillo,Dani García,Daniel,García Carrillo,male,1990-05-24T00:00:00+00:00,Zumárraga,81.0,180.0,False,https://twitter.com/danigarcia16,,ES,Athletic Club,ATH,1898-12-31T00:00:00+0000,https://assets.laliga.com/assets/2019/06/07/medium/athletic.png,14.0,Midfielder,https://assets.laliga.com/squad/2021/t174/p140264/512x556/p140264_t174_2021_1_001_000.png,Estadio San Mamés,https://assets.laliga.com/assets/2019/06/17/medium/f020571f7c260516dfab3b9dc5df6348.png,68.0,34.0,34.0,32.0,,,0.0,136.0,4.0,10.0,,3.0,,,3.0,,,216.0,121.0,95.0,47.0,371.0,31.0,,32.0,,,,,,22.0,21.0,1.0,,,148.0,87.0,61.0,,,1.0,0.0,20.0,24.0,9.0,,,231.0,1.0,1009.0,,,,,,,,,2.0,,29.0,17.0,132.0,,,289.0,,,,,,,,,6.0,2.0,27.0,,21.0,5.0,,1.0,1.0,4.0,25.0,13.0,1.0,67.0,785.0,440.0,363.0,735.0,14.0,22.0,38.0,2.0,,1.0,2190.0,11.0,38.0,44.0,22.0,251.0,1027.0,,8.0,802.0,36.0,12.0,225.0,1248.0,,3.0,3.0,2.0,38.0,,80.0,177.0,51.0,145.0,0.0,9.0
LaLiga Santander,https://www.laliga.com/en-ES/player/dani-gomez-1,12107,dani-gomez-1,Daniel Gómez Alcón,Dani Gómez,Daniel,Gómez Alcón,male,1998-07-30T00:00:00+00:00,Alcorcón,69.0,178.0,False,,,ES,Levante UD,LEV,1909-09-07T00:00:00+0000,https://assets.laliga.com/assets/2019/06/07/medium/levante.png,21.0,Forward,https://assets.laliga.com/squad/2021/t855/p223770/512x556/p223770_t855_2021_1_001_000.png,Estadio Ciutat de València,https://assets.laliga.com/assets/2021/07/21/medium/ae79ef9d1c26baf8602706ba1acef94b.png,34.0,30.0,4.0,28.0,1.0,,1.0,70.0,9.0,,,,,,11.0,,,154.0,105.0,49.0,50.0,32.0,6.0,1.0,28.0,,,2.0,,4.0,28.0,24.0,4.0,4.0,,120.0,75.0,45.0,2.0,1.0,1.0,3.0,61.0,3.0,11.0,,,47.0,11.0,163.0,,,,,,,,,4.0,,11.0,3.0,32.0,,3.0,39.0,,,,,,,,,8.0,14.0,11.0,,12.0,17.0,,1.0,1.0,18.0,17.0,,6.0,3.0,127.0,87.0,66.0,149.0,3.0,4.0,38.0,2.0,,2.0,1060.0,52.0,5.0,18.0,20.0,145.0,188.0,,22.0,152.0,7.0,60.0,36.0,418.0,,4.0,4.0,28.0,,,3.0,35.0,5.0,33.0,0.0,1.0
LaLiga Santander,https://www.laliga.com/en-ES/player/dani-raba,5978,dani-raba,Daniel Raba Antolín,Dani Raba,Daniel,Raba Antolín,male,1995-10-29T00:00:00+00:00,Santander,76.0,184.0,False,,,ES,Granada CF,GRA,1931-01-01T00:00:00+0000,https://assets.laliga.com/assets/2019/06/07/medium/granada.png,12.0,Forward,https://assets.laliga.com/squad/2021/t5683/p240071/512x556/p240071_t5683_2021_1_001_000.png,Nuevo Los Cármenes,https://assets.laliga.com/assets/2019/08/07/medium/4de53714b029bf44d86c53bd0d6835d3.png,,,,2.0,,,,1.0,,,,,,,,,,8.0,5.0,3.0,2.0,1.0,1.0,,2.0,,,,,,1.0,,1.0,,,8.0,5.0,3.0,,,,,10.0,1.0,,,,1.0,,3.0,,,,,,,,,,,,,1.0,,,,,,,,,,,,,,0.0,,,2.0,,,,,1.0,,,,2.0,1.0,1.0,2.0,,2.0,38.0,1.0,,,24.0,3.0,,1.0,1.0,7.0,3.0,,,2.0,2.0,,1.0,13.0,,,,,,,1.0,1.0,,,,
LaLiga Santander,https://www.laliga.com/en-ES/player/dani-rodriguez,6090,dani-rodriguez,Daniel José Rodríguez Vázquez,Dani Rodriguez,Daniel José,Rodríguez Vázquez,male,1988-06-06T00:00:00+00:00,Betanzos,71.0,178.0,False,,,ES,RCD Mallorca,MLL,1916-03-06T00:00:00+0000,https://assets.laliga.com/assets/2019/06/07/medium/mallorca.png,14.0,Midfielder,https://assets.laliga.com/squad/2021/t181/p80906/512x556/p80906_t181_2021_1_001_000.png,Visit Mallorca Estadi,https://assets.laliga.com/assets/2019/08/07/medium/6f67f604b5025b10ef0dc14d700586ae.png,99.0,59.0,40.0,36.0,3.0,3.0,1.0,209.0,18.0,3.0,,7.0,,26.0,20.0,,,493.0,272.0,221.0,108.0,282.0,33.0,,36.0,,,3.0,,3.0,43.0,37.0,6.0,3.0,,394.0,213.0,181.0,4.0,2.0,,2.0,41.0,20.0,40.0,,1.0,175.0,3.0,851.0,,,,,,,,,3.0,,56.0,25.0,175.0,,,220.0,,,,,,,,,14.0,10.0,33.0,,13.0,3.0,5.0,12.0,3.0,60.0,49.0,2.0,28.0,29.0,665.0,469.0,239.0,667.0,22.0,31.0,38.0,11.0,,8.0,2838.0,121.0,19.0,65.0,69.0,452.0,886.0,,24.0,696.0,53.0,90.0,190.0,1553.0,10.0,43.0,30.0,40.0,13.0,2.0,29.0,195.0,38.0,161.0,1.0,7.0
LaLiga Santander,https://www.laliga.com/en-ES/player/vivian,8225,vivian,Daniel Vivian,Vivian,Daniel,Vivian,male,1999-07-05T00:00:00+00:00,Vitoria,78.0,183.0,False,,,ES,Athletic Club,ATH,1898-12-31T00:00:00+0000,https://assets.laliga.com/assets/2019/06/07/medium/athletic.png,12.0,Defender,https://assets.laliga.com/squad/2021/t174/p437554/512x556/p437554_t174_2021_1_001_000.png,Estadio San Mamés,https://assets.laliga.com/assets/2019/06/17/medium/f020571f7c260516dfab3b9dc5df6348.png,83.0,53.0,30.0,24.0,1.0,,0.0,48.0,2.0,15.0,,7.0,,,5.0,,,172.0,86.0,86.0,22.0,362.0,9.0,,24.0,,,1.0,,2.0,23.0,22.0,1.0,2.0,,89.0,33.0,56.0,,2.0,,2.0,60.0,26.0,1.0,,,303.0,1.0,888.0,,,,,,,,,2.0,,15.0,5.0,161.0,,,231.0,,,,,,,,,7.0,8.0,22.0,,1.0,2.0,,,,4.0,10.0,18.0,,90.0,735.0,217.0,569.0,696.0,11.0,21.0,38.0,,,1.0,1985.0,7.0,107.0,19.0,20.0,185.0,944.0,,15.0,786.0,32.0,20.0,158.0,1229.0,,3.0,3.0,1.0,56.0,,96.0,102.0,59.0,62.0,2.0,2.0
LaLiga Santander,https://www.laliga.com/en-ES/player/carvajal,58,carvajal,Daniel Carvajal,Carvajal,Daniel,Carvajal,male,1992-01-11T00:00:00+00:00,Leganés,73.0,173.0,False,https://twitter.com/DaniCarvajal92,https://instagram.com/danicarvajal92,ES,Real Madrid,RMA,1902-03-06T00:00:00+0000,https://assets.laliga.com/assets/2019/06/07/medium/real-madrid.png,2.0,Defender,https://assets.laliga.com/squad/2021/t186/p88483/512x556/p88483_t186_2021_1_001_000.png,Estadio Santiago Bernabéu,https://assets.laliga.com/assets/2019/06/08/medium/e6695a8184f41deea3ad87dd9c12ab1f.png,28.0,14.0,14.0,24.0,3.0,,1.0,198.0,2.0,8.0,,6.0,,,6.0,,,138.0,60.0,78.0,35.0,270.0,14.0,,24.0,,,3.0,,1.0,13.0,11.0,2.0,1.0,,110.0,46.0,64.0,1.0,,,0.0,96.0,20.0,22.0,,,465.0,,991.0,,,1.0,,,,,,1.0,,30.0,14.0,97.0,,1.0,74.0,,,,,,,,,6.0,2.0,17.0,,8.0,7.0,,9.0,9.0,10.0,17.0,2.0,,43.0,865.0,468.0,421.0,837.0,15.0,28.0,38.0,3.0,12.0,131.0,1549.0,17.0,32.0,19.0,11.0,217.0,1007.0,,8.0,880.0,43.0,40.0,127.0,1414.0,,31.0,31.0,8.0,4.0,,21.0,113.0,45.0,106.0,1.0,1.0
LaLiga Santander,https://www.laliga.com/en-ES/player/cardenas,12716,cardenas,Daniel Cárdenas,Cárdenas,Daniel,Cárdenas,male,1997-03-28T00:00:00+00:00,Terrassa,80.0,186.0,False,,,ES,Levante UD,LEV,1909-09-07T00:00:00+0000,https://assets.laliga.com/assets/2019/06/07/medium/levante.png,34.0,Goalkeeper,https://assets.laliga.com/squad/2021/t855/p491436/512x556/p491436_t855_2021_1_001_000.png,Estadio Ciutat de València,https://assets.laliga.com/assets/2021/07/21/medium/ae79ef9d1c26baf8602706ba1acef94b.png,3.0,1.0,2.0,24.0,,,0.0,,,,9.0,5.0,,,,,1.0,10.0,4.0,6.0,,408.0,,,24.0,230.0,53.0,,1.0,,46.0,39.0,7.0,,,7.0,3.0,4.0,,,,0.0,50.0,1.0,1.0,1.0,,103.0,,329.0,,,,4.0,,,,,4.0,6.0,,,163.0,,,126.0,,74.0,2.0,44.0,30.0,20.0,,,,,24.0,,,,,,,,,27.0,,127.0,220.0,54.0,356.0,283.0,,1.0,38.0,,,1.0,2160.0,,25.0,,3.0,229.0,637.0,,,410.0,1.0,,227.0,842.0,,,,,92.0,,219.0,171.0,56.0,8.0,0.0,3.0
LaLiga Santander,https://www.laliga.com/en-ES/player/parejo,715,parejo,Daniel Parejo,Parejo,Daniel,Parejo,male,1989-04-16T00:00:00+00:00,Madrid,74.0,182.0,False,https://twitter.com/DaniParejo,,ES,Villarreal CF,VIL,1923-03-10T00:00:00+0000,https://assets.laliga.com/assets/2019/06/07/medium/villarreal.png,5.0,Midfielder,https://assets.laliga.com/squad/2021/t449/p51952/512x556/p51952_t449_2021_1_001_000.png,Estadio de la Cerámica,https://assets.laliga.com/assets/2019/10/03/medium/ac940b8f6681d614e337d20d5bf7f0a8.png,35.0,18.0,17.0,33.0,10.0,3.0,0.0,258.0,5.0,7.0,,7.0,,127.0,6.0,,,236.0,96.0,140.0,70.0,658.0,9.0,,33.0,,,10.0,,2.0,32.0,29.0,3.0,2.0,,201.0,78.0,123.0,1.0,,,2.0,60.0,29.0,56.0,,1.0,505.0,,1848.0,,,,,,,1.0,1.0,3.0,,62.0,25.0,192.0,,1.0,569.0,,,,,,,1.0,,5.0,6.0,32.0,,9.0,1.0,37.0,52.0,10.0,25.0,39.0,3.0,16.0,139.0,1623.0,1096.0,700.0,1605.0,14.0,29.0,38.0,11.0,,3.0,2708.0,31.0,15.0,16.0,56.0,408.0,1990.0,,11.0,1744.0,43.0,18.0,246.0,2473.0,62.0,91.0,8.0,8.0,9.0,,60.0,277.0,60.0,186.0,1.0,3.0
LaLiga Santander,https://www.laliga.com/en-ES/player/dani-rebollo,7595,dani-rebollo,Daniel Rebollo,D. Rebollo,Daniel,Rebollo,male,1999-12-10T00:00:00+00:00,Lepe,77.0,185.0,False,,,ES,Real Betis,BET,1907-09-12T00:00:00+0000,https://assets.laliga.com/assets/2019/06/07/medium/betis.png,30.0,Goalkeeper,https://assets.laliga.com/squad/2021/t185/p449993/512x556/p449993_t185_2021_1_001_000.png,Estadio Benito Villamarín,https://assets.laliga.com/assets/2019/06/17/medium/f211dabccff68741a75d175307d78f59.png,,,,,,,,,,,,,,,,,,,,,,,,,,,,,,,,,,,,,,,,,,,,,,,,,,,,,,,,,,,,,,,,,,,,,,,,,,,,,,,,,,,,,,,,,,,,,,,38.0,,,,,,,,,,,,,,,,,,,,,,,,,,,,,
LaLiga Santander,https://www.laliga.com/en-ES/player/villahermosa,14644,villahermosa,Daniel Villahermosa,Villahermosa,Daniel,Villahermosa,male,2001-01-02T00:00:00+00:00,Barcelona,,,False,,,ES,RCD Espanyol de Barcelona,ESP,1900-10-23T00:00:00+0000,https://assets.laliga.com/assets/2019/06/07/medium/espanyol.png,40.0,Midfielder,,RCDE Stadium,https://assets.laliga.com/assets/2019/06/17/medium/306cc02af120e092849ddf38954bcb3e.png,,,,1.0,,,0.0,2.0,,,,,,,,,,3.0,1.0,2.0,,3.0,,,1.0,,,,,,,,,,,3.0,1.0,2.0,,,,0.0,33.0,,,,,2.0,,7.0,,,,,,,,,,,,,,,,,,,,,,,,,,,,,,1.0,,,,1.0,,,,1.0,4.0,1.0,3.0,3.0,,,38.0,,,,22.0,1.0,1.0,,1.0,5.0,7.0,,,4.0,,,3.0,12.0,,,,,,1.0,,1.0,2.0,3.0,0.0,
LaLiga Santander,https://www.laliga.com/en-ES/player/wass,1849,wass,Daniel Wass,Wass,Daniel,Wass,male,1989-05-31T00:00:00+00:00,Gladsaxe,74.0,181.0,True,,https://instagram.com/danielwass18/,DK,Atlético de Madrid,ATM,1903-04-26T00:00:00+0000,https://assets.laliga.com/assets/2019/06/07/medium/atletico.png,17.0,Midfielder,https://assets.laliga.com/squad/2021/t175/p56624/512x556/p56624_t175_2021_1_001_000.png,Wanda Metropolitano,https://assets.laliga.com/assets/2019/06/17/medium/935f92c15c4d3442ef3f6d843beba0e1.png,2.0,2.0,,1.0,,,,,,,,,,,,,,5.0,3.0,2.0,6.0,6.0,,,1.0,,,,,,1.0,1.0,,,,3.0,1.0,2.0,,,,,10.0,,,,,11.0,1.0,17.0,,,,,,,,,,,3.0,,4.0,,,,,,,,,,,,,,,,,1.0,,,,1.0,3.0,,,,13.0,6.0,7.0,13.0,,,38.0,,2.0,7.0,45.0,,3.0,1.0,1.0,8.0,17.0,,,13.0,,,4.0,33.0,,2.0,2.0,,2.0,,2.0,3.0,3.0,2.0,,1.0
LaLiga Santander,https://www.laliga.com/en-ES/player/darko,3110,darko,Darko Brašanac,Darko,Darko,Brasanac,male,1992-02-12T00:00:00+00:00,Cajetina,73.0,178.0,True,,,RS,CA Osasuna,OSA,1920-11-17T00:00:00+0000,https://assets.laliga.com/assets/2019/06/07/medium/osasuna.png,8.0,Midfielder,https://assets.laliga.com/squad/2021/t450/p84700/512x556/p84700_t450_2021_1_001_000.png,Estadio El Sadar,https://assets.laliga.com/assets/2021/01/20/medium/c1b35f03ff875a4a12c7dcbd477d964a.png,95.0,62.0,33.0,35.0,,,0.0,202.0,8.0,8.0,,4.0,,,16.0,,,280.0,173.0,107.0,75.0,236.0,24.0,,35.0,,,2.0,,1.0,34.0,31.0,3.0,1.0,,185.0,111.0,74.0,2.0,,,1.0,22.0,25.0,27.0,,1.0,233.0,9.0,833.0,,,,,,,,,3.0,,52.0,17.0,143.0,,,202.0,,,,,,,1.0,,4.0,5.0,27.0,,14.0,8.0,,5.0,5.0,15.0,39.0,,21.0,8.0,627.0,441.0,231.0,659.0,13.0,22.0,38.0,1.0,1.0,4.0,2412.0,38.0,15.0,52.0,24.0,318.0,873.0,,9.0,667.0,35.0,83.0,206.0,1202.0,,22.0,22.0,12.0,14.0,5.0,24.0,187.0,41.0,182.0,0.0,9.0
LaLiga Santander,https://www.laliga.com/en-ES/player/d-machis,1313,d-machis,Darwin Machís,D. Machis,Darwin,Machís,male,1993-02-07T00:00:00+00:00,Tucupita,68.0,170.0,False,https://twitter.com/Darwin_Machis,https://instagram.com/darwinmachis11/,VE,Granada CF,GRA,1931-01-01T00:00:00+0000,https://assets.laliga.com/assets/2019/06/07/medium/granada.png,11.0,Forward,https://assets.laliga.com/squad/2021/t5683/p111133/512x556/p111133_t5683_2021_1_001_000.png,Nuevo Los Cármenes,https://assets.laliga.com/assets/2019/08/07/medium/4de53714b029bf44d86c53bd0d6835d3.png,30.0,18.0,12.0,25.0,1.0,1.0,2.0,71.0,11.0,,,1.0,,10.0,15.0,,,199.0,100.0,99.0,35.0,95.0,9.0,,25.0,,,2.0,,4.0,22.0,19.0,3.0,1.0,3.0,169.0,82.0,87.0,,,,2.0,46.0,15.0,16.0,,1.0,27.0,6.0,347.0,,,,,,,,,2.0,,31.0,10.0,85.0,,3.0,160.0,,,,,,,1.0,,9.0,17.0,16.0,,13.0,9.0,3.0,15.0,12.0,34.0,17.0,4.0,4.0,18.0,246.0,179.0,88.0,234.0,10.0,13.0,38.0,1.0,1.0,6.0,1381.0,48.0,13.0,20.0,30.0,264.0,353.0,,26.0,252.0,23.0,46.0,101.0,738.0,4.0,51.0,47.0,26.0,13.0,,26.0,129.0,23.0,75.0,0.0,2.0
LaLiga Santander,https://www.laliga.com/en-ES/player/dario-benedetto,15211,dario-benedetto,Darío Benedetto,Benedetto,Darío,Benedetto,male,1990-05-17T00:00:00+00:00,Berazategui,75.0,177.0,False,,,AR,,,,,,,,,,,,,,,,,,,,,,,,,,,,,,,,,,,,,,,,,,,,,,,,,,,,,,,,,,,,,,,,,,,,,,,,,,,,,,,,,,,,,,,,,,,,,,,,,,,,,,,,,,,,,,,,,,,,,,,,,,,,,,,,,,,,,
LaLiga Santander,https://www.laliga.com/en-ES/player/dario-1,5772,dario-1,Darío Poveda,Darío,Darío,Poveda,male,1997-03-13T00:00:00+00:00,Alicante,75.0,185.0,False,,,ES,SD Huesca,HUE,1960-03-29T00:00:00+0000,https://assets.laliga.com/assets/2019/06/07/medium/huesca.png,19.0,Forward,,El Alcoraz,https://assets.laliga.com/assets/2019/08/12/medium/7f2417a1294943387e499185f8c1d565.png,43.0,23.0,20.0,14.0,,,1.0,29.0,2.0,,,1.0,,,5.0,,,104.0,63.0,41.0,14.0,21.0,3.0,1.0,14.0,,,,,2.0,10.0,9.0,1.0,2.0,,61.0,40.0,21.0,2.0,,,1.0,10.0,,4.0,,,35.0,2.0,110.0,,,,,,,1.0,1.0,,,6.0,4.0,12.0,,2.0,35.0,,,,,,,,,10.0,8.0,8.0,,5.0,6.0,,2.0,2.0,8.0,10.0,,5.0,1.0,74.0,63.0,23.0,83.0,,3.0,42.0,,,,788.0,25.0,6.0,9.0,11.0,89.0,120.0,,18.0,84.0,3.0,38.0,36.0,241.0,,,,13.0,1.0,3.0,1.0,31.0,5.0,35.0,0.0,1.0
LaLiga Santander,https://www.laliga.com/en-ES/player/dario,8798,dario,Darío Ramos,Dario,Darío,Ramos,male,1999-10-19T00:00:00+00:00,Valencia,78.0,191.0,False,,,ES,CA Osasuna,OSA,1920-11-17T00:00:00+0000,https://assets.laliga.com/assets/2019/06/07/medium/osasuna.png,36.0,Goalkeeper,https://assets.laliga.com/squad/2021/t450/p439196/512x556/p439196_t450_2021_1_001_000.png,Estadio El Sadar,https://assets.laliga.com/assets/2021/01/20/medium/c1b35f03ff875a4a12c7dcbd477d964a.png,,,,,,,,,,,,,,,,,,,,,,,,,,,,,,,,,,,,,,,,,,,,,,,,,,,,,,,,,,,,,,,,,,,,,,,,,,,,,,,,,,,,,,,,,,,,,,,38.0,,,,,,,,,,,,,,,,,,,,,,,,,,,,,
LaLiga Santander,https://www.laliga.com/en-ES/player/david-alaba,2350,david-alaba,David Alaba,Alaba,David,Alaba,male,1992-06-24T00:00:00+00:00,Wien,78.0,180.0,False,,,AT,Real Madrid,RMA,1902-03-06T00:00:00+0000,https://assets.laliga.com/assets/2019/06/07/medium/real-madrid.png,4.0,Defender,https://assets.laliga.com/squad/2021/t186/p50188/512x556/p50188_t186_2021_1_001_000.png,Estadio Santiago Bernabéu,https://assets.laliga.com/assets/2019/06/08/medium/e6695a8184f41deea3ad87dd9c12ab1f.png,36.0,22.0,14.0,30.0,3.0,7.0,2.0,130.0,7.0,15.0,,11.0,1.0,3.0,10.0,,,104.0,57.0,47.0,33.0,619.0,9.0,,30.0,3.0,,3.0,,2.0,26.0,23.0,3.0,2.0,,68.0,35.0,33.0,,,,0.0,70.0,22.0,18.0,,2.0,540.0,2.0,1854.0,,,,,,,,,2.0,,20.0,11.0,141.0,,,599.0,,,,,,,1.0,,7.0,7.0,30.0,,3.0,,,6.0,5.0,4.0,20.0,1.0,3.0,54.0,1717.0,697.0,1058.0,1695.0,10.0,13.0,38.0,4.0,1.0,33.0,2644.0,9.0,67.0,16.0,6.0,207.0,1888.0,,14.0,1749.0,23.0,42.0,139.0,2212.0,3.0,34.0,29.0,6.0,25.0,,56.0,129.0,44.0,83.0,0.0,2.0
LaLiga Santander,https://www.laliga.com/en-ES/player/david-garcia-2,1630,david-garcia-2,David García,David García,David,García,male,1994-02-14T00:00:00+00:00,Pamplona,72.0,185.0,False,https://twitter.com/garcia6david,,ES,CA Osasuna,OSA,1920-11-17T00:00:00+0000,https://assets.laliga.com/assets/2019/06/07/medium/osasuna.png,5.0,Defender,https://assets.laliga.com/squad/2021/t450/p98851/512x556/p98851_t450_2021_1_001_000.png,Estadio El Sadar,https://assets.laliga.com/assets/2021/01/20/medium/c1b35f03ff875a4a12c7dcbd477d964a.png,180.0,44.0,136.0,35.0,,,3.0,71.0,5.0,21.0,,12.0,1.0,,4.0,,,293.0,107.0,186.0,56.0,623.0,25.0,,35.0,,,,,4.0,45.0,41.0,4.0,4.0,,113.0,63.0,50.0,2.0,4.0,,1.0,51.0,52.0,9.0,2.0,,363.0,,1422.0,,,1.0,,,,,,4.0,,9.0,6.0,221.0,,,404.0,,,,,,,,,22.0,4.0,35.0,,1.0,,,,,3.0,30.0,30.0,,122.0,1139.0,443.0,726.0,1047.0,14.0,14.0,38.0,,,,3105.0,4.0,166.0,53.0,21.0,313.0,1461.0,,26.0,1169.0,28.0,57.0,292.0,1860.0,,,,1.0,61.0,,123.0,192.0,100.0,169.0,3.0,8.0
LaLiga Santander,https://www.laliga.com/en-ES/player/david-gil,5368,david-gil,David Gil,David Gil,David,Gil,male,1994-01-11T00:00:00+00:00,Getafe,81.0,186.0,False,,,ES,Cádiz CF,CAD,1910-09-10T00:00:00+0000,https://assets.laliga.com/assets/2019/06/07/medium/cadiz.png,13.0,Goalkeeper,https://assets.laliga.com/squad/2021/t1737/p173947/512x556/p173947_t1737_2021_1_001_000.png,Estadio Nuevo Mirandilla,https://assets.laliga.com/assets/2019/08/12/medium/ec810605f774c1a9a3ed75de01826124.png,,,,,,,,,,,,,,,,,,,,,,,,,,,,,,,,,,,,,,,,,,,,,,,,,,,,,,,,,,,,,,,,,,,,,,,,,,,,,,,,,,,,,,,,,,,,,,,38.0,,,,,,,,,,,,,,,,,,,,,,,,,,,,,
LaLiga Santander,https://www.laliga.com/en-ES/player/david-lopez,619,david-lopez,David López,David Lopez,David,López,male,1989-10-09T00:00:00+00:00,Barcelona,81.0,183.0,False,https://twitter.com/David_Lopez_7,,ES,RCD Espanyol de Barcelona,ESP,1900-10-23T00:00:00+0000,https://assets.laliga.com/assets/2019/06/07/medium/espanyol.png,15.0,Midfielder,https://assets.laliga.com/squad/2021/t177/p11129/512x556/p11129_t177_2021_1_001_000.png,RCDE Stadium,https://assets.laliga.com/assets/2019/06/17/medium/306cc02af120e092849ddf38954bcb3e.png,38.0,17.0,21.0,18.0,,,0.0,52.0,,8.0,,1.0,,,,,,82.0,35.0,47.0,21.0,168.0,4.0,,18.0,,,,,,7.0,6.0,1.0,,,44.0,18.0,26.0,,,,0.0,29.0,10.0,3.0,1.0,,124.0,,414.0,,,,,,,,,1.0,,8.0,2.0,56.0,,,82.0,,,,,,,,,1.0,4.0,8.0,,7.0,10.0,,,,2.0,10.0,6.0,2.0,15.0,343.0,118.0,235.0,338.0,5.0,13.0,38.0,1.0,,1.0,743.0,2.0,25.0,9.0,6.0,82.0,426.0,,5.0,353.0,18.0,7.0,73.0,528.0,,,,,11.0,,21.0,43.0,30.0,52.0,0.0,1.0
LaLiga Santander,https://www.laliga.com/en-ES/player/silva-2,2574,silva-2,David Silva,Silva,David,Silva,male,1986-01-08T00:00:00+00:00,Arguineguín,67.0,173.0,False,,,ES,Real Sociedad,RSO,1909-09-07T00:00:00+0000,https://assets.laliga.com/assets/2019/06/07/medium/real-sociedad.png,21.0,Midfielder,https://assets.laliga.com/squad/2021/t188/p20664/512x556/p20664_t188_2021_1_001_000.png,Reale Arena,https://assets.laliga.com/assets/2019/10/03/medium/b20727f80d7b4c9d5ad18acec9b663c5.png,27.0,12.0,15.0,25.0,4.0,,2.0,193.0,5.0,3.0,,3.0,,15.0,7.0,,,187.0,90.0,97.0,48.0,274.0,17.0,2.0,25.0,,,4.0,,2.0,11.0,9.0,2.0,2.0,,160.0,78.0,82.0,4.0,1.0,1.0,0.0,78.0,7.0,35.0,,1.0,288.0,3.0,1003.0,,,1.0,,,,,,2.0,,32.0,10.0,91.0,,,261.0,,,,,,,1.0,,10.0,6.0,22.0,1.0,16.0,3.0,7.0,14.0,5.0,29.0,29.0,1.0,22.0,27.0,883.0,605.0,304.0,868.0,11.0,17.0,38.0,3.0,,3.0,1731.0,43.0,12.0,23.0,25.0,226.0,1016.0,1.0,16.0,895.0,28.0,81.0,121.0,1303.0,4.0,16.0,7.0,15.0,1.0,1.0,11.0,104.0,33.0,110.0,1.0,4.0
LaLiga Santander,https://www.laliga.com/en-ES/player/david-soria,1669,david-soria,David Soria,David Soria,David,Soria,male,1993-04-04T00:00:00+00:00,Madrid,85.0,192.0,False,https://twitter.com/DavidSoria18,https://instagram.com/davidsoria31/,ES,Getafe CF,GET,1983-03-30T00:00:00+0000,https://assets.laliga.com/assets/2019/06/07/medium/getafe.png,13.0,Goalkeeper,https://assets.laliga.com/squad/2021/t1450/p175204/512x556/p175204_t1450_2021_1_001_000.png,Coliseum Alfonso Pérez,https://assets.laliga.com/assets/2019/06/17/medium/b881ba5a6846e7ccdbc3a6a75a2c5e69.png,16.0,,16.0,38.0,,,0.0,,,,20.0,13.0,,,,,5.0,20.0,2.0,18.0,1.0,917.0,1.0,,38.0,269.0,124.0,,3.0,,41.0,40.0,1.0,,,4.0,2.0,2.0,,,,0.0,53.0,,,,,116.0,,471.0,,,1.0,4.0,,1.0,,,2.0,25.0,,,342.0,,,46.0,1.0,94.0,6.0,58.0,34.0,30.0,,,,,38.0,,1.0,,,,,,1.0,120.0,,397.0,251.0,277.0,273.0,153.0,1.0,,38.0,,,,3415.0,,47.0,1.0,3.0,540.0,1079.0,,,550.0,1.0,,529.0,1367.0,,,,,224.0,,524.0,434.0,95.0,5.0,0.0,4.0
LaLiga Santander,https://www.laliga.com/en-ES/player/timor-s-v,550,timor-s-v,David Timor,Timor S.v,David,Timor,male,1989-10-17T00:00:00+00:00,Carcagente,80.0,185.0,False,,,ES,SD Huesca,HUE,1960-03-29T00:00:00+0000,https://assets.laliga.com/assets/2019/06/07/medium/huesca.png,12.0,Midfielder,,El Alcoraz,https://assets.laliga.com/assets/2019/08/12/medium/7f2417a1294943387e499185f8c1d565.png,59.0,21.0,38.0,17.0,,1.0,0.0,79.0,2.0,7.0,,6.0,,,1.0,,,125.0,55.0,70.0,19.0,225.0,10.0,,17.0,,,,,,13.0,12.0,1.0,,,66.0,34.0,32.0,,,,0.0,10.0,21.0,8.0,,,242.0,,709.0,,,,,,,,,,,12.0,7.0,96.0,,,198.0,,,,,,,,,12.0,4.0,16.0,,6.0,1.0,,,,6.0,12.0,1.0,1.0,49.0,576.0,227.0,379.0,557.0,3.0,8.0,42.0,1.0,,2.0,1307.0,10.0,32.0,17.0,15.0,160.0,744.0,,16.0,606.0,11.0,11.0,138.0,909.0,,,,6.0,17.0,,48.0,94.0,44.0,90.0,0.0,6.0
LaLiga Santander,https://www.laliga.com/en-ES/player/cheryshev,135,cheryshev,Denis Cheryshev,Cheryshev,Denis,Cheryshev,male,1990-12-26T00:00:00+00:00,Nizhny Novgorod,74.0,179.0,True,https://twitter.com/Cheryshev,,RU,Valencia CF,VAL,1919-03-18T00:00:00+0000,https://assets.laliga.com/assets/2019/06/07/medium/valencia.png,17.0,Forward,https://assets.laliga.com/squad/2021/t191/p88489/512x556/p88489_t191_2021_1_001_000.png,Camp de Mestalla,https://assets.laliga.com/assets/2019/06/17/medium/984682326cdbb55f5034778b7690a795.png,18.0,13.0,5.0,17.0,1.0,,0.0,33.0,3.0,1.0,,,,6.0,4.0,,,76.0,44.0,32.0,13.0,47.0,9.0,1.0,17.0,,,1.0,,,9.0,7.0,2.0,,,58.0,31.0,27.0,1.0,,,0.0,18.0,9.0,2.0,,,16.0,4.0,133.0,,,,,,,,,,,21.0,8.0,35.0,,,45.0,,,,,,,,,2.0,5.0,5.0,,5.0,12.0,1.0,3.0,2.0,6.0,7.0,1.0,1.0,2.0,91.0,75.0,27.0,97.0,9.0,5.0,38.0,1.0,1.0,2.0,555.0,8.0,9.0,15.0,7.0,91.0,141.0,,7.0,99.0,14.0,22.0,42.0,274.0,1.0,24.0,22.0,5.0,1.0,,6.0,52.0,14.0,36.0,0.0,1.0
LaLiga Santander,https://www.laliga.com/en-ES/player/denis-suarez,530,denis-suarez,Denis Suárez,Denis Suárez,Denis,Suárez,male,1994-01-06T00:00:00+00:00,Salceda de Caselas,69.0,176.0,True,https://twitter.com/DenisSuarez6,https://instagram.com/denissuarezfernandez,ES,RC Celta,CEL,1923-08-23T00:00:00+0000,https://assets.laliga.com/assets/2019/06/07/medium/celta.png,6.0,Midfielder,https://assets.laliga.com/squad/2021/t176/p89572/512x556/p89572_t176_2021_1_001_000.png,Estadio ABANCA Balaídos,https://assets.laliga.com/assets/2019/06/17/medium/0aef263ef366bd0b81369408adb27cd6.png,37.0,23.0,14.0,38.0,4.0,1.0,0.0,359.0,10.0,4.0,,3.0,,85.0,13.0,,,337.0,182.0,155.0,73.0,625.0,27.0,,38.0,,,6.0,,4.0,38.0,34.0,4.0,4.0,,300.0,159.0,141.0,,,,4.0,47.0,16.0,40.0,,2.0,461.0,1.0,1792.0,,,1.0,,,,,,4.0,,71.0,28.0,186.0,,2.0,462.0,,,,,,,1.0,,4.0,8.0,33.0,,20.0,5.0,23.0,32.0,7.0,42.0,34.0,3.0,10.0,91.0,1484.0,969.0,658.0,1504.0,32.0,29.0,38.0,19.0,,12.0,2835.0,57.0,9.0,47.0,39.0,535.0,1907.0,,12.0,1595.0,61.0,37.0,312.0,2462.0,51.0,97.0,28.0,40.0,7.0,2.0,48.0,357.0,52.0,264.0,2.0,4.0
LaLiga Santander,https://www.laliga.com/en-ES/player/diego-bri,14616,diego-bri,Diego Bri,Diego Bri,Diego,Bri,male,2002-09-12T00:00:00+00:00,,,,False,,,ES,Elche CF,ELC,1923-03-01T00:00:00+0000,https://assets.laliga.com/assets/2019/06/07/medium/elche.png,29.0,Midfielder,https://assets.laliga.com/squad/2021/t954/p508462/512x556/p508462_t954_2021_1_001_000.png,Estadio Martínez Valero,https://assets.laliga.com/assets/2019/08/12/medium/150e2d322086b631feb7ec0016b982f6.png,,,,,,,,,,,,,,,,,,,,,,,,,,,,,,,,,,,,,,,,,,,,,,,,,,,,,,,,,,,,,,,,,,,,,,,,,,,,,,,,,,,,,,,,,,,,,,,38.0,,,,,,,,,,,,,,,,,,,,,,,,,,,,,
LaLiga Santander,https://www.laliga.com/en-ES/player/diego-carlos,12016,diego-carlos,Diego Carlos Santos Silva,Diego Carlos,Diego Carlos,Santos Silva,male,1993-03-15T00:00:00+00:00,Barra Bonita,79.0,186.0,False,,,BR,,,,,,,,,,,,,,,,,,,,,,,,,,,,,,,,,,,,,,,,,,,,,,,,,,,,,,,,,,,,,,,,,,,,,,,,,,,,,,,,,,,,,,,,,,,,,,,,,,,,,,,,,,,,,,,,,,,,,,,,,,,,,,,,,,,,,
LaLiga Santander,https://www.laliga.com/en-ES/player/diego-conde,12585,diego-conde,Diego Conde,Diego Conde,Diego,Conde,male,1998-10-28T00:00:00+00:00,Madrid,,188.0,False,,,ES,Getafe CF,GET,1983-03-30T00:00:00+0000,https://assets.laliga.com/assets/2019/06/07/medium/getafe.png,27.0,Goalkeeper,https://assets.laliga.com/squad/2021/t1450/p439597/512x556/p439597_t1450_2021_1_001_000.png,Coliseum Alfonso Pérez,https://assets.laliga.com/assets/2019/06/17/medium/b881ba5a6846e7ccdbc3a6a75a2c5e69.png,,,,1.0,,,0.0,,,,1.0,,,,,,,,,,,6.0,,,1.0,,2.0,,,,,,,,,,,,,,,0.0,100.0,,,,,,,2.0,,,,,,,,,,,,,1.0,,,,,,,,,,,,,,,,,1.0,,,,,,,,,,,,,,,38.0,,,,5.0,,,,,6.0,6.0,,,,,,6.0,7.0,,,,,3.0,,6.0,6.0,,,0.0,
LaLiga Santander,https://www.laliga.com/en-ES/player/diego-glez,4075,diego-glez,Diego González,Diego Glez.,Diego,González,male,1995-01-28T00:00:00+00:00,Chiclana de la Frontera,83.0,185.0,False,https://twitter.com/DiegoGlez7,https://instagram.com/diego_gonzalez7,ES,Elche CF,ELC,1923-03-01T00:00:00+0000,https://assets.laliga.com/assets/2019/06/07/medium/elche.png,4.0,Defender,https://assets.laliga.com/squad/2021/t954/p220097/512x556/p220097_t954_2021_1_001_000.png,Estadio Martínez Valero,https://assets.laliga.com/assets/2019/08/12/medium/150e2d322086b631feb7ec0016b982f6.png,55.0,28.0,27.0,28.0,,,0.0,51.0,2.0,13.0,,4.0,1.0,,4.0,,,115.0,59.0,56.0,42.0,252.0,8.0,,28.0,,,,,,26.0,24.0,2.0,,,60.0,31.0,29.0,,,,0.0,67.0,19.0,2.0,1.0,,181.0,,683.0,,,1.0,,,,,,4.0,,13.0,8.0,85.0,,,234.0,,,,,,,,,1.0,1.0,19.0,1.0,2.0,9.0,,,,1.0,21.0,6.0,,48.0,563.0,129.0,465.0,546.0,9.0,16.0,38.0,,,,1788.0,,87.0,25.0,3.0,132.0,718.0,1.0,2.0,594.0,25.0,9.0,124.0,914.0,,,,,38.0,,69.0,73.0,51.0,55.0,0.0,3.0
LaLiga Santander,https://www.laliga.com/en-ES/player/diego-lainez,9652,diego-lainez,Diego Lainez,Diego Lainez,Diego,Lainez,male,2000-06-09T00:00:00+00:00,Villahermosa,58.0,168.0,True,,,MX,Real Betis,BET,1907-09-12T00:00:00+0000,https://assets.laliga.com/assets/2019/06/07/medium/betis.png,20.0,Midfielder,,Estadio Benito Villamarín,https://assets.laliga.com/assets/2019/06/17/medium/f211dabccff68741a75d175307d78f59.png,2.0,2.0,,7.0,,,0.0,19.0,,,,,,,1.0,,,27.0,19.0,8.0,6.0,15.0,3.0,,7.0,,,,,,2.0,2.0,,,,25.0,17.0,8.0,1.0,,,0.0,39.0,1.0,3.0,,,14.0,,54.0,,,,,,,,,1.0,,7.0,3.0,10.0,,,6.0,,,,,,,,,,1.0,1.0,,1.0,6.0,,,,6.0,2.0,,,1.0,43.0,32.0,11.0,42.0,,1.0,38.0,,,,135.0,11.0,,4.0,1.0,29.0,54.0,,1.0,43.0,1.0,6.0,11.0,89.0,,2.0,2.0,3.0,1.0,,1.0,11.0,2.0,10.0,0.0,
LaLiga Santander,https://www.laliga.com/en-ES/player/diego-lopez-noguerol,23120,diego-lopez-noguerol,Diego López,Diego López,Diego,López,male,2002-05-13T00:00:00+00:00,,,,False,,,ES,Valencia CF,VAL,1919-03-18T00:00:00+0000,https://assets.laliga.com/assets/2019/06/07/medium/valencia.png,33.0,Forward,https://assets.laliga.com/squad/2021/t191/p493072/512x556/p493072_t191_2021_1_001_000.png,Camp de Mestalla,https://assets.laliga.com/assets/2019/06/17/medium/984682326cdbb55f5034778b7690a795.png,,,,,,,,,,,,,,,,,,,,,,,,,,,,,,,,,,,,,,,,,,,,,,,,,,,,,,,,,,,,,,,,,,,,,,,,,,,,,,,,,,,,,,,,,,,,,,,38.0,,,,,,,,,,,,,,,,,,,,,,,,,,,,,
LaLiga Santander,https://www.laliga.com/en-ES/player/diego-lopez,51,diego-lopez,Diego López,Diego Lopez,Diego,López,male,1981-11-03T00:00:00+00:00,Lugo,89.0,196.0,True,,,ES,RCD Espanyol de Barcelona,ESP,1900-10-23T00:00:00+0000,https://assets.laliga.com/assets/2019/06/07/medium/espanyol.png,13.0,Goalkeeper,https://assets.laliga.com/squad/2021/t177/p16021/512x556/p16021_t177_2021_1_001_000.png,RCDE Stadium,https://assets.laliga.com/assets/2019/06/17/medium/306cc02af120e092849ddf38954bcb3e.png,13.0,,13.0,36.0,,,0.0,,,,31.0,9.0,,,,,4.0,18.0,2.0,16.0,,511.0,,,36.0,419.0,86.0,,6.0,,49.0,48.0,1.0,,,5.0,2.0,3.0,,,,0.0,65.0,1.0,1.0,,,232.0,,460.0,,,,4.0,,,,,3.0,18.0,,,343.0,,,207.0,,115.0,3.0,73.0,37.0,37.0,,,,,36.0,,2.0,,,,,,,40.0,,190.0,353.0,120.0,532.0,462.0,,,38.0,,,,3178.0,,39.0,,6.0,303.0,950.0,,,652.0,,,298.0,1366.0,,,,,100.0,,290.0,239.0,59.0,8.0,0.0,4.0
LaLiga Santander,https://www.laliga.com/en-ES/player/diego-lopez-2,24048,diego-lopez-2,Diego López,Diego,Diego,López,male,2001-10-21T00:00:00+00:00,,,,False,,,ES,Getafe CF,GET,1983-03-30T00:00:00+0000,https://assets.laliga.com/assets/2019/06/07/medium/getafe.png,34.0,Midfielder,,Coliseum Alfonso Pérez,https://assets.laliga.com/assets/2019/06/17/medium/b881ba5a6846e7ccdbc3a6a75a2c5e69.png,,,,,,,,,,,,,,,,,,,,,,,,,,,,,,,,,,,,,,,,,,,,,,,,,,,,,,,,,,,,,,,,,,,,,,,,,,,,,,,,,,,,,,,,,,,,,,,38.0,,,,,,,,,,,,,,,,,,,,,,,,,,,,,
LaLiga Santander,https://www.laliga.com/en-ES/player/diego-pineiro,25315,diego-pineiro,Diego Piñeiro del Álamo,Diego Piñeiro,Diego,Piñeiro del Álamo,male,2004-02-13T00:00:00+00:00,Madrid,,,False,,,ES,Real Madrid,RMA,1902-03-06T00:00:00+0000,https://assets.laliga.com/assets/2019/06/07/medium/real-madrid.png,45.0,Goalkeeper,,Estadio Santiago Bernabéu,https://assets.laliga.com/assets/2019/06/08/medium/e6695a8184f41deea3ad87dd9c12ab1f.png,,,,,,,,,,,,,,,,,,,,,,,,,,,,,,,,,,,,,,,,,,,,,,,,,,,,,,,,,,,,,,,,,,,,,,,,,,,,,,,,,,,,,,,,,,,,,,,38.0,,,,,,,,,,,,,,,,,,,,,,,,,,,,,
LaLiga Santander,https://www.laliga.com/en-ES/player/rico,1061,rico,Diego Rico,Rico,Diego,Rico,male,1993-02-23T00:00:00+00:00,Burgos,76.0,183.0,False,https://twitter.com/diegorico_3,,ES,Real Sociedad,RSO,1909-09-07T00:00:00+0000,https://assets.laliga.com/assets/2019/06/07/medium/real-sociedad.png,15.0,Defender,https://assets.laliga.com/squad/2021/t188/p171129/512x556/p171129_t188_2021_1_001_000.png,Reale Arena,https://assets.laliga.com/assets/2019/10/03/medium/b20727f80d7b4c9d5ad18acec9b663c5.png,40.0,14.0,26.0,21.0,,,0.0,126.0,3.0,4.0,,7.0,,1.0,8.0,,,172.0,76.0,96.0,32.0,409.0,7.0,,21.0,,,,,,13.0,12.0,1.0,,,132.0,62.0,70.0,,,,0.0,100.0,30.0,15.0,,,17.0,4.0,833.0,,,1.0,,,,,,2.0,,57.0,25.0,111.0,,,306.0,,,,,,,,,6.0,1.0,19.0,,5.0,2.0,,15.0,15.0,12.0,19.0,6.0,,19.0,628.0,338.0,326.0,630.0,21.0,20.0,38.0,,26.0,185.0,1646.0,24.0,39.0,16.0,17.0,339.0,858.0,,7.0,649.0,41.0,12.0,209.0,1417.0,1.0,42.0,41.0,17.0,30.0,,64.0,185.0,66.0,145.0,0.0,4.0
LaLiga Santander,https://www.laliga.com/en-ES/player/foulquier,418,foulquier,Dimitri Foulquier,Foulquier,Dimitri,Foulquier,male,1993-03-23T00:00:00+00:00,Sarcelles,72.0,183.0,False,https://twitter.com/Foulquier_22,https://instagram.com/dimitri_foulquier/,GP,Valencia CF,VAL,1919-03-18T00:00:00+0000,https://assets.laliga.com/assets/2019/06/07/medium/valencia.png,20.0,Defender,https://assets.laliga.com/squad/2021/t191/p96767/512x556/p96767_t191_2021_1_001_000.png,Camp de Mestalla,https://assets.laliga.com/assets/2019/06/17/medium/984682326cdbb55f5034778b7690a795.png,43.0,23.0,20.0,29.0,,,,75.0,2.0,3.0,,9.0,,,7.0,,,215.0,96.0,119.0,50.0,375.0,19.0,1.0,29.0,,,1.0,,,36.0,30.0,6.0,,,172.0,73.0,99.0,1.0,,,,10.0,29.0,10.0,,,217.0,1.0,705.0,,,1.0,,,,,,3.0,,52.0,16.0,164.0,,,63.0,,,,,,,,,9.0,5.0,25.0,,2.0,4.0,,9.0,9.0,23.0,27.0,7.0,2.0,38.0,472.0,279.0,224.0,456.0,19.0,17.0,38.0,,23.0,199.0,2339.0,23.0,42.0,39.0,40.0,360.0,730.0,,14.0,494.0,36.0,16.0,236.0,1324.0,,51.0,51.0,10.0,70.0,,108.0,222.0,65.0,128.0,,11.0
LaLiga Santander,https://www.laliga.com/en-ES/player/djene,1683,djene,Djené Dakonam,Djene,Djené,Dakonam,male,1991-12-31T00:00:00+00:00,Dapaong,72.0,187.0,True,,,TG,Getafe CF,GET,1983-03-30T00:00:00+0000,https://assets.laliga.com/assets/2019/06/07/medium/getafe.png,2.0,Defender,https://assets.laliga.com/squad/2021/t1450/p149838/512x556/p149838_t1450_2021_1_001_000.png,Coliseum Alfonso Pérez,https://assets.laliga.com/assets/2019/06/17/medium/b881ba5a6846e7ccdbc3a6a75a2c5e69.png,85.0,32.0,53.0,35.0,1.0,,0.0,122.0,2.0,5.0,,13.0,,,3.0,,,248.0,98.0,150.0,71.0,640.0,29.0,,35.0,,,1.0,,,37.0,37.0,,,,163.0,66.0,97.0,,,,0.0,45.0,59.0,9.0,1.0,,380.0,1.0,1287.0,,,2.0,,,,,,2.0,,45.0,19.0,222.0,,,178.0,,,,,,,,,1.0,1.0,35.0,1.0,1.0,,,4.0,4.0,18.0,46.0,39.0,,104.0,993.0,394.0,633.0,919.0,18.0,26.0,38.0,1.0,1.0,4.0,3117.0,9.0,105.0,47.0,36.0,358.0,1320.0,1.0,2.0,1023.0,44.0,12.0,297.0,1728.0,,18.0,18.0,,93.0,,162.0,215.0,100.0,135.0,0.0,11.0
LaLiga Santander,https://www.laliga.com/en-ES/player/domingos-d,8650,domingos-d,Domingos de Sousa Coutinho Meneses Duarte,Domingos D.,Domingos de Sousa,Coutinho Meneses Duarte,male,1995-03-10T00:00:00+00:00,Cascais,80.0,192.0,False,,,PT,Granada CF,GRA,1931-01-01T00:00:00+0000,https://assets.laliga.com/assets/2019/06/07/medium/granada.png,22.0,Defender,https://assets.laliga.com/squad/2021/t5683/p200599/512x556/p200599_t5683_2021_1_001_000.png,Nuevo Los Cármenes,https://assets.laliga.com/assets/2019/08/07/medium/4de53714b029bf44d86c53bd0d6835d3.png,64.0,24.0,40.0,21.0,,,1.0,62.0,2.0,20.0,,4.0,1.0,,,,,127.0,53.0,74.0,24.0,341.0,9.0,,21.0,,,,,1.0,31.0,30.0,1.0,1.0,,63.0,29.0,34.0,1.0,1.0,,0.0,30.0,22.0,3.0,,,190.0,,701.0,,,3.0,,,,,,4.0,,14.0,7.0,93.0,,,138.0,,,,,,,,,3.0,1.0,19.0,1.0,2.0,2.0,,,,2.0,14.0,9.0,,72.0,538.0,175.0,390.0,493.0,4.0,14.0,38.0,,1.0,2.0,1689.0,2.0,79.0,24.0,15.0,179.0,731.0,1.0,4.0,565.0,18.0,15.0,166.0,932.0,,1.0,1.0,1.0,39.0,,79.0,118.0,49.0,87.0,0.0,7.0
LaLiga Santander,https://www.laliga.com/en-ES/player/dominik-greif,13052,dominik-greif,Dominik Greif,Greif,Dominik,Greif,male,1997-04-06T00:00:00+00:00,,82.0,197.0,False,,,SK,RCD Mallorca,MLL,1916-03-06T00:00:00+0000,https://assets.laliga.com/assets/2019/06/07/medium/mallorca.png,13.0,Goalkeeper,https://assets.laliga.com/squad/2021/t181/p212873/512x556/p212873_t181_2021_1_001_000.png,Visit Mallorca Estadi,https://assets.laliga.com/assets/2019/08/07/medium/6f67f604b5025b10ef0dc14d700586ae.png,,,,1.0,,,0.0,,,,,,,,,,,,,,,16.0,,,1.0,13.0,3.0,,,,3.0,1.0,2.0,,,,,,,,,0.0,21.0,,,,,6.0,,13.0,,,,,,,,,,,,,10.0,,,3.0,,3.0,,2.0,1.0,1.0,,,,,1.0,,,,,,,,,1.0,,4.0,7.0,1.0,13.0,10.0,,,38.0,,,,90.0,,,,,11.0,25.0,,,14.0,,,11.0,34.0,,,,,7.0,,11.0,8.0,3.0,,0.0,
LaLiga Santander,https://www.laliga.com/en-ES/player/didac,908,didac,Dídac Vilá,Didac,Dídac,Vilá,male,1989-06-09T00:00:00+00:00,Barcelona,74.0,185.0,False,https://twitter.com/didacvila,,ES,RCD Espanyol de Barcelona,ESP,1900-10-23T00:00:00+0000,https://assets.laliga.com/assets/2019/06/07/medium/espanyol.png,17.0,Defender,https://assets.laliga.com/squad/2021/t177/p59790/512x556/p59790_t177_2021_1_001_000.png,RCDE Stadium,https://assets.laliga.com/assets/2019/06/17/medium/306cc02af120e092849ddf38954bcb3e.png,6.0,3.0,3.0,9.0,,,0.0,21.0,,1.0,,,,,,,,27.0,15.0,12.0,7.0,27.0,3.0,,9.0,,,,,,4.0,4.0,,,,21.0,12.0,9.0,,,,0.0,2.0,3.0,3.0,,,3.0,,68.0,,,,,,,,,1.0,,1.0,1.0,8.0,,,19.0,,,,,,,,,,,1.0,,,8.0,,,,1.0,5.0,,,1.0,54.0,25.0,31.0,55.0,2.0,5.0,38.0,,1.0,14.0,197.0,,8.0,7.0,1.0,23.0,70.0,,,56.0,7.0,3.0,14.0,118.0,,2.0,2.0,,3.0,,5.0,13.0,3.0,9.0,0.0,3.0
LaLiga Santander,https://www.laliga.com/en-ES/player/hazard,2407,hazard,Eden Hazard,Hazard,Eden,Hazard,male,1991-01-07T00:00:00+00:00,La Louvière,74.0,175.0,False,,,BE,Real Madrid,RMA,1902-03-06T00:00:00+0000,https://assets.laliga.com/assets/2019/06/07/medium/real-madrid.png,7.0,Forward,https://assets.laliga.com/squad/2021/t186/p42786/512x556/p42786_t186_2021_1_001_000.png,Estadio Santiago Bernabéu,https://assets.laliga.com/assets/2019/06/08/medium/e6695a8184f41deea3ad87dd9c12ab1f.png,7.0,6.0,1.0,18.0,1.0,,0.0,98.0,3.0,,,1.0,,2.0,4.0,,,98.0,36.0,62.0,29.0,70.0,5.0,,18.0,,,1.0,,,10.0,10.0,,,,91.0,30.0,61.0,,,,0.0,53.0,2.0,26.0,,,102.0,4.0,379.0,,,,,,,,,1.0,,7.0,3.0,24.0,,,115.0,,,,,,,,,2.0,7.0,7.0,,6.0,11.0,,2.0,2.0,25.0,16.0,,10.0,6.0,344.0,283.0,69.0,344.0,3.0,3.0,38.0,1.0,,7.0,713.0,17.0,,9.0,30.0,87.0,385.0,,9.0,350.0,6.0,68.0,35.0,543.0,,10.0,10.0,6.0,,,1.0,43.0,2.0,34.0,0.0,2.0
LaLiga Santander,https://www.laliga.com/en-ES/player/e-militao,8867,e-militao,Éder Gabriel Militão,E. Militão,Éder Gabriel,Militão,male,1998-01-18T00:00:00+00:00,Sertãozinho,79.0,186.0,False,,,BR,Real Madrid,RMA,1902-03-06T00:00:00+0000,https://assets.laliga.com/assets/2019/06/07/medium/real-madrid.png,3.0,Defender,https://assets.laliga.com/squad/2021/t186/p218449/512x556/p218449_t186_2021_1_001_000.png,Estadio Santiago Bernabéu,https://assets.laliga.com/assets/2019/06/08/medium/e6695a8184f41deea3ad87dd9c12ab1f.png,124.0,41.0,83.0,34.0,,,0.0,98.0,7.0,20.0,,13.0,,,4.0,,,291.0,108.0,183.0,67.0,605.0,24.0,1.0,34.0,42.0,,2.0,,1.0,30.0,28.0,2.0,1.0,,167.0,67.0,100.0,2.0,1.0,1.0,1.0,70.0,52.0,10.0,,,792.0,1.0,1894.0,,,,,,,,,3.0,,40.0,22.0,204.0,,,498.0,,,,,,,,,18.0,8.0,34.0,,2.0,,,1.0,1.0,11.0,41.0,6.0,,129.0,1684.0,583.0,1197.0,1650.0,18.0,32.0,38.0,5.0,,21.0,3033.0,16.0,105.0,38.0,39.0,268.0,1993.0,,26.0,1779.0,50.0,40.0,214.0,2452.0,,10.0,10.0,9.0,23.0,,99.0,136.0,88.0,115.0,0.0,5.0
LaLiga Santander,https://www.laliga.com/en-ES/player/edgar-badia,4027,edgar-badia,Edgar Badia,Edgar Badia,Edgar,Badia,male,1992-02-12T00:00:00+00:00,Barcelona,70.0,180.0,False,https://twitter.com/edgarbadia,,ES,Elche CF,ELC,1923-03-01T00:00:00+0000,https://assets.laliga.com/assets/2019/06/07/medium/elche.png,13.0,Goalkeeper,https://assets.laliga.com/squad/2021/t954/p110923/512x556/p110923_t954_2021_1_001_000.png,Estadio Martínez Valero,https://assets.laliga.com/assets/2019/08/12/medium/150e2d322086b631feb7ec0016b982f6.png,12.0,3.0,9.0,24.0,,,0.0,,,,16.0,5.0,,,,,1.0,12.0,3.0,9.0,2.0,492.0,,,24.0,239.0,77.0,,,,35.0,34.0,1.0,,,,,,,,,0.0,61.0,,,,,115.0,,369.0,,,,9.0,,1.0,,,7.0,15.0,,,231.0,,,115.0,1.0,79.0,2.0,51.0,28.0,18.0,,,,,24.0,,,,,,,,1.0,54.0,,205.0,255.0,143.0,318.0,256.0,,,38.0,,,,2160.0,,31.0,,1.0,266.0,722.0,,,461.0,,,261.0,963.0,,,,,99.0,,255.0,191.0,70.0,6.0,0.0,2.0
LaLiga Santander,https://www.laliga.com/en-ES/player/edgar-1,9430,edgar-1,Edgar González,Edgar,Edgar,González,male,1997-04-01T00:00:00+00:00,Sant Joan Despí,78.0,193.0,False,,,ES,Real Betis,BET,1907-09-12T00:00:00+0000,https://assets.laliga.com/assets/2019/06/07/medium/betis.png,3.0,Midfielder,https://assets.laliga.com/squad/2021/t185/p469402/512x556/p469402_t185_2021_1_001_000.png,Estadio Benito Villamarín,https://assets.laliga.com/assets/2019/06/17/medium/f211dabccff68741a75d175307d78f59.png,67.0,35.0,32.0,21.0,,,1.0,50.0,,11.0,,4.0,1.0,,1.0,,,131.0,62.0,69.0,30.0,337.0,9.0,,21.0,,,1.0,,1.0,21.0,19.0,2.0,1.0,,64.0,27.0,37.0,1.0,,,0.0,49.0,23.0,2.0,,,233.0,,892.0,,,,,,,,,1.0,,15.0,6.0,70.0,,1.0,282.0,,,,,,,,,4.0,1.0,14.0,,,7.0,,,,4.0,17.0,4.0,1.0,40.0,785.0,201.0,593.0,754.0,6.0,19.0,38.0,1.0,,3.0,1457.0,1.0,81.0,21.0,8.0,118.0,902.0,,5.0,794.0,25.0,6.0,108.0,1097.0,,1.0,1.0,,28.0,,37.0,60.0,49.0,71.0,0.0,6.0
LaLiga Santander,https://www.laliga.com/en-ES/player/edgar,797,edgar,Edgar Méndez,Edgar,Edgar,Méndez,male,1990-01-02T00:00:00+00:00,Santa Cruz de Tenerife,80.0,187.0,False,https://twitter.com/edgarmendez9,,ES,Deportivo Alavés,ALA,1921-01-23T00:00:00+0000,https://assets.laliga.com/assets/2020/09/01/medium/27002754a98bf535807fe49a24cc63ea.png,17.0,Forward,https://assets.laliga.com/squad/2021/t173/p89215/512x556/p89215_t173_2021_1_001_000.png,Mendizorroza,https://assets.laliga.com/assets/2019/06/17/medium/6b906780ba96aa6689192fb9afcaac6b.png,72.0,37.0,35.0,32.0,1.0,,1.0,77.0,4.0,,,,,1.0,6.0,,,244.0,140.0,104.0,57.0,113.0,32.0,,32.0,,,1.0,,1.0,35.0,31.0,4.0,1.0,,172.0,103.0,69.0,2.0,,,0.0,17.0,4.0,17.0,,,133.0,15.0,362.0,,,,,,,,,2.0,,39.0,16.0,73.0,,1.0,50.0,,,,,,,,,13.0,8.0,17.0,,14.0,15.0,,14.0,14.0,14.0,27.0,4.0,1.0,19.0,223.0,164.0,83.0,214.0,11.0,14.0,38.0,1.0,1.0,10.0,1614.0,32.0,16.0,50.0,31.0,269.0,373.0,,21.0,233.0,25.0,40.0,140.0,701.0,,45.0,45.0,12.0,8.0,1.0,24.0,150.0,35.0,116.0,0.0,6.0
LaLiga Santander,https://www.laliga.com/en-ES/player/eduardo-camavinga,12917,eduardo-camavinga,Eduardo Camavinga,Camavinga,Eduardo,Camavinga,male,2002-11-10T00:00:00+00:00,Cabinda,68.0,182.0,False,,,FR,Real Madrid,RMA,1902-03-06T00:00:00+0000,https://assets.laliga.com/assets/2019/06/07/medium/real-madrid.png,25.0,Midfielder,https://assets.laliga.com/squad/2021/t186/p475561/512x556/p475561_t186_2021_1_001_000.png,Estadio Santiago Bernabéu,https://assets.laliga.com/assets/2019/06/08/medium/e6695a8184f41deea3ad87dd9c12ab1f.png,42.0,14.0,28.0,26.0,1.0,,0.0,134.0,2.0,2.0,,2.0,,,2.0,,,217.0,86.0,131.0,29.0,206.0,26.0,,26.0,,,1.0,,2.0,13.0,11.0,2.0,1.0,1.0,175.0,72.0,103.0,,,,2.0,85.0,17.0,13.0,1.0,2.0,284.0,1.0,826.0,,,,,,,,,2.0,,28.0,18.0,85.0,,,218.0,,,,,,,,,5.0,5.0,13.0,,7.0,13.0,,1.0,1.0,22.0,17.0,,8.0,52.0,742.0,434.0,325.0,706.0,17.0,35.0,38.0,6.0,,1.0,1229.0,20.0,12.0,35.0,29.0,127.0,842.0,,10.0,758.0,52.0,23.0,84.0,1091.0,,2.0,2.0,10.0,,1.0,12.0,68.0,18.0,72.0,0.0,9.0
LaLiga Santander,https://www.laliga.com/en-ES/player/e-royal,9680,e-royal,Emerson Aparecido Leite de Souza Junior,E. Royal,Emerson Aparecido,Leite de Souza Junior,male,1999-01-14T00:00:00+00:00,São Paulo,79.0,181.0,False,,,BR,Spurs,TOT,,https://assets.laliga.com/assets/2021/03/11/medium/tottenham.png,12.0,Defender,,Tottenham Hotspur Stadium,,75.0,42.0,33.0,31.0,1.0,,0.0,290.0,4.0,2.0,,5.0,,,16.0,,,303.0,136.0,167.0,63.0,311.0,18.0,,31.0,,,1.0,,1.0,26.0,22.0,4.0,1.0,,228.0,94.0,134.0,,,,1.0,53.0,22.0,27.0,,,485.0,2.0,1120.0,,,,,,,,,1.0,,70.0,23.0,152.0,,1.0,50.0,,,,,,,,,7.0,4.0,26.0,,9.0,5.0,,18.0,18.0,17.0,37.0,2.0,3.0,18.0,920.0,488.0,465.0,917.0,25.0,47.0,38.0,1.0,21.0,217.0,2289.0,35.0,78.0,28.0,45.0,343.0,1136.0,,11.0,935.0,72.0,60.0,201.0,1852.0,,56.0,56.0,17.0,26.0,,41.0,167.0,90.0,160.0,0.0,5.0
LaLiga Santander,https://www.laliga.com/en-ES/player/enes-unal,6199,enes-unal,Enes Ünal,Enes Ünal,Enes,Ünal,male,1997-05-10T00:00:00+00:00,Bursa,78.0,187.0,True,,,TR,Getafe CF,GET,1983-03-30T00:00:00+0000,https://assets.laliga.com/assets/2019/06/07/medium/getafe.png,10.0,Forward,https://assets.laliga.com/squad/2021/t1450/p168636/512x556/p168636_t1450_2021_1_001_000.png,Coliseum Alfonso Pérez,https://assets.laliga.com/assets/2019/06/17/medium/b881ba5a6846e7ccdbc3a6a75a2c5e69.png,312.0,166.0,146.0,37.0,1.0,7.0,6.0,141.0,24.0,5.0,,7.0,,1.0,19.0,,,622.0,347.0,275.0,107.0,209.0,28.0,,37.0,,,1.0,,16.0,35.0,34.0,1.0,14.0,2.0,310.0,181.0,129.0,9.0,4.0,2.0,10.0,59.0,5.0,28.0,,1.0,136.0,14.0,605.0,,,,,,,4.0,2.0,2.0,,44.0,20.0,77.0,,11.0,147.0,,,,,,,,,34.0,28.0,33.0,,19.0,4.0,,3.0,3.0,25.0,54.0,,36.0,9.0,361.0,290.0,102.0,380.0,15.0,22.0,38.0,4.0,1.0,2.0,2809.0,78.0,36.0,77.0,71.0,454.0,633.0,,62.0,389.0,37.0,138.0,244.0,1233.0,1.0,11.0,10.0,23.0,,8.0,6.0,230.0,25.0,238.0,3.0,8.0
LaLiga Santander,https://www.laliga.com/en-ES/player/bardhi,6119,bardhi,Enis Bardhi,Bardhi,Enis,Bardhi,male,1995-07-02T00:00:00+00:00,Skopje,67.0,172.0,True,,,MK,Levante UD,LEV,1909-09-07T00:00:00+0000,https://assets.laliga.com/assets/2019/06/07/medium/levante.png,10.0,Midfielder,https://assets.laliga.com/squad/2021/t855/p196739/512x556/p196739_t855_2021_1_001_000.png,Estadio Ciutat de València,https://assets.laliga.com/assets/2021/07/21/medium/ae79ef9d1c26baf8602706ba1acef94b.png,14.0,8.0,6.0,30.0,2.0,9.0,0.0,133.0,18.0,2.0,,,,52.0,14.0,,,248.0,131.0,117.0,45.0,218.0,22.0,,30.0,,,3.0,,3.0,44.0,39.0,5.0,3.0,,234.0,123.0,111.0,1.0,,2.0,3.0,81.0,10.0,39.0,,1.0,138.0,4.0,608.0,,,1.0,,,,2.0,2.0,3.0,,30.0,11.0,95.0,,2.0,151.0,,,,,,,,,15.0,10.0,17.0,,11.0,13.0,16.0,22.0,2.0,38.0,15.0,2.0,5.0,36.0,462.0,351.0,163.0,456.0,17.0,12.0,38.0,9.0,,15.0,1700.0,68.0,5.0,33.0,44.0,345.0,640.0,,25.0,492.0,29.0,45.0,148.0,1101.0,22.0,65.0,29.0,36.0,5.0,1.0,34.0,182.0,31.0,114.0,0.0,3.0
LaLiga Santander,https://www.laliga.com/en-ES/player/franquesa,12407,franquesa,Enric Franquesa,Franquesa,Enric,Franquesa,male,1997-02-26T00:00:00+00:00,San Cugat del Vallés,70.0,174.0,False,,,ES,Levante UD,LEV,1909-09-07T00:00:00+0000,https://assets.laliga.com/assets/2019/06/07/medium/levante.png,3.0,Midfielder,https://assets.laliga.com/squad/2021/t855/p435031/512x556/p435031_t855_2021_1_001_000.png,Estadio Ciutat de València,https://assets.laliga.com/assets/2021/07/21/medium/ae79ef9d1c26baf8602706ba1acef94b.png,15.0,7.0,8.0,16.0,,,0.0,59.0,1.0,,,1.0,,1.0,6.0,,,62.0,32.0,30.0,8.0,75.0,5.0,,16.0,,,,,,12.0,11.0,1.0,,,47.0,25.0,22.0,,,,0.0,1.0,7.0,3.0,,,6.0,1.0,199.0,,,,,,,,,2.0,,16.0,4.0,28.0,,,59.0,,,,,,,,,,,6.0,,2.0,10.0,,1.0,1.0,10.0,3.0,1.0,,6.0,147.0,75.0,73.0,141.0,2.0,3.0,38.0,,3.0,50.0,616.0,17.0,8.0,7.0,7.0,95.0,199.0,,,147.0,5.0,4.0,52.0,356.0,1.0,9.0,8.0,9.0,7.0,,9.0,38.0,23.0,43.0,0.0,1.0
LaLiga Santander,https://www.laliga.com/en-ES/player/enzo-roco,1509,enzo-roco,Enzo Roco,Roco,Enzo,Roco,male,1992-08-16T00:00:00+00:00,Ovalle,79.0,192.0,True,,,CL,Elche CF,ELC,1923-03-01T00:00:00+0000,https://assets.laliga.com/assets/2019/06/07/medium/elche.png,3.0,Defender,https://assets.laliga.com/squad/2021/t954/p122078/512x556/p122078_t954_2021_1_001_000.png,Estadio Martínez Valero,https://assets.laliga.com/assets/2019/08/12/medium/150e2d322086b631feb7ec0016b982f6.png,88.0,27.0,61.0,30.0,,,0.0,73.0,3.0,27.0,,4.0,1.0,,1.0,,,188.0,79.0,109.0,52.0,446.0,22.0,,30.0,,,,,1.0,40.0,38.0,2.0,1.0,,100.0,52.0,48.0,1.0,,,1.0,49.0,28.0,3.0,1.0,1.0,369.0,1.0,1086.0,,,2.0,,,,,,6.0,,23.0,11.0,149.0,,,264.0,,,,,,,,,5.0,3.0,29.0,,4.0,1.0,,,,5.0,25.0,18.0,,111.0,897.0,247.0,702.0,838.0,16.0,20.0,38.0,,,,2555.0,7.0,108.0,37.0,7.0,231.0,1152.0,,8.0,949.0,36.0,18.0,203.0,1462.0,,1.0,1.0,5.0,42.0,,106.0,125.0,79.0,97.0,0.0,10.0
LaLiga Santander,https://www.laliga.com/en-ES/player/eray-ervin-cumart,4177,eray-ervin-cumart,Eray Cömert,Cömert,Eray,Cömert,male,1998-02-04T00:00:00+00:00,Rheinfelden,80.0,183.0,False,,,CH,Valencia CF,VAL,1919-03-18T00:00:00+0000,https://assets.laliga.com/assets/2019/06/07/medium/valencia.png,24.0,Defender,https://assets.laliga.com/squad/2021/t191/p220327/512x556/p220327_t191_2021_1_001_000.png,Camp de Mestalla,https://assets.laliga.com/assets/2019/06/17/medium/984682326cdbb55f5034778b7690a795.png,9.0,7.0,2.0,8.0,,,0.0,11.0,,2.0,,,,,,,,19.0,12.0,7.0,9.0,61.0,2.0,,8.0,,,,,,6.0,6.0,,,,10.0,5.0,5.0,1.0,,,0.0,16.0,2.0,1.0,1.0,,76.0,,193.0,,,1.0,,,,,,2.0,,1.0,1.0,24.0,,,52.0,,,,,,,,,2.0,1.0,5.0,,3.0,3.0,,,,,3.0,2.0,,17.0,162.0,44.0,125.0,152.0,2.0,3.0,38.0,,1.0,,408.0,,6.0,3.0,,35.0,200.0,,3.0,169.0,5.0,4.0,31.0,228.0,,,,,3.0,,19.0,23.0,8.0,12.0,0.0,2.0
LaLiga Santander,https://www.laliga.com/en-ES/player/eric-garcia,12859,eric-garcia,Eric García,Eric,Eric,García,male,2001-01-09T00:00:00+00:00,,76.0,182.0,False,,,ES,FC Barcelona,BAR,1899-11-29T00:00:00+0000,https://assets.laliga.com/assets/2019/06/07/medium/barcelona.png,24.0,Defender,https://assets.laliga.com/squad/2021/t178/p432656/512x556/p432656_t178_2021_1_001_000.png,Camp Nou,https://assets.laliga.com/assets/2019/06/17/medium/0623ce55ec3ee4e439ed6d24fe2ba77b.png,53.0,21.0,32.0,26.0,,,0.0,86.0,2.0,12.0,,5.0,1.0,,3.0,,,137.0,71.0,66.0,56.0,544.0,13.0,,26.0,4.0,,,,,20.0,19.0,1.0,,,84.0,50.0,34.0,1.0,,,0.0,62.0,44.0,4.0,1.0,,525.0,2.0,1628.0,,,1.0,,,,,,2.0,,17.0,10.0,95.0,,,517.0,,,,,,,,,,4.0,23.0,1.0,6.0,3.0,,,,2.0,29.0,8.0,,86.0,1515.0,671.0,887.0,1472.0,9.0,18.0,38.0,2.0,4.0,10.0,2041.0,2.0,47.0,34.0,5.0,135.0,1672.0,1.0,4.0,1558.0,27.0,10.0,114.0,1883.0,,2.0,2.0,1.0,12.0,,37.0,73.0,43.0,77.0,0.0,5.0
LaLiga Santander,https://www.laliga.com/en-ES/player/cabaco,6313,cabaco,Erick Cabaco,Cabaco,Erick,Cabaco,male,1995-04-19T00:00:00+00:00,Montevideo,84.0,185.0,False,,,UY,Getafe CF,GET,1983-03-30T00:00:00+0000,https://assets.laliga.com/assets/2019/06/07/medium/getafe.png,3.0,Defender,https://assets.laliga.com/squad/2021/t1450/p169586/512x556/p169586_t1450_2021_1_001_000.png,Coliseum Alfonso Pérez,https://assets.laliga.com/assets/2019/06/17/medium/b881ba5a6846e7ccdbc3a6a75a2c5e69.png,14.0,6.0,8.0,10.0,1.0,,0.0,4.0,,2.0,,,,,,,,29.0,15.0,14.0,4.0,105.0,4.0,,10.0,,,1.0,,,5.0,4.0,1.0,,,15.0,9.0,6.0,1.0,,,0.0,13.0,4.0,1.0,,,25.0,,164.0,,1.0,,,,,,,1.0,,5.0,3.0,14.0,,,35.0,,,,,,,,,1.0,,5.0,,4.0,5.0,,,,,3.0,3.0,,16.0,108.0,51.0,61.0,96.0,1.0,1.0,38.0,,,3.0,403.0,,8.0,7.0,4.0,59.0,169.0,,1.0,112.0,2.0,2.0,57.0,207.0,,1.0,1.0,,13.0,,34.0,43.0,15.0,23.0,0.0,3.0
LaLiga Santander,https://www.laliga.com/en-ES/player/erik-lamela,2881,erik-lamela,Erik Lamela,E. Lamela,Erik,Lamela,male,1992-03-04T00:00:00+00:00,Florida,79.0,181.0,False,,,AR,Sevilla FC,SEV,1905-10-14T00:00:00+0000,https://assets.laliga.com/assets/2019/06/07/medium/sevilla.png,17.0,Midfielder,https://assets.laliga.com/squad/2021/t179/p62974/512x556/p62974_t179_2021_1_001_000.png,Ramón Sánchez-Pizjuán,https://assets.laliga.com/assets/2021/01/20/medium/5a52ab192cd4e4b1cc3e3a752d99c4e8.png,22.0,12.0,10.0,20.0,2.0,,2.0,125.0,3.0,,,1.0,,7.0,3.0,,,169.0,97.0,72.0,40.0,108.0,14.0,,20.0,,,2.0,,5.0,5.0,4.0,1.0,4.0,1.0,147.0,85.0,62.0,,,1.0,3.0,75.0,5.0,19.0,,4.0,169.0,5.0,462.0,,,,,,,,,,,24.0,11.0,54.0,,1.0,66.0,,,,,,,,,6.0,12.0,10.0,,8.0,10.0,1.0,4.0,3.0,18.0,18.0,,12.0,12.0,399.0,289.0,119.0,392.0,13.0,18.0,38.0,4.0,,2.0,1014.0,45.0,2.0,21.0,13.0,155.0,468.0,,18.0,404.0,31.0,52.0,64.0,696.0,4.0,11.0,5.0,16.0,,2.0,1.0,57.0,18.0,63.0,1.0,5.0
LaLiga Santander,https://www.laliga.com/en-ES/player/estanis-pedrola,25355,estanis-pedrola,Estanislau Pedrola Fortuny,Estanis,Estanislau,Pedrola Fortuny,male,2003-08-24T00:00:00+00:00,,,,False,,,ES,FC Barcelona,BAR,1899-11-29T00:00:00+0000,https://assets.laliga.com/assets/2019/06/07/medium/barcelona.png,39.0,Forward,,Camp Nou,https://assets.laliga.com/assets/2019/06/17/medium/0623ce55ec3ee4e439ed6d24fe2ba77b.png,2.0,2.0,,1.0,,,0.0,,,,,,,,,,,4.0,3.0,1.0,,,,,1.0,,,,,,,,,,,2.0,1.0,1.0,,,,0.0,22.0,,,,,1.0,,1.0,,,,,,,,,,,,,,,,,,,,,,,,,,,,,,1.0,,,,,,,,,,,,,,1.0,38.0,,,,10.0,,,1.0,,2.0,1.0,,,,1.0,,1.0,4.0,,,,,,,,,1.0,1.0,0.0,
LaLiga Santander,https://www.laliga.com/en-ES/player/e-saveljilch,4303,e-saveljilch,Esteban Saveljich,E. Saveljilch,Esteban,Saveljich,male,1991-05-20T00:00:00+00:00,Tandil,80.0,187.0,False,,,ME,Rayo Vallecano,RAY,1924-05-20T00:00:00+0000,https://assets.laliga.com/assets/2019/06/07/medium/rayo.png,24.0,Defender,https://assets.laliga.com/squad/2021/t184/p119138/512x556/p119138_t184_2021_1_001_000.png,Estadio de Vallecas,https://assets.laliga.com/assets/2019/08/12/medium/b86a37d70be8931c079066cc8c48817f.png,93.0,37.0,56.0,21.0,,,0.0,52.0,1.0,12.0,,5.0,,,,,,144.0,68.0,76.0,20.0,206.0,10.0,,21.0,,,,,,20.0,18.0,2.0,,,51.0,31.0,20.0,,,,0.0,25.0,16.0,1.0,,,212.0,3.0,578.0,,,1.0,,,,,,4.0,,13.0,8.0,56.0,,,129.0,,,,,,,,,5.0,3.0,21.0,,9.0,,,1.0,1.0,,11.0,8.0,,33.0,476.0,110.0,385.0,461.0,7.0,11.0,38.0,,,3.0,1707.0,3.0,66.0,23.0,2.0,113.0,599.0,,8.0,494.0,18.0,12.0,105.0,779.0,,,,1.0,24.0,,52.0,65.0,40.0,53.0,0.0,4.0
LaLiga Santander,https://www.laliga.com/en-ES/player/capoue,11014,capoue,Étienne Capoue,Capoue,Etienne,Capoue,male,1988-07-11T00:00:00+00:00,,80.0,189.0,False,,,FR,Villarreal CF,VIL,1923-03-10T00:00:00+0000,https://assets.laliga.com/assets/2019/06/07/medium/villarreal.png,6.0,Midfielder,https://assets.laliga.com/squad/2021/t449/p38439/512x556/p38439_t449_2021_1_001_000.png,Estadio de la Cerámica,https://assets.laliga.com/assets/2019/10/03/medium/ac940b8f6681d614e337d20d5bf7f0a8.png,77.0,24.0,53.0,30.0,1.0,,1.0,187.0,3.0,5.0,,6.0,,,5.0,,,289.0,108.0,181.0,64.0,369.0,22.0,,30.0,,,1.0,,1.0,23.0,19.0,4.0,,1.0,212.0,84.0,128.0,1.0,,,0.0,52.0,35.0,4.0,,,394.0,,1282.0,,,,,,,,,2.0,,24.0,12.0,135.0,,1.0,365.0,,,,,,,,,6.0,5.0,26.0,,11.0,4.0,,1.0,1.0,41.0,35.0,1.0,9.0,57.0,1131.0,623.0,540.0,1105.0,18.0,26.0,38.0,7.0,,4.0,2295.0,28.0,51.0,44.0,44.0,221.0,1315.0,,11.0,1162.0,44.0,16.0,153.0,1682.0,,4.0,4.0,14.0,8.0,,38.0,117.0,40.0,115.0,0.0,9.0
LaLiga Santander,https://www.laliga.com/en-ES/player/ezequiel-ponce,4626,ezequiel-ponce,Ezequiel Ponce,Eze. Ponce,Ezequiel,Ponce,male,1997-03-29T00:00:00+00:00,Rosario,80.0,180.0,False,https://twitter.com/ezeeponce,https://instagram.com/ezeeponce,AR,Elche CF,ELC,1923-03-01T00:00:00+0000,https://assets.laliga.com/assets/2019/06/07/medium/elche.png,18.0,Forward,https://assets.laliga.com/squad/2021/t954/p172845/512x556/p172845_t954_2021_1_001_000.png,Estadio Martínez Valero,https://assets.laliga.com/assets/2019/08/12/medium/150e2d322086b631feb7ec0016b982f6.png,42.0,25.0,17.0,13.0,,,0.0,58.0,6.0,,,2.0,,,6.0,,,123.0,76.0,47.0,28.0,30.0,4.0,,13.0,,,,,1.0,7.0,7.0,,1.0,,81.0,51.0,30.0,1.0,,,1.0,77.0,1.0,7.0,,1.0,32.0,6.0,150.0,,,,,,,,,2.0,,11.0,5.0,29.0,,,37.0,,,,,,,,,4.0,5.0,5.0,1.0,2.0,8.0,,,,14.0,13.0,,11.0,8.0,115.0,76.0,46.0,114.0,1.0,4.0,38.0,1.0,,1.0,662.0,31.0,6.0,14.0,11.0,95.0,157.0,1.0,9.0,122.0,5.0,34.0,35.0,294.0,,6.0,6.0,11.0,,1.0,1.0,37.0,4.0,34.0,1.0,1.0
LaLiga Santander,https://www.laliga.com/en-ES/player/facundo-pellistri,15156,facundo-pellistri,Facundo Pellistri,Pellistri,Facundo,Pellistri,male,2001-12-20T00:00:00+00:00,Montevideo,69.0,175.0,False,,,UY,Deportivo Alavés,ALA,1921-01-23T00:00:00+0000,https://assets.laliga.com/assets/2020/09/01/medium/27002754a98bf535807fe49a24cc63ea.png,18.0,Forward,https://assets.laliga.com/squad/2021/t173/p488404/512x556/p488404_t173_2021_1_001_000.png,Mendizorroza,https://assets.laliga.com/assets/2019/06/17/medium/6b906780ba96aa6689192fb9afcaac6b.png,26.0,18.0,8.0,21.0,,,0.0,43.0,4.0,2.0,,,,,6.0,,,111.0,63.0,48.0,28.0,38.0,5.0,,21.0,,,,,,10.0,10.0,,,,85.0,45.0,40.0,,,,0.0,47.0,6.0,6.0,,,39.0,3.0,131.0,,,,,,,,,,,19.0,11.0,33.0,,,15.0,,,,,,,,,1.0,2.0,6.0,,6.0,15.0,,1.0,1.0,11.0,12.0,1.0,2.0,1.0,100.0,71.0,34.0,103.0,4.0,5.0,38.0,,,,663.0,28.0,5.0,8.0,20.0,98.0,135.0,,3.0,104.0,9.0,22.0,31.0,295.0,,12.0,12.0,15.0,3.0,1.0,5.0,36.0,7.0,26.0,0.0,
LaLiga Santander,https://www.laliga.com/en-ES/player/fali,1943,fali,Rafael Jiménez Jarque,Fali,Rafael,Jiménez Jarque,male,1993-08-12T00:00:00+00:00,Valencia,84.0,186.0,False,,,ES,Cádiz CF,CAD,1910-09-10T00:00:00+0000,https://assets.laliga.com/assets/2019/06/07/medium/cadiz.png,3.0,Defender,https://assets.laliga.com/squad/2021/t1737/p213118/512x556/p213118_t1737_2021_1_001_000.png,Estadio Nuevo Mirandilla,https://assets.laliga.com/assets/2019/08/12/medium/ec810605f774c1a9a3ed75de01826124.png,57.0,26.0,31.0,28.0,1.0,2.0,0.0,47.0,4.0,16.0,,2.0,,,4.0,,,138.0,63.0,75.0,30.0,272.0,8.0,,28.0,,,2.0,,,24.0,23.0,1.0,,,81.0,37.0,44.0,,,1.0,0.0,22.0,24.0,5.0,,,171.0,,641.0,,,,,,,,,5.0,,12.0,10.0,110.0,,,174.0,,,,,,,,,10.0,,23.0,,12.0,5.0,,2.0,2.0,1.0,13.0,5.0,,55.0,489.0,154.0,357.0,454.0,13.0,19.0,38.0,3.0,4.0,9.0,1810.0,3.0,78.0,19.0,11.0,184.0,664.0,,10.0,509.0,32.0,13.0,155.0,927.0,,9.0,9.0,,55.0,,97.0,116.0,48.0,58.0,0.0,6.0
LaLiga Santander,https://www.laliga.com/en-ES/player/fede-s,1613,fede-s,Federico San Emeterio Díaz,Fede S.,Federico,San Emeterio Díaz,male,1997-03-16T00:00:00+00:00,Sierra de Ibio,68.0,174.0,False,,https://instagram.com/fedesanemeterio/,ES,Cádiz CF,CAD,1910-09-10T00:00:00+0000,https://assets.laliga.com/assets/2019/06/07/medium/cadiz.png,24.0,Midfielder,https://assets.laliga.com/squad/2021/t1737/p178092/512x556/p178092_t1737_2021_1_001_000.png,Estadio Nuevo Mirandilla,https://assets.laliga.com/assets/2019/08/12/medium/ec810605f774c1a9a3ed75de01826124.png,16.0,5.0,11.0,12.0,,,0.0,56.0,,,,1.0,,,,,,80.0,43.0,37.0,23.0,102.0,19.0,,12.0,,,,,,10.0,8.0,2.0,,,64.0,38.0,26.0,1.0,,,0.0,15.0,8.0,3.0,,,86.0,,343.0,,,,,,,,,2.0,,15.0,5.0,46.0,,,103.0,,,,,,,,,,,10.0,,8.0,2.0,,,,,13.0,,2.0,17.0,277.0,124.0,157.0,264.0,11.0,5.0,38.0,2.0,,,836.0,3.0,5.0,26.0,10.0,77.0,347.0,,,281.0,16.0,1.0,66.0,417.0,,,,2.0,5.0,,13.0,39.0,27.0,53.0,0.0,3.0
LaLiga Santander,https://www.laliga.com/en-ES/player/valverde-1,6130,valverde-1,Federico Valverde,Valverde,Federico,Valverde,male,1998-07-22T00:00:00+00:00,Montevideo,78.0,182.0,True,,https://instagram.com/fede.valverde,UY,Real Madrid,RMA,1902-03-06T00:00:00+0000,https://assets.laliga.com/assets/2019/06/07/medium/real-madrid.png,15.0,Midfielder,https://assets.laliga.com/squad/2021/t186/p223255/512x556/p223255_t186_2021_1_001_000.png,Estadio Santiago Bernabéu,https://assets.laliga.com/assets/2019/06/08/medium/e6695a8184f41deea3ad87dd9c12ab1f.png,23.0,8.0,15.0,31.0,1.0,,0.0,181.0,6.0,5.0,,4.0,,1.0,14.0,,,163.0,71.0,92.0,50.0,294.0,14.0,,31.0,,,1.0,,,19.0,17.0,2.0,,,140.0,63.0,77.0,,,3.0,0.0,45.0,24.0,23.0,,,433.0,6.0,1138.0,,,,,,,,,1.0,,38.0,18.0,127.0,,,240.0,,,,,,,,,19.0,9.0,19.0,,9.0,12.0,,,,32.0,24.0,2.0,15.0,48.0,1020.0,699.0,331.0,982.0,20.0,16.0,38.0,4.0,,9.0,1832.0,27.0,10.0,17.0,9.0,199.0,1148.0,,28.0,1030.0,36.0,41.0,118.0,1442.0,,20.0,20.0,18.0,10.0,,27.0,112.0,26.0,91.0,0.0,2.0
LaLiga Santander,https://www.laliga.com/en-ES/player/felipe-1,4822,felipe-1,Felipe Augusto de Almeida Monteiro,Felipe,Felipe Augusto,de Almeida Monteiro,male,1989-05-16T00:00:00+00:00,Mogi das Cruzes,83.0,190.0,False,,,BR,Atlético de Madrid,ATM,1903-04-26T00:00:00+0000,https://assets.laliga.com/assets/2019/06/07/medium/atletico.png,18.0,Defender,https://assets.laliga.com/squad/2021/t175/p116404/512x556/p116404_t175_2021_1_001_000.png,Wanda Metropolitano,https://assets.laliga.com/assets/2019/06/17/medium/935f92c15c4d3442ef3f6d843beba0e1.png,75.0,30.0,45.0,26.0,1.0,,1.0,31.0,,11.0,,1.0,,,1.0,,,143.0,62.0,81.0,30.0,264.0,14.0,,26.0,,,1.0,,2.0,25.0,19.0,6.0,2.0,,68.0,32.0,36.0,1.0,2.0,1.0,1.0,35.0,28.0,4.0,,,224.0,2.0,745.0,,,,,,,,,5.0,,16.0,6.0,100.0,,,252.0,,,,,,,,,7.0,4.0,15.0,1.0,1.0,11.0,,,,2.0,14.0,5.0,,40.0,613.0,210.0,421.0,591.0,5.0,15.0,38.0,,2.0,1.0,1499.0,3.0,75.0,21.0,14.0,159.0,771.0,1.0,11.0,631.0,20.0,21.0,140.0,986.0,,,,1.0,32.0,,64.0,79.0,61.0,76.0,1.0,5.0
LaLiga Santander,https://www.laliga.com/en-ES/player/f-mendy,7034,f-mendy,Ferland Mendy,F. Mendy,Ferland,Mendy,male,1995-06-08T00:00:00+00:00,Meulan-En-Yvelines,73.0,180.0,False,,,FR,Real Madrid,RMA,1902-03-06T00:00:00+0000,https://assets.laliga.com/assets/2019/06/07/medium/real-madrid.png,23.0,Defender,https://assets.laliga.com/squad/2021/t186/p206255/512x556/p206255_t186_2021_1_001_000.png,Estadio Santiago Bernabéu,https://assets.laliga.com/assets/2019/06/08/medium/e6695a8184f41deea3ad87dd9c12ab1f.png,24.0,13.0,11.0,22.0,1.0,,1.0,234.0,3.0,2.0,,5.0,,,12.0,,,158.0,64.0,94.0,32.0,364.0,12.0,1.0,22.0,,,1.0,,2.0,12.0,11.0,1.0,2.0,,134.0,51.0,83.0,,,,1.0,68.0,18.0,19.0,,1.0,97.0,3.0,1173.0,,,1.0,,,,,,1.0,,28.0,6.0,98.0,,1.0,491.0,,,,,,,,,4.0,5.0,20.0,,6.0,2.0,,4.0,4.0,35.0,17.0,,3.0,27.0,1079.0,646.0,449.0,1064.0,10.0,14.0,38.0,1.0,4.0,131.0,1738.0,30.0,20.0,15.0,24.0,179.0,1186.0,,9.0,1091.0,24.0,41.0,95.0,1614.0,,24.0,24.0,17.0,2.0,1.0,12.0,90.0,29.0,83.0,1.0,4.0
LaLiga Santander,https://www.laliga.com/en-ES/player/fernando-2,2577,fernando-2,Fernando Francisco Reges,Fernando,Fernando Francisco,Reges,male,1987-07-25T00:00:00+00:00,Brasília,76.0,183.0,False,,,BR,Sevilla FC,SEV,1905-10-14T00:00:00+0000,https://assets.laliga.com/assets/2019/06/07/medium/sevilla.png,25.0,Midfielder,https://assets.laliga.com/squad/2021/t179/p52538/512x556/p52538_t179_2021_1_001_000.png,Ramón Sánchez-Pizjuán,https://assets.laliga.com/assets/2021/01/20/medium/5a52ab192cd4e4b1cc3e3a752d99c4e8.png,80.0,45.0,35.0,24.0,1.0,,0.0,143.0,2.0,13.0,,7.0,,,,,,168.0,91.0,77.0,46.0,297.0,13.0,,24.0,,,1.0,,1.0,17.0,13.0,4.0,1.0,,88.0,46.0,42.0,1.0,,,1.0,45.0,29.0,5.0,,,442.0,1.0,1212.0,,,,,,,,,1.0,,16.0,8.0,131.0,,1.0,362.0,,,,,,,,,3.0,1.0,21.0,,4.0,3.0,,,,7.0,27.0,8.0,11.0,104.0,1081.0,416.0,694.0,1006.0,7.0,17.0,38.0,2.0,,5.0,1850.0,10.0,31.0,16.0,11.0,172.0,1244.0,,4.0,1110.0,24.0,10.0,134.0,1451.0,,1.0,1.0,4.0,18.0,1.0,50.0,84.0,51.0,84.0,0.0,6.0
LaLiga Santander,https://www.laliga.com/en-ES/player/calero,5480,calero,Fernando Calero,Calero,Fernando,Calero,male,1995-09-14T00:00:00+00:00,Boecillo,71.0,183.0,False,,,ES,RCD Espanyol de Barcelona,ESP,1900-10-23T00:00:00+0000,https://assets.laliga.com/assets/2019/06/07/medium/espanyol.png,5.0,Defender,https://assets.laliga.com/squad/2021/t177/p241869/512x556/p241869_t177_2021_1_001_000.png,RCDE Stadium,https://assets.laliga.com/assets/2019/06/17/medium/306cc02af120e092849ddf38954bcb3e.png,43.0,22.0,21.0,16.0,,,0.0,29.0,,2.0,,3.0,,,1.0,,,86.0,38.0,48.0,19.0,259.0,4.0,,16.0,,,,,,17.0,17.0,,,,43.0,16.0,27.0,1.0,,,0.0,53.0,16.0,2.0,,,223.0,,587.0,,,1.0,,,,,,3.0,,10.0,5.0,46.0,,,109.0,,,,,,,,,1.0,,13.0,,5.0,3.0,,,,4.0,13.0,4.0,,35.0,488.0,186.0,330.0,481.0,7.0,10.0,38.0,,,12.0,1089.0,2.0,62.0,10.0,6.0,115.0,620.0,,1.0,516.0,17.0,4.0,104.0,776.0,,,,1.0,23.0,,57.0,70.0,34.0,47.0,0.0,3.0
LaLiga Santander,https://www.laliga.com/en-ES/player/medrano,12697,medrano,Fernando Medrano,Medrano,Fernando,Medrano,male,2000-03-26T00:00:00+00:00,,,,False,,,ES,RC Celta,CEL,1923-08-23T00:00:00+0000,https://assets.laliga.com/assets/2019/06/07/medium/celta.png,34.0,Defender,https://assets.laliga.com/squad/2021/t176/p439321/512x556/p439321_t176_2021_1_001_000.png,Estadio ABANCA Balaídos,https://assets.laliga.com/assets/2019/06/17/medium/0aef263ef366bd0b81369408adb27cd6.png,,,,,,,,,,,,,,,,,,,,,,,,,,,,,,,,,,,,,,,,,,,,,,,,,,,,,,,,,,,,,,,,,,,,,,,,,,,,,,,,,,,,,,,,,,,,,,,38.0,,,,,,,,,,,,,,,,,,,,,,,,,,,,,
LaLiga Santander,https://www.laliga.com/en-ES/player/fer-nino,14508,fer-nino,Fernando Niño,F. Niño,Fernando,Niño,male,2000-10-24T00:00:00+00:00,Rota,,,False,,,ES,RCD Mallorca,MLL,1916-03-06T00:00:00+0000,https://assets.laliga.com/assets/2019/06/07/medium/mallorca.png,26.0,Forward,https://assets.laliga.com/squad/2021/t181/p502290/512x556/p502290_t181_2021_1_001_000.png,Visit Mallorca Estadi,https://assets.laliga.com/assets/2019/08/07/medium/6f67f604b5025b10ef0dc14d700586ae.png,99.0,52.0,47.0,23.0,,,1.0,73.0,3.0,2.0,,,,,3.0,,,182.0,98.0,84.0,27.0,48.0,6.0,1.0,23.0,,,,,2.0,20.0,16.0,4.0,2.0,,83.0,46.0,37.0,3.0,,,1.0,72.0,3.0,9.0,,,35.0,3.0,192.0,,,,,,,,,3.0,,11.0,7.0,31.0,,2.0,56.0,,,,,,,,,7.0,13.0,9.0,,7.0,14.0,,1.0,1.0,9.0,9.0,,9.0,1.0,124.0,92.0,53.0,143.0,6.0,4.0,38.0,1.0,,,879.0,21.0,13.0,18.0,19.0,117.0,212.0,,20.0,144.0,10.0,40.0,68.0,371.0,,,,7.0,1.0,5.0,2.0,48.0,20.0,66.0,1.0,2.0
LaLiga Santander,https://www.laliga.com/en-ES/player/pacheco-2,982,pacheco-2,Fernando Pacheco,Pacheco,Fernando,Pacheco,male,1992-05-18T00:00:00+00:00,Badajoz,81.0,186.0,False,https://twitter.com/92pacheco,,ES,Deportivo Alavés,ALA,1921-01-23T00:00:00+0000,https://assets.laliga.com/assets/2020/09/01/medium/27002754a98bf535807fe49a24cc63ea.png,1.0,Goalkeeper,https://assets.laliga.com/squad/2021/t173/p91406/512x556/p91406_t173_2021_1_001_000.png,Mendizorroza,https://assets.laliga.com/assets/2019/06/17/medium/6b906780ba96aa6689192fb9afcaac6b.png,5.0,,5.0,34.0,,,0.0,,,,20.0,5.0,,,,1.0,4.0,8.0,,8.0,4.0,746.0,,,34.0,276.0,117.0,,5.0,,60.0,54.0,6.0,,,3.0,,3.0,,,,0.0,48.0,,2.0,,,71.0,,379.0,,,,8.0,,3.0,,,5.0,7.0,,,270.0,,,127.0,3.0,89.0,,66.0,22.0,33.0,,,,,34.0,,1.0,,,,,,3.0,97.0,,361.0,249.0,289.0,275.0,203.0,1.0,1.0,38.0,,,,3054.0,,25.0,,1.0,385.0,944.0,,,564.0,2.0,,380.0,1186.0,,,,,154.0,,377.0,333.0,47.0,3.0,0.0,1.0
LaLiga Santander,https://www.laliga.com/en-ES/player/ferran-1,9522,ferran-1,Ferran Jutglà,Ferran,Ferran,Jutglà,male,1999-02-01T00:00:00+00:00,,,,False,,,ES,FC Barcelona,BAR,1899-11-29T00:00:00+0000,https://assets.laliga.com/assets/2019/06/07/medium/barcelona.png,29.0,Forward,https://assets.laliga.com/squad/2021/t178/p464575/512x556/p464575_t178_2021_1_001_000.png,Camp Nou,https://assets.laliga.com/assets/2019/06/17/medium/0623ce55ec3ee4e439ed6d24fe2ba77b.png,10.0,4.0,6.0,6.0,,,0.0,51.0,1.0,,,1.0,,,2.0,,,31.0,15.0,16.0,6.0,14.0,3.0,,6.0,,,,,1.0,3.0,3.0,,1.0,,21.0,11.0,10.0,,1.0,,1.0,50.0,1.0,2.0,,,6.0,1.0,107.0,,,,,,,,,,,6.0,2.0,9.0,,,42.0,,,,,,,,,5.0,4.0,4.0,,3.0,2.0,,2.0,2.0,2.0,4.0,,8.0,3.0,90.0,63.0,35.0,93.0,1.0,1.0,38.0,,,2.0,303.0,6.0,1.0,4.0,6.0,33.0,113.0,,9.0,96.0,2.0,14.0,17.0,166.0,,4.0,4.0,3.0,1.0,,1.0,18.0,3.0,16.0,0.0,1.0
LaLiga Santander,https://www.laliga.com/en-ES/player/ferran,7279,ferran,Ferrán Torres,Ferran,Ferran,Torres,male,2000-02-29T00:00:00+00:00,Foios,77.0,184.0,False,,https://instagram.com/ferrantorres7/,ES,FC Barcelona,BAR,1899-11-29T00:00:00+0000,https://assets.laliga.com/assets/2019/06/07/medium/barcelona.png,19.0,Midfielder,https://assets.laliga.com/squad/2021/t178/p224444/512x556/p224444_t178_2021_1_001_000.png,Camp Nou,https://assets.laliga.com/assets/2019/06/17/medium/0623ce55ec3ee4e439ed6d24fe2ba77b.png,27.0,15.0,12.0,18.0,3.0,3.0,2.0,193.0,12.0,3.0,,5.0,,2.0,13.0,,,125.0,70.0,55.0,35.0,88.0,5.0,,18.0,,,4.0,,4.0,11.0,10.0,1.0,4.0,,98.0,55.0,43.0,2.0,,,2.0,81.0,6.0,8.0,,,81.0,16.0,558.0,,,,,,,1.0,1.0,2.0,,21.0,9.0,44.0,,4.0,210.0,,,,,,,,,21.0,19.0,17.0,,7.0,1.0,,,,13.0,13.0,,8.0,24.0,470.0,350.0,134.0,460.0,5.0,5.0,38.0,,,5.0,1417.0,44.0,5.0,9.0,20.0,191.0,572.0,,40.0,484.0,10.0,94.0,88.0,827.0,,7.0,7.0,24.0,1.0,2.0,4.0,80.0,15.0,84.0,1.0,1.0
LaLiga Santander,https://www.laliga.com/en-ES/player/ferran-quetglas,25294,ferran-quetglas,Ferrán Quetglás,F. Quetglas,Ferrán,Quetglás,male,2005-06-06T00:00:00+00:00,,,,False,,,ES,RCD Mallorca,MLL,1916-03-06T00:00:00+0000,https://assets.laliga.com/assets/2019/06/07/medium/mallorca.png,30.0,Goalkeeper,,Visit Mallorca Estadi,https://assets.laliga.com/assets/2019/08/07/medium/6f67f604b5025b10ef0dc14d700586ae.png,,,,,,,,,,,,,,,,,,,,,,,,,,,,,,,,,,,,,,,,,,,,,,,,,,,,,,,,,,,,,,,,,,,,,,,,,,,,,,,,,,,,,,,,,,,,,,,38.0,,,,,,,,,,,,,,,,,,,,,,,,,,,,,
LaLiga Santander,https://www.laliga.com/en-ES/player/fidel,947,fidel,Fidel Chaves de la Torre,Fidel,Fidel,Chaves de la Torre,male,1989-10-27T00:00:00+00:00,Minas de Riotinto,74.0,180.0,False,,,ES,Elche CF,ELC,1923-03-01T00:00:00+0000,https://assets.laliga.com/assets/2019/06/07/medium/elche.png,16.0,Forward,https://assets.laliga.com/squad/2021/t954/p83553/512x556/p83553_t954_2021_1_001_000.png,Estadio Martínez Valero,https://assets.laliga.com/assets/2019/08/12/medium/150e2d322086b631feb7ec0016b982f6.png,27.0,21.0,6.0,33.0,5.0,1.0,2.0,191.0,5.0,1.0,,2.0,,50.0,15.0,,,279.0,156.0,123.0,52.0,373.0,7.0,,33.0,,,6.0,,5.0,31.0,27.0,4.0,5.0,,252.0,135.0,117.0,4.0,1.0,1.0,3.0,34.0,7.0,34.0,,4.0,158.0,7.0,959.0,,,1.0,,,,1.0,1.0,2.0,,53.0,8.0,141.0,,,252.0,,,,,,,,,5.0,8.0,29.0,,22.0,4.0,10.0,25.0,10.0,44.0,28.0,1.0,11.0,38.0,754.0,502.0,290.0,729.0,21.0,23.0,38.0,5.0,2.0,10.0,2280.0,71.0,18.0,26.0,29.0,449.0,974.0,,13.0,767.0,44.0,54.0,207.0,1482.0,37.0,93.0,46.0,31.0,5.0,,28.0,256.0,44.0,179.0,1.0,9.0
LaLiga Santander,https://www.laliga.com/en-ES/player/jorgensen,14671,jorgensen,Filip Jörgensen,Jörgensen,Filip,Jörgensen,male,2002-04-16T00:00:00+00:00,Lomma,,,False,,,DK,Villarreal CF,VIL,1923-03-10T00:00:00+0000,https://assets.laliga.com/assets/2019/06/07/medium/villarreal.png,35.0,Goalkeeper,https://assets.laliga.com/squad/2021/t449/p508479/512x556/p508479_t449_2021_1_001_000.png,Estadio de la Cerámica,https://assets.laliga.com/assets/2019/10/03/medium/ac940b8f6681d614e337d20d5bf7f0a8.png,,,,,,,,,,,,,,,,,,,,,,,,,,,,,,,,,,,,,,,,,,,,,,,,,,,,,,,,,,,,,,,,,,,,,,,,,,,,,,,,,,,,,,,,,,,,,,,38.0,,,,,,,,,,,,,,,,,,,,,,,,,,,,,
LaLiga Santander,https://www.laliga.com/en-ES/player/florentino-luis,9709,florentino-luis,Florentino Ibrain Morris Luís,Florentino,Florentino Ibrain,Morris Luís,male,1999-08-19T00:00:00+00:00,Lisbon,73.0,183.0,False,,,PT,Getafe CF,GET,1983-03-30T00:00:00+0000,https://assets.laliga.com/assets/2019/06/07/medium/getafe.png,5.0,Midfielder,https://assets.laliga.com/squad/2021/t1450/p216055/512x556/p216055_t1450_2021_1_001_000.png,Coliseum Alfonso Pérez,https://assets.laliga.com/assets/2019/06/17/medium/b881ba5a6846e7ccdbc3a6a75a2c5e69.png,40.0,23.0,17.0,22.0,1.0,,0.0,69.0,1.0,2.0,,1.0,,,1.0,,,139.0,71.0,68.0,35.0,143.0,12.0,,22.0,,,1.0,,,15.0,15.0,,,,99.0,48.0,51.0,1.0,,1.0,0.0,35.0,21.0,8.0,,,122.0,,425.0,,,,,,,,,,,31.0,19.0,70.0,,,98.0,,,,,,,,,1.0,1.0,9.0,,5.0,13.0,,,,7.0,22.0,1.0,4.0,21.0,335.0,172.0,169.0,320.0,17.0,25.0,38.0,2.0,,,984.0,14.0,11.0,18.0,2.0,125.0,432.0,,2.0,341.0,42.0,6.0,91.0,601.0,,2.0,2.0,4.0,7.0,,13.0,56.0,37.0,78.0,0.0,2.0
LaLiga Santander,https://www.laliga.com/en-ES/player/lejeune,1484,lejeune,Florian Lejeune,Lejeune,Florian,Lejeune,male,1991-05-20T00:00:00+00:00,Paris,89.0,189.0,False,https://twitter.com/lejeune_florian,,FR,Deportivo Alavés,ALA,1921-01-23T00:00:00+0000,https://assets.laliga.com/assets/2020/09/01/medium/27002754a98bf535807fe49a24cc63ea.png,22.0,Defender,https://assets.laliga.com/squad/2021/t173/p77359/512x556/p77359_t173_2021_1_001_000.png,Mendizorroza,https://assets.laliga.com/assets/2019/06/17/medium/6b906780ba96aa6689192fb9afcaac6b.png,116.0,45.0,71.0,30.0,,6.0,0.0,93.0,3.0,19.0,,4.0,1.0,,,,,199.0,87.0,112.0,43.0,477.0,16.0,,30.0,,,,,,54.0,48.0,6.0,,,83.0,42.0,41.0,2.0,,1.0,0.0,33.0,31.0,5.0,1.0,,245.0,2.0,1085.0,,,2.0,,,,,,4.0,,20.0,11.0,164.0,1.0,,347.0,,,,,,,,,17.0,2.0,30.0,,,,,,,3.0,25.0,32.0,,162.0,852.0,295.0,611.0,744.0,9.0,24.0,38.0,1.0,,2.0,2699.0,4.0,153.0,34.0,5.0,279.0,1162.0,1.0,19.0,906.0,33.0,22.0,256.0,1511.0,,3.0,3.0,3.0,84.0,,151.0,182.0,77.0,105.0,0.0,7.0
LaLiga Santander,https://www.laliga.com/en-ES/player/andone,1703,andone,Florin Andone,Andone,Florin,Andone,male,1993-04-11T00:00:00+00:00,Botosani,78.0,180.0,True,https://twitter.com/FlorinAndone11,https://instagram.com/florinandone11,RO,Cádiz CF,CAD,1910-09-10T00:00:00+0000,https://assets.laliga.com/assets/2019/06/07/medium/cadiz.png,17.0,Forward,https://assets.laliga.com/squad/2021/t1737/p93284/512x556/p93284_t1737_2021_1_001_000.png,Estadio Nuevo Mirandilla,https://assets.laliga.com/assets/2019/08/12/medium/ec810605f774c1a9a3ed75de01826124.png,18.0,11.0,7.0,5.0,,,0.0,19.0,,,,,,,,,,30.0,18.0,12.0,7.0,7.0,1.0,,5.0,,,,,,7.0,7.0,,,,12.0,7.0,5.0,,,,0.0,25.0,,3.0,,,6.0,3.0,32.0,,,,,,,,,1.0,,3.0,2.0,6.0,,,6.0,,,,,,,,,2.0,1.0,1.0,,1.0,4.0,,,,2.0,4.0,,1.0,,19.0,14.0,11.0,25.0,,1.0,38.0,,,,173.0,3.0,1.0,3.0,2.0,25.0,38.0,,3.0,25.0,1.0,7.0,13.0,70.0,,,,,,,1.0,8.0,5.0,12.0,0.0,1.0
LaLiga Santander,https://www.laliga.com/en-ES/player/fran-beltran,4624,fran-beltran,Francisco Beltrán,Fran Beltran,Francisco,Beltrán,male,1999-02-03T00:00:00+00:00,Madrid,66.0,170.0,False,https://twitter.com/franbeltran__,https://instagram.com/franbeltran__/,ES,RC Celta,CEL,1923-08-23T00:00:00+0000,https://assets.laliga.com/assets/2019/06/07/medium/celta.png,8.0,Midfielder,https://assets.laliga.com/squad/2021/t176/p234511/512x556/p234511_t176_2021_1_001_000.png,Estadio ABANCA Balaídos,https://assets.laliga.com/assets/2019/06/17/medium/0aef263ef366bd0b81369408adb27cd6.png,56.0,40.0,16.0,37.0,,,1.0,232.0,7.0,5.0,,6.0,,6.0,3.0,,,241.0,125.0,116.0,80.0,395.0,6.0,,37.0,,,,,1.0,28.0,27.0,1.0,,1.0,185.0,85.0,100.0,,,,0.0,98.0,32.0,11.0,,,612.0,,1808.0,,,,,,,,,3.0,,40.0,24.0,207.0,,1.0,633.0,,,,,,,,,9.0,4.0,31.0,,17.0,6.0,1.0,6.0,5.0,19.0,37.0,7.0,7.0,135.0,1645.0,751.0,963.0,1573.0,15.0,41.0,38.0,1.0,,2.0,2608.0,28.0,31.0,17.0,25.0,236.0,1872.0,,13.0,1708.0,56.0,5.0,164.0,2255.0,3.0,11.0,8.0,8.0,21.0,2.0,41.0,111.0,64.0,123.0,0.0,4.0
LaLiga Santander,https://www.laliga.com/en-ES/player/fran-delgado,14942,fran-delgado,Francisco Delgado,F. Delgado,Francisco,Delgado,male,2001-07-11T00:00:00+00:00,,,,False,,,ES,Real Betis,BET,1907-09-12T00:00:00+0000,https://assets.laliga.com/assets/2019/06/07/medium/betis.png,32.0,Defender,https://assets.laliga.com/squad/2021/t185/p514476/512x556/p514476_t185_2021_1_001_000.png,Estadio Benito Villamarín,https://assets.laliga.com/assets/2019/06/17/medium/f211dabccff68741a75d175307d78f59.png,,,,,,,,,,,,,,,,,,,,,,,,,,,,,,,,,,,,,,,,,,,,,,,,,,,,,,,,,,,,,,,,,,,,,,,,,,,,,,,,,,,,,,,,,,,,,,,38.0,,,,,,,,,,,,,,,,,,,,,,,,,,,,,
LaLiga Santander,https://www.laliga.com/en-ES/player/fran-garcia-1,9529,fran-garcia-1,Francisco José García Torres,Fran Garcia,Francisco José,García Torres,male,1999-08-14T00:00:00+00:00,Bolaños de Calatrava,69.0,167.0,False,,,ES,Rayo Vallecano,RAY,1924-05-20T00:00:00+0000,https://assets.laliga.com/assets/2019/06/07/medium/rayo.png,33.0,Defender,https://assets.laliga.com/squad/2021/t184/p227166/512x556/p227166_t184_2021_1_001_000.png,Estadio de Vallecas,https://assets.laliga.com/assets/2019/08/12/medium/b86a37d70be8931c079066cc8c48817f.png,62.0,37.0,25.0,34.0,,,1.0,275.0,12.0,8.0,,9.0,,,23.0,,,255.0,133.0,122.0,64.0,477.0,15.0,,34.0,,,,,1.0,40.0,36.0,4.0,1.0,,193.0,96.0,97.0,,,,0.0,48.0,45.0,29.0,,1.0,66.0,2.0,1200.0,,,,,,,,,7.0,,57.0,26.0,210.0,,,403.0,,,,,,,,,5.0,8.0,34.0,,2.0,,,29.0,29.0,22.0,31.0,22.0,,59.0,959.0,529.0,478.0,919.0,25.0,35.0,38.0,1.0,35.0,303.0,3027.0,38.0,45.0,24.0,15.0,477.0,1221.0,,13.0,978.0,60.0,28.0,243.0,2114.0,,99.0,98.0,23.0,70.0,,110.0,242.0,100.0,133.0,0.0,4.0
LaLiga Santander,https://www.laliga.com/en-ES/player/fran-merida,1974,fran-merida,Francisco Mérida Pérez,Fran Merida,Francisco,Mérida Pérez,male,1990-03-04T00:00:00+00:00,Barcelona,74.0,177.0,False,,,ES,RCD Espanyol de Barcelona,ESP,1900-10-23T00:00:00+0000,https://assets.laliga.com/assets/2019/06/07/medium/espanyol.png,8.0,Midfielder,https://assets.laliga.com/squad/2021/t177/p38519/512x556/p38519_t177_2021_1_001_000.png,RCDE Stadium,https://assets.laliga.com/assets/2019/06/17/medium/306cc02af120e092849ddf38954bcb3e.png,4.0,4.0,,10.0,,,0.0,16.0,1.0,,,,,4.0,3.0,,,42.0,20.0,22.0,11.0,71.0,3.0,,10.0,,,,,,5.0,5.0,,,,38.0,16.0,22.0,,,,0.0,19.0,6.0,4.0,,,38.0,,160.0,,,,,,,,,,,3.0,1.0,29.0,,,43.0,,,,,,,,,3.0,,3.0,1.0,3.0,7.0,2.0,3.0,1.0,9.0,6.0,3.0,,16.0,111.0,68.0,51.0,100.0,4.0,3.0,38.0,2.0,,,262.0,4.0,1.0,6.0,6.0,64.0,168.0,1.0,3.0,116.0,7.0,2.0,52.0,225.0,2.0,5.0,1.0,2.0,6.0,,21.0,45.0,12.0,31.0,0.0,2.0
LaLiga Santander,https://www.laliga.com/en-ES/player/coquelin,2421,coquelin,Francis Coquelin,Coquelin,Francis,Coquelin,male,1991-05-13T00:00:00+00:00,Laval,74.0,176.0,False,,,FR,Villarreal CF,VIL,1923-03-10T00:00:00+0000,https://assets.laliga.com/assets/2019/06/07/medium/villarreal.png,19.0,Midfielder,https://assets.laliga.com/squad/2021/t449/p56864/512x556/p56864_t449_2021_1_001_000.png,Estadio de la Cerámica,https://assets.laliga.com/assets/2019/10/03/medium/ac940b8f6681d614e337d20d5bf7f0a8.png,27.0,12.0,15.0,20.0,,,1.0,97.0,1.0,5.0,,,,,5.0,,,133.0,62.0,71.0,34.0,110.0,13.0,,20.0,,,1.0,,2.0,10.0,9.0,1.0,2.0,,106.0,50.0,56.0,,,,1.0,98.0,19.0,9.0,,,117.0,,468.0,,,,,,,,,1.0,,21.0,10.0,57.0,,2.0,149.0,,,,,,,,,2.0,2.0,8.0,,7.0,12.0,,,,17.0,15.0,,11.0,12.0,402.0,281.0,126.0,395.0,9.0,17.0,38.0,2.0,1.0,1.0,826.0,20.0,10.0,23.0,13.0,105.0,473.0,,4.0,407.0,26.0,25.0,66.0,639.0,,1.0,1.0,3.0,1.0,,6.0,55.0,12.0,60.0,0.0,3.0
LaLiga Santander,https://www.laliga.com/en-ES/player/franco-cervi,4795,franco-cervi,Franco Cervi,Cervi,Franco,Cervi,male,1994-05-26T00:00:00+00:00,San Lorenzo,67.0,165.0,False,,,AR,RC Celta,CEL,1923-08-23T00:00:00+0000,https://assets.laliga.com/assets/2019/06/07/medium/celta.png,11.0,Forward,https://assets.laliga.com/squad/2021/t176/p184028/512x556/p184028_t176_2021_1_001_000.png,Estadio ABANCA Balaídos,https://assets.laliga.com/assets/2019/06/17/medium/0aef263ef366bd0b81369408adb27cd6.png,48.0,31.0,17.0,33.0,3.0,,2.0,173.0,3.0,2.0,,1.0,,29.0,9.0,,,286.0,136.0,150.0,64.0,177.0,18.0,1.0,33.0,,,3.0,,4.0,22.0,21.0,1.0,4.0,,238.0,105.0,133.0,1.0,1.0,3.0,2.0,81.0,21.0,9.0,,2.0,131.0,2.0,666.0,,,,,,,,,1.0,,67.0,36.0,146.0,,1.0,192.0,,,,,,,,,9.0,10.0,21.0,,18.0,12.0,5.0,13.0,7.0,20.0,27.0,2.0,5.0,22.0,533.0,338.0,214.0,517.0,32.0,41.0,38.0,,,8.0,1804.0,40.0,13.0,22.0,40.0,291.0,673.0,,19.0,539.0,73.0,52.0,134.0,1149.0,21.0,65.0,41.0,19.0,10.0,,17.0,158.0,41.0,117.0,0.0,6.0
LaLiga Santander,https://www.laliga.com/en-ES/player/f-russo,8546,f-russo,Franco Russo,F. Russo,Franco,Russo,male,1994-10-25T00:00:00+00:00,Buenos Aires,78.0,185.0,False,,,AR,RCD Mallorca,MLL,1916-03-06T00:00:00+0000,https://assets.laliga.com/assets/2019/06/07/medium/mallorca.png,5.0,Defender,https://assets.laliga.com/squad/2021/t181/p455815/512x556/p455815_t181_2021_1_001_000.png,Visit Mallorca Estadi,https://assets.laliga.com/assets/2019/08/07/medium/6f67f604b5025b10ef0dc14d700586ae.png,67.0,38.0,29.0,19.0,,,1.0,39.0,1.0,9.0,,4.0,,,2.0,,,144.0,80.0,64.0,49.0,311.0,13.0,,19.0,5.0,,,,1.0,18.0,16.0,2.0,1.0,,77.0,42.0,35.0,1.0,1.0,,0.0,32.0,27.0,1.0,,,132.0,1.0,601.0,,1.0,2.0,,,,,,2.0,,11.0,5.0,82.0,2.0,,158.0,,,,,,,,,3.0,2.0,17.0,,1.0,2.0,,,,5.0,24.0,15.0,,61.0,462.0,157.0,332.0,428.0,9.0,10.0,38.0,,,2.0,1464.0,4.0,71.0,26.0,11.0,166.0,640.0,2.0,5.0,489.0,19.0,18.0,151.0,842.0,,1.0,1.0,1.0,36.0,,76.0,104.0,48.0,75.0,0.0,3.0
LaLiga Santander,https://www.laliga.com/en-ES/player/f-de-jong,5629,f-de-jong,Frenkie de Jong,F. De Jong,Frenkie,de Jong,male,1997-05-12T00:00:00+00:00,Arkel,74.0,180.0,False,,,NL,FC Barcelona,BAR,1899-11-29T00:00:00+0000,https://assets.laliga.com/assets/2019/06/07/medium/barcelona.png,21.0,Midfielder,https://assets.laliga.com/squad/2021/t178/p209712/512x556/p209712_t178_2021_1_001_000.png,Camp Nou,https://assets.laliga.com/assets/2019/06/17/medium/0623ce55ec3ee4e439ed6d24fe2ba77b.png,42.0,16.0,26.0,32.0,1.0,,3.0,318.0,,5.0,,4.0,,7.0,11.0,,,231.0,85.0,146.0,83.0,379.0,10.0,,32.0,,,3.0,,3.0,30.0,26.0,4.0,3.0,,189.0,69.0,120.0,2.0,,2.0,0.0,65.0,20.0,40.0,,1.0,461.0,6.0,1622.0,,,,,,,,,1.0,,34.0,14.0,154.0,1.0,2.0,480.0,,,,,,,,,9.0,8.0,30.0,,12.0,2.0,,5.0,3.0,51.0,55.0,,41.0,75.0,1480.0,943.0,558.0,1421.0,16.0,19.0,38.0,9.0,1.0,3.0,2486.0,37.0,15.0,24.0,35.0,255.0,1638.0,1.0,17.0,1496.0,35.0,68.0,142.0,2000.0,6.0,26.0,18.0,9.0,2.0,4.0,15.0,137.0,31.0,127.0,2.0,5.0
LaLiga Santander,https://www.laliga.com/en-ES/player/g-paulista,81,g-paulista,Gabriel Armando de Abreu,G.paulista,Gabriel Armando,de Abreu,male,1990-11-26T00:00:00+00:00,São Paulo,72.0,185.0,True,,,BR,Valencia CF,VAL,1919-03-18T00:00:00+0000,https://assets.laliga.com/assets/2019/06/07/medium/valencia.png,5.0,Defender,https://assets.laliga.com/squad/2021/t191/p158074/512x556/p158074_t191_2021_1_001_000.png,Camp de Mestalla,https://assets.laliga.com/assets/2019/06/17/medium/984682326cdbb55f5034778b7690a795.png,58.0,20.0,38.0,19.0,,,2.0,31.0,,12.0,,7.0,,,,,,112.0,40.0,72.0,32.0,235.0,8.0,,19.0,10.0,,1.0,,2.0,17.0,12.0,5.0,1.0,1.0,54.0,20.0,34.0,,,,0.0,53.0,39.0,3.0,1.0,,230.0,1.0,574.0,,,,,,,,,2.0,,12.0,6.0,125.0,,2.0,140.0,,,,,,,,,3.0,3.0,19.0,,4.0,,,,,1.0,20.0,7.0,,70.0,439.0,142.0,352.0,424.0,9.0,12.0,38.0,1.0,,1.0,1596.0,4.0,85.0,11.0,12.0,157.0,636.0,,6.0,494.0,21.0,8.0,142.0,858.0,,,,1.0,30.0,,65.0,91.0,51.0,77.0,1.0,2.0
LaLiga Santander,https://www.laliga.com/en-ES/player/gabri-veiga,14919,gabri-veiga,Gabriel Veiga,Gabri Veiga,Gabriel,Veiga,male,2002-05-27T00:00:00+00:00,Porriño,,,False,,,ES,RC Celta,CEL,1923-08-23T00:00:00+0000,https://assets.laliga.com/assets/2019/06/07/medium/celta.png,29.0,Midfielder,https://assets.laliga.com/squad/2021/t176/p514189/512x556/p514189_t176_2021_0_001_000.png,Estadio ABANCA Balaídos,https://assets.laliga.com/assets/2019/06/17/medium/0aef263ef366bd0b81369408adb27cd6.png,11.0,10.0,1.0,7.0,,,0.0,9.0,1.0,,,,,,,,,37.0,22.0,15.0,2.0,19.0,,,7.0,,,,,,3.0,1.0,2.0,,,26.0,12.0,14.0,,,,0.0,100.0,4.0,1.0,,,15.0,,63.0,,,,,,,,,,,3.0,2.0,11.0,,,21.0,,,,,,,,,1.0,,,,,7.0,,1.0,1.0,6.0,,,,1.0,50.0,29.0,23.0,50.0,1.0,4.0,38.0,,,,102.0,2.0,1.0,1.0,3.0,20.0,64.0,,1.0,51.0,5.0,1.0,13.0,104.0,,2.0,2.0,1.0,1.0,,1.0,13.0,2.0,12.0,0.0,
LaLiga Santander,https://www.laliga.com/en-ES/player/ayesa,15591,ayesa,Gaizka Ayesa,Ayesa,Gaizka,Ayesa,male,2001-04-02T00:00:00+00:00,,,182.0,False,,,ES,R. Sociedad B,RSOB,1909-09-07T00:00:00+0000,https://assets.laliga.com/assets/2019/06/07/medium/real-sociedad.png,1.0,Goalkeeper,https://assets.laliga.com/squad/2021/t3567/p508455/512x556/p508455_t3567_2021_1_001_000.png,Zubieta,,5.0,,5.0,21.0,,,0.0,,,,14.0,1.0,,,,1.0,,8.0,1.0,7.0,1.0,318.0,,,21.0,243.0,26.0,,2.0,,36.0,34.0,2.0,,,3.0,1.0,2.0,,,,0.0,10.0,,1.0,,,163.0,,421.0,,1.0,,,,,,,,7.0,2.0,1.0,191.0,,,171.0,,60.0,2.0,44.0,15.0,12.0,,,,,20.0,,,1.0,,,,,1.0,19.0,1.0,96.0,346.0,44.0,460.0,408.0,1.0,,42.0,,,,1857.0,1.0,17.0,,2.0,153.0,652.0,,,504.0,1.0,,148.0,884.0,,,,1.0,64.0,,133.0,97.0,51.0,15.0,0.0,
LaLiga Santander,https://www.laliga.com/en-ES/player/gaizka,6322,gaizka,Gaizka Campos,Gaizka,Gaizka,Campos,male,1997-05-16T00:00:00+00:00,Barakaldo,80.0,189.0,False,,,ES,RC Celta,CEL,1923-08-23T00:00:00+0000,https://assets.laliga.com/assets/2019/06/07/medium/celta.png,26.0,Goalkeeper,,Estadio ABANCA Balaídos,https://assets.laliga.com/assets/2019/06/17/medium/0aef263ef366bd0b81369408adb27cd6.png,,,,,,,,,,,,,,,,,,,,,,,,,,,,,,,,,,,,,,,,,,,,,,,,,,,,,,,,,,,,,,,,,,,,,,,,,,,,,,,,,,,,,,,,,,,,,,,38.0,,,,,,,,,,,,,,,,,,,,,,,,,,,,,
LaLiga Santander,https://www.laliga.com/en-ES/player/bale,62,bale,Gareth Bale,Bale,Gareth,Bale,male,1989-07-16T00:00:00+00:00,Cardiff,81.0,185.0,True,https://twitter.com/GarethBale11,https://instagram.com/garethbale11,GB-WLS,Real Madrid,RMA,1902-03-06T00:00:00+0000,https://assets.laliga.com/assets/2019/06/07/medium/real-madrid.png,18.0,Forward,https://assets.laliga.com/squad/2021/t186/p36903/512x556/p36903_t186_2021_1_001_000.png,Estadio Santiago Bernabéu,https://assets.laliga.com/assets/2019/06/08/medium/e6695a8184f41deea3ad87dd9c12ab1f.png,13.0,6.0,7.0,5.0,,2.0,1.0,11.0,2.0,,,,,,2.0,,,26.0,16.0,10.0,10.0,12.0,2.0,,5.0,,,,,1.0,3.0,3.0,,1.0,,13.0,10.0,3.0,,,1.0,0.0,49.0,2.0,2.0,,1.0,14.0,1.0,59.0,,,,,,,,,1.0,,4.0,2.0,4.0,,,22.0,,,,,,,,,7.0,6.0,4.0,,4.0,1.0,,2.0,2.0,1.0,6.0,,4.0,1.0,43.0,33.0,12.0,42.0,1.0,1.0,38.0,,,,283.0,5.0,,3.0,,31.0,59.0,,13.0,43.0,2.0,15.0,16.0,105.0,,1.0,1.0,3.0,1.0,,2.0,13.0,4.0,14.0,0.0,2.0
LaLiga Santander,https://www.laliga.com/en-ES/player/gaston-alvarez,25550,gaston-alvarez,Gastón Álvarez,Gaston,Gastón,Álvarez,male,2000-03-24T00:00:00+00:00,,72.0,184.0,False,,,UY,Getafe CF,GET,1983-03-30T00:00:00+0000,https://assets.laliga.com/assets/2019/06/07/medium/getafe.png,4.0,Defender,https://assets.laliga.com/squad/2021/t1450/p501039/512x556/p501039_t1450_2021_1_001_000.png,Coliseum Alfonso Pérez,https://assets.laliga.com/assets/2019/06/17/medium/b881ba5a6846e7ccdbc3a6a75a2c5e69.png,,,,,,,,,,,,,,,,,,,,,,,,,,,,,,,,,,,,,,,,,,,,,,,,,,,,,,,,,,,,,,,,,,,,,,,,,,,,,,,,,,,,,,,,,,,,,,,38.0,,,,,,,,,,,,,,,,,,,,,,,,,,,,,
LaLiga Santander,https://www.laliga.com/en-ES/player/gavi,21674,gavi,Pablo Martín Páez,Gavi,Pablo Martín,Páez,male,2004-08-05T00:00:00+00:00,Los Palacios y Villafranca,70.0,173.0,False,,,ES,FC Barcelona,BAR,1899-11-29T00:00:00+0000,https://assets.laliga.com/assets/2019/06/07/medium/barcelona.png,30.0,Midfielder,https://assets.laliga.com/squad/2021/t178/p500046/512x556/p500046_t178_2021_1_001_000.png,Camp Nou,https://assets.laliga.com/assets/2019/06/17/medium/0623ce55ec3ee4e439ed6d24fe2ba77b.png,67.0,35.0,32.0,34.0,5.0,,0.0,282.0,8.0,,,3.0,,2.0,12.0,,,392.0,200.0,192.0,86.0,261.0,34.0,1.0,34.0,,,5.0,,2.0,27.0,24.0,3.0,2.0,,325.0,165.0,160.0,4.0,1.0,2.0,2.0,98.0,25.0,15.0,,,292.0,12.0,1189.0,,,,,,,,,1.0,,64.0,36.0,122.0,1.0,1.0,361.0,,,,,,,1.0,,14.0,8.0,28.0,,16.0,6.0,,8.0,8.0,53.0,53.0,3.0,8.0,33.0,1061.0,794.0,282.0,1035.0,20.0,18.0,38.0,11.0,,10.0,2329.0,82.0,10.0,63.0,69.0,329.0,1196.0,1.0,22.0,1068.0,38.0,89.0,128.0,1748.0,,40.0,40.0,33.0,4.0,1.0,20.0,137.0,31.0,108.0,0.0,9.0
LaLiga Santander,https://www.laliga.com/en-ES/player/kondogbia,1080,kondogbia,Geoffrey Kondogbia,Kondogbia,Geoffrey,Kondogbia,male,1993-02-15T00:00:00+00:00,Nemours,80.0,188.0,True,https://twitter.com/Geo_Kondogbia,,CF,Atlético de Madrid,ATM,1903-04-26T00:00:00+0000,https://assets.laliga.com/assets/2019/06/07/medium/atletico.png,4.0,Midfielder,https://assets.laliga.com/squad/2021/t175/p88754/512x556/p88754_t175_2021_1_001_000.png,Wanda Metropolitano,https://assets.laliga.com/assets/2019/06/17/medium/935f92c15c4d3442ef3f6d843beba0e1.png,59.0,21.0,38.0,28.0,1.0,,1.0,146.0,5.0,5.0,,4.0,,,2.0,,,296.0,118.0,178.0,52.0,268.0,29.0,,28.0,,,2.0,,1.0,24.0,22.0,2.0,,1.0,237.0,97.0,140.0,1.0,,,0.0,35.0,44.0,9.0,,1.0,271.0,,983.0,,,,,,,,,5.0,,22.0,11.0,188.0,2.0,,308.0,,,,,,,,,9.0,1.0,21.0,,6.0,7.0,,,,29.0,28.0,4.0,4.0,72.0,844.0,376.0,478.0,782.0,30.0,44.0,38.0,2.0,,,1883.0,30.0,23.0,40.0,37.0,205.0,993.0,2.0,10.0,854.0,74.0,6.0,139.0,1332.0,,1.0,1.0,4.0,4.0,,30.0,89.0,51.0,109.0,0.0,9.0
LaLiga Santander,https://www.laliga.com/en-ES/player/gumbau,1473,gumbau,Gerard Gumbau,Gumbau,Gerard,Gumbau,male,1994-12-18T00:00:00+00:00,Campllong,77.0,187.0,False,https://twitter.com/GerardGumbau,https://instagram.com/gerardgumbau,ES,Elche CF,ELC,1923-03-01T00:00:00+0000,https://assets.laliga.com/assets/2019/06/07/medium/elche.png,2.0,Midfielder,https://assets.laliga.com/squad/2021/t954/p161030/512x556/p161030_t954_2021_1_001_000.png,Estadio Martínez Valero,https://assets.laliga.com/assets/2019/08/12/medium/150e2d322086b631feb7ec0016b982f6.png,40.0,22.0,18.0,31.0,3.0,3.0,0.0,135.0,9.0,4.0,,2.0,,57.0,8.0,,,202.0,112.0,90.0,46.0,306.0,33.0,,31.0,,,4.0,,,34.0,33.0,1.0,,,162.0,90.0,72.0,1.0,,,0.0,87.0,23.0,24.0,,,250.0,,912.0,,,,,,,,,5.0,,27.0,14.0,104.0,,,271.0,,,,,,,1.0,,9.0,3.0,20.0,1.0,9.0,11.0,16.0,26.0,2.0,7.0,24.0,6.0,4.0,83.0,768.0,440.0,395.0,726.0,27.0,19.0,38.0,2.0,,1.0,1889.0,12.0,24.0,50.0,22.0,264.0,962.0,1.0,12.0,809.0,46.0,7.0,153.0,1308.0,33.0,67.0,17.0,6.0,23.0,,62.0,172.0,48.0,91.0,0.0,8.0
LaLiga Santander,https://www.laliga.com/en-ES/player/gerard,192,gerard,Gerard Moreno,Gerard,Gerard,Moreno,male,1992-04-07T00:00:00+00:00,Barcelona,77.0,180.0,False,https://twitter.com/GerardMoreno9,https://instagram.com/gerard_moreno,ES,Villarreal CF,VIL,1923-03-10T00:00:00+0000,https://assets.laliga.com/assets/2019/06/07/medium/villarreal.png,7.0,Forward,https://assets.laliga.com/squad/2021/t449/p93721/512x556/p93721_t449_2021_1_001_000.png,Estadio de la Cerámica,https://assets.laliga.com/assets/2019/10/03/medium/ac940b8f6681d614e337d20d5bf7f0a8.png,36.0,18.0,18.0,17.0,3.0,,3.0,70.0,9.0,1.0,,2.0,,,8.0,,,160.0,84.0,76.0,33.0,161.0,5.0,1.0,17.0,,,3.0,,9.0,14.0,10.0,4.0,8.0,1.0,124.0,66.0,58.0,2.0,2.0,,6.0,65.0,6.0,27.0,,7.0,132.0,8.0,425.0,,,,,,,2.0,1.0,,,31.0,5.0,33.0,,,69.0,,,,,,,,,12.0,17.0,14.0,,5.0,3.0,,4.0,4.0,39.0,16.0,1.0,8.0,30.0,293.0,221.0,83.0,270.0,3.0,2.0,38.0,10.0,,5.0,1194.0,51.0,13.0,11.0,14.0,227.0,432.0,,29.0,300.0,5.0,76.0,132.0,690.0,,8.0,8.0,22.0,,1.0,13.0,118.0,22.0,119.0,1.0,2.0
LaLiga Santander,https://www.laliga.com/en-ES/player/pique,5,pique,Gerard Piqué,Piqué,Gerard,Piqué,male,1987-02-02T00:00:00+00:00,Barcelona,85.0,194.0,True,https://twitter.com/3gerardpique,https://instagram.com/3gerardpique,ES,FC Barcelona,BAR,1899-11-29T00:00:00+0000,https://assets.laliga.com/assets/2019/06/07/medium/barcelona.png,3.0,Defender,https://assets.laliga.com/squad/2021/t178/p18221/512x556/p18221_t178_2021_1_001_000.png,Camp Nou,https://assets.laliga.com/assets/2019/06/17/medium/0623ce55ec3ee4e439ed6d24fe2ba77b.png,124.0,44.0,80.0,27.0,,1.0,0.0,89.0,5.0,16.0,,8.0,,,2.0,,,200.0,77.0,123.0,51.0,491.0,10.0,,27.0,5.0,,,,1.0,19.0,15.0,4.0,1.0,,76.0,33.0,43.0,1.0,1.0,3.0,1.0,62.0,34.0,5.0,,,602.0,1.0,1625.0,,,,,,,,,,,10.0,3.0,165.0,1.0,,495.0,,,,,,,,,11.0,3.0,25.0,,5.0,2.0,,,,6.0,26.0,2.0,,118.0,1460.0,542.0,967.0,1391.0,10.0,12.0,38.0,2.0,,5.0,2095.0,3.0,85.0,30.0,15.0,185.0,1677.0,1.0,14.0,1509.0,22.0,29.0,168.0,1935.0,,,,,22.0,,71.0,110.0,58.0,97.0,0.0,8.0
LaLiga Santander,https://www.laliga.com/en-ES/player/pezzella,1902,pezzella,Germán Pezzella,Pezzella,Germán,Pezzella,male,1991-06-27T00:00:00+00:00,Bahia Blanca,82.0,187.0,False,https://twitter.com/Gpezze,https://instagram.com/germanpezzella/,AR,Real Betis,BET,1907-09-12T00:00:00+0000,https://assets.laliga.com/assets/2019/06/07/medium/betis.png,16.0,Defender,https://assets.laliga.com/squad/2021/t185/p121220/512x556/p121220_t185_2021_1_001_000.png,Estadio Benito Villamarín,https://assets.laliga.com/assets/2019/06/17/medium/f211dabccff68741a75d175307d78f59.png,89.0,31.0,58.0,23.0,,,0.0,54.0,2.0,18.0,,8.0,1.0,,3.0,,,157.0,69.0,88.0,42.0,335.0,17.0,,23.0,,,,,1.0,20.0,17.0,3.0,1.0,,68.0,38.0,30.0,1.0,1.0,1.0,1.0,53.0,39.0,,,,418.0,2.0,980.0,,1.0,,,,,,,,,14.0,11.0,82.0,,,216.0,,,,,,,,,11.0,6.0,22.0,1.0,3.0,1.0,,1.0,1.0,3.0,18.0,3.0,,24.0,860.0,177.0,718.0,870.0,12.0,9.0,38.0,,1.0,3.0,1991.0,1.0,102.0,26.0,6.0,138.0,1023.0,1.0,17.0,894.0,21.0,28.0,129.0,1297.0,,,,,21.0,,60.0,74.0,55.0,69.0,0.0,5.0
LaLiga Santander,https://www.laliga.com/en-ES/player/german-1,1957,german-1,Germán Sánchez,Germán,Germán,Sánchez,male,1986-12-12T00:00:00+00:00,San Fernando,82.0,187.0,False,,,ES,Granada CF,GRA,1931-01-01T00:00:00+0000,https://assets.laliga.com/assets/2019/06/07/medium/granada.png,6.0,Defender,https://assets.laliga.com/squad/2021/t5683/p87661/512x556/p87661_t5683_2021_1_001_000.png,Nuevo Los Cármenes,https://assets.laliga.com/assets/2019/08/07/medium/4de53714b029bf44d86c53bd0d6835d3.png,109.0,45.0,64.0,32.0,,,1.0,82.0,5.0,16.0,,3.0,1.0,,4.0,,,192.0,78.0,114.0,43.0,485.0,8.0,,32.0,2.0,1.0,1.0,,2.0,47.0,42.0,5.0,2.0,,83.0,33.0,50.0,2.0,2.0,1.0,1.0,31.0,28.0,4.0,,,250.0,1.0,991.0,,,1.0,,,,,,5.0,,7.0,3.0,114.0,1.0,,224.0,,,,,,,,,4.0,4.0,25.0,,3.0,7.0,,,,,23.0,18.0,,78.0,746.0,192.0,584.0,698.0,8.0,19.0,38.0,,,5.0,2296.0,3.0,136.0,23.0,25.0,273.0,1041.0,1.0,8.0,776.0,27.0,29.0,265.0,1339.0,,1.0,1.0,2.0,65.0,,148.0,198.0,68.0,117.0,1.0,9.0
LaLiga Santander,https://www.laliga.com/en-ES/player/german-valera,14411,german-valera,Germán Valera,Valera,Germán,Valera,male,2002-03-16T00:00:00+00:00,Murcia,68.0,170.0,False,,,ES,Real Sociedad,RSO,1909-09-07T00:00:00+0000,https://assets.laliga.com/assets/2019/06/07/medium/real-sociedad.png,41.0,Forward,,Reale Arena,https://assets.laliga.com/assets/2019/10/03/medium/b20727f80d7b4c9d5ad18acec9b663c5.png,2.0,1.0,1.0,3.0,,,0.0,7.0,1.0,,,,,,2.0,,,16.0,10.0,6.0,4.0,3.0,1.0,,3.0,,,,,,1.0,1.0,,,,14.0,9.0,5.0,,,,0.0,52.0,,,,,2.0,,17.0,,,,,,,,,1.0,,1.0,,5.0,,,5.0,,,,,,,,,,,,,,3.0,,,,2.0,2.0,,,1.0,14.0,10.0,4.0,13.0,1.0,2.0,38.0,,,,49.0,6.0,1.0,3.0,,14.0,17.0,,,14.0,3.0,,3.0,38.0,,1.0,1.0,5.0,1.0,,1.0,3.0,1.0,2.0,0.0,
LaLiga Santander,https://www.laliga.com/en-ES/player/rulli,1514,rulli,Gerónimo Rulli,Rulli,Gerónimo,Rulli,male,1992-05-20T00:00:00+00:00,La Plata,84.0,189.0,True,https://twitter.com/gerorulli,https://instagram.com/gerorulli/,AR,Villarreal CF,VIL,1923-03-10T00:00:00+0000,https://assets.laliga.com/assets/2019/06/07/medium/villarreal.png,13.0,Goalkeeper,https://assets.laliga.com/squad/2021/t449/p106921/512x556/p106921_t449_2021_1_001_000.png,Estadio de la Cerámica,https://assets.laliga.com/assets/2019/10/03/medium/ac940b8f6681d614e337d20d5bf7f0a8.png,12.0,,12.0,32.0,,,0.0,,,,19.0,14.0,,,,1.0,3.0,19.0,5.0,14.0,,580.0,,,32.0,326.0,49.0,,5.0,,28.0,24.0,4.0,,,7.0,5.0,2.0,,,,0.0,66.0,1.0,,,,254.0,,795.0,,,,4.0,,1.0,,,3.0,16.0,1.0,,254.0,,,292.0,1.0,75.0,4.0,51.0,22.0,13.0,,,,,32.0,,,,,,,1.0,,33.0,,163.0,655.0,84.0,808.0,729.0,,,38.0,,,,2880.0,1.0,31.0,,2.0,241.0,1126.0,,,892.0,,,234.0,1434.0,,,,,104.0,,222.0,181.0,53.0,12.0,0.0,2.0
LaLiga Santander,https://www.laliga.com/en-ES/player/giorgi-gagua,26573,giorgi-gagua,Giorgi Gagua,Gagua,Giorgi,Gagua,male,2001-10-10T00:00:00+00:00,Tbilisi,,193.0,False,,,GE,Deportivo Alavés,ALA,1921-01-23T00:00:00+0000,https://assets.laliga.com/assets/2020/09/01/medium/27002754a98bf535807fe49a24cc63ea.png,34.0,Forward,,Mendizorroza,https://assets.laliga.com/assets/2019/06/17/medium/6b906780ba96aa6689192fb9afcaac6b.png,,,,,,,,,,,,,,,,,,,,,,,,,,,,,,,,,,,,,,,,,,,,,,,,,,,,,,,,,,,,,,,,,,,,,,,,,,,,,,,,,,,,,,,,,,,,,,,38.0,,,,,,,,,,,,,,,,,,,,,,,,,,,,,
LaLiga Santander,https://www.laliga.com/en-ES/player/giorgi,14628,giorgi,Giorgi Kochorashvili,Giorgi,Giorgi,Kochorashvili,male,1999-06-29T00:00:00+00:00,Tbilisi,74.0,178.0,False,,,GE,Levante UD,LEV,1909-09-07T00:00:00+0000,https://assets.laliga.com/assets/2019/06/07/medium/levante.png,46.0,Midfielder,,Estadio Ciutat de València,https://assets.laliga.com/assets/2021/07/21/medium/ae79ef9d1c26baf8602706ba1acef94b.png,,,,,,,,,,,,,,,,,,,,,,,,,,,,,,,,,,,,,,,,,,,,,,,,,,,,,,,,,,,,,,,,,,,,,,,,,,,,,,,,,,,,,,,,,,,,,,,38.0,,,,,,,,,,,,,,,,,,,,,,,,,,,,,
LaLiga Santander,https://www.laliga.com/en-ES/player/giorgi-mamardashvili,15006,giorgi-mamardashvili,Giorgi Mamardashvili,Mamardashvili,Giorgi,Mamardashvili,male,2000-09-29T00:00:00+00:00,,,199.0,False,,,GE,Valencia CF,VAL,1919-03-18T00:00:00+0000,https://assets.laliga.com/assets/2019/06/07/medium/valencia.png,28.0,Goalkeeper,https://assets.laliga.com/squad/2021/t191/p449027/512x556/p449027_t191_2021_1_001_000.png,Camp de Mestalla,https://assets.laliga.com/assets/2019/06/17/medium/984682326cdbb55f5034778b7690a795.png,6.0,,6.0,18.0,,,0.0,,,,10.0,8.0,,,,,3.0,8.0,,8.0,,337.0,,,18.0,137.0,76.0,,,,20.0,15.0,5.0,,,2.0,,2.0,,,,0.0,56.0,,,,,35.0,,177.0,,,,2.0,,,,,2.0,13.0,,,141.0,,,59.0,,55.0,1.0,34.0,21.0,8.0,,,,,18.0,,,,,,,,,32.0,,126.0,99.0,103.0,118.0,95.0,,,38.0,,,,1620.0,,19.0,,2.0,218.0,431.0,,,221.0,,,210.0,589.0,,,,,71.0,,208.0,183.0,27.0,2.0,0.0,2.0
LaLiga Santander,https://www.laliga.com/en-ES/player/lo-celso,6371,lo-celso,Giovani Lo Celso,Lo Celso,Giovani,Lo Celso,male,1996-04-09T00:00:00+00:00,Rosario,68.0,177.0,True,https://twitter.com/LoCelsoGiovani,https://instagram.com/locelsogiovani/,AR,,,,,,,,,,,,,,,,,,,,,,,,,,,,,,,,,,,,,,,,,,,,,,,,,,,,,,,,,,,,,,,,,,,,,,,,,,,,,,,,,,,,,,,,,,,,,,,,,,,,,,,,,,,,,,,,,,,,,,,,,,,,,,,,,,,,,
LaLiga Santander,https://www.laliga.com/en-ES/player/giovanni-gonzalez,25561,giovanni-gonzalez,Giovanni González,G. Gonzalez,Giovanni,González,male,1994-09-20T00:00:00+00:00,Montevideo,73.0,173.0,False,,,UY,RCD Mallorca,MLL,1916-03-06T00:00:00+0000,https://assets.laliga.com/assets/2019/06/07/medium/mallorca.png,2.0,Defender,https://assets.laliga.com/squad/2021/t181/p195923/512x556/p195923_t181_2021_1_001_000.png,Visit Mallorca Estadi,https://assets.laliga.com/assets/2019/08/07/medium/6f67f604b5025b10ef0dc14d700586ae.png,18.0,12.0,6.0,9.0,,,1.0,28.0,,2.0,,,,,1.0,,,41.0,20.0,21.0,10.0,58.0,,,9.0,,,,,1.0,9.0,9.0,,1.0,,23.0,8.0,15.0,1.0,,,0.0,81.0,4.0,6.0,,,64.0,,149.0,,,,,,,,,,,9.0,5.0,20.0,,1.0,3.0,,,,,,,,,2.0,1.0,3.0,,2.0,6.0,,1.0,1.0,3.0,4.0,2.0,,5.0,112.0,64.0,53.0,111.0,6.0,3.0,38.0,1.0,8.0,32.0,363.0,4.0,13.0,3.0,3.0,61.0,153.0,,3.0,116.0,9.0,9.0,37.0,262.0,,9.0,9.0,1.0,3.0,,10.0,40.0,6.0,27.0,0.0,1.0
LaLiga Santander,https://www.laliga.com/en-ES/player/giuliano-simeone,22856,giuliano-simeone,Giuliano Simeone,Giuliano,Giuliano,Simeone,male,2002-12-18T00:00:00+00:00,Roma,,,False,,,AR,Atlético de Madrid,ATM,1903-04-26T00:00:00+0000,https://assets.laliga.com/assets/2019/06/07/medium/atletico.png,27.0,Forward,https://assets.laliga.com/squad/2021/t175/p482652/512x556/p482652_t175_2021_1_001_000.png,Wanda Metropolitano,https://assets.laliga.com/assets/2019/06/17/medium/935f92c15c4d3442ef3f6d843beba0e1.png,1.0,,1.0,1.0,,,0.0,2.0,,,,,,,,,,3.0,,3.0,,1.0,,,1.0,,,,,,,,,,,2.0,,2.0,,,,0.0,100.0,,,,,,,3.0,,,,,,,,,,,1.0,,,,,,,,,,,,,,,,,,,1.0,,,,,,,1.0,,1.0,1.0,,1.0,,,38.0,,,,1.0,,,,2.0,2.0,3.0,,,1.0,,1.0,2.0,5.0,,,,,,,,2.0,,2.0,0.0,
LaLiga Santander,https://www.laliga.com/en-ES/player/escalante,1893,escalante,Gonzalo Escalante,Escalante,Gonzalo,Escalante,male,1993-03-27T00:00:00+00:00,Bella Vista,76.0,182.0,False,https://twitter.com/gonza_escalante,,AR,Deportivo Alavés,ALA,1921-01-23T00:00:00+0000,https://assets.laliga.com/assets/2020/09/01/medium/27002754a98bf535807fe49a24cc63ea.png,16.0,Midfielder,https://assets.laliga.com/squad/2021/t173/p156305/512x556/p156305_t173_2021_1_001_000.png,Mendizorroza,https://assets.laliga.com/assets/2019/06/17/medium/6b906780ba96aa6689192fb9afcaac6b.png,60.0,25.0,35.0,17.0,,,2.0,46.0,3.0,2.0,,1.0,,,1.0,,,176.0,82.0,94.0,44.0,170.0,14.0,1.0,17.0,,,,,5.0,26.0,22.0,4.0,5.0,,116.0,57.0,59.0,3.0,3.0,,3.0,57.0,21.0,7.0,,1.0,101.0,3.0,392.0,,,,,,,,,3.0,,35.0,25.0,93.0,1.0,1.0,78.0,,,,,,,,,4.0,9.0,15.0,,8.0,2.0,,1.0,1.0,7.0,25.0,7.0,4.0,20.0,261.0,151.0,114.0,244.0,16.0,14.0,38.0,,,,1305.0,16.0,26.0,25.0,23.0,166.0,395.0,1.0,13.0,264.0,30.0,25.0,131.0,628.0,,2.0,2.0,2.0,18.0,1.0,28.0,102.0,31.0,103.0,2.0,6.0
LaLiga Santander,https://www.laliga.com/en-ES/player/melero,6201,melero,Gonzalo Melero,Melero,Gonzalo,Melero,male,1994-01-02T00:00:00+00:00,Madrid,77.0,183.0,False,,,ES,Levante UD,LEV,1909-09-07T00:00:00+0000,https://assets.laliga.com/assets/2019/06/07/medium/levante.png,22.0,Midfielder,https://assets.laliga.com/squad/2021/t855/p195457/512x556/p195457_t855_2021_1_001_000.png,Estadio Ciutat de València,https://assets.laliga.com/assets/2021/07/21/medium/ae79ef9d1c26baf8602706ba1acef94b.png,59.0,31.0,28.0,29.0,1.0,,4.0,172.0,6.0,8.0,,,,,2.0,,,201.0,108.0,93.0,40.0,201.0,12.0,,29.0,,,2.0,,7.0,39.0,33.0,6.0,6.0,1.0,142.0,77.0,65.0,2.0,1.0,,3.0,52.0,7.0,14.0,,,180.0,2.0,756.0,,,,,,,2.0,2.0,1.0,,22.0,13.0,96.0,,6.0,215.0,,,,,,,,,5.0,11.0,20.0,,14.0,9.0,,,,12.0,22.0,1.0,15.0,23.0,641.0,300.0,353.0,630.0,13.0,16.0,38.0,5.0,,4.0,1696.0,39.0,22.0,20.0,27.0,191.0,768.0,,16.0,653.0,29.0,28.0,115.0,1023.0,,3.0,3.0,14.0,3.0,2.0,15.0,75.0,43.0,100.0,3.0,5.0
LaLiga Santander,https://www.laliga.com/en-ES/player/gonzalo-montiel,9585,gonzalo-montiel,Gonzalo Montiel,G. Montiel,Gonzalo,Montiel,male,1997-01-01T00:00:00+00:00,La Matanza,69.0,178.0,False,,,AR,Sevilla FC,SEV,1905-10-14T00:00:00+0000,https://assets.laliga.com/assets/2019/06/07/medium/sevilla.png,2.0,Defender,https://assets.laliga.com/squad/2021/t179/p218430/512x556/p218430_t179_2021_1_001_000.png,Ramón Sánchez-Pizjuán,https://assets.laliga.com/assets/2021/01/20/medium/5a52ab192cd4e4b1cc3e3a752d99c4e8.png,17.0,7.0,10.0,18.0,1.0,,0.0,122.0,,2.0,,4.0,,,13.0,,,78.0,38.0,40.0,15.0,204.0,7.0,,18.0,,,2.0,,1.0,11.0,8.0,3.0,,1.0,61.0,31.0,30.0,,,,1.0,48.0,10.0,9.0,,,204.0,4.0,551.0,,,,,,,,,1.0,,27.0,6.0,68.0,,1.0,26.0,,,,,,,,,4.0,1.0,15.0,,9.0,3.0,,7.0,7.0,3.0,9.0,6.0,,18.0,432.0,211.0,232.0,418.0,11.0,4.0,38.0,,10.0,81.0,1068.0,10.0,16.0,9.0,12.0,184.0,556.0,,5.0,436.0,15.0,17.0,120.0,805.0,,26.0,26.0,5.0,21.0,,41.0,98.0,48.0,79.0,1.0,7.0
LaLiga Santander,https://www.laliga.com/en-ES/player/gonzalo-verdu,7142,gonzalo-verdu,Gonzalo Verdú,Gonzalo Verdú,Gonzalo,Verdú,male,1988-10-21T00:00:00+00:00,Cartagena,80.0,185.0,False,https://twitter.com/gonzaloverdu,,ES,Elche CF,ELC,1923-03-01T00:00:00+0000,https://assets.laliga.com/assets/2019/06/07/medium/elche.png,5.0,Defender,https://assets.laliga.com/squad/2021/t954/p201550/512x556/p201550_t954_2021_1_001_000.png,Estadio Martínez Valero,https://assets.laliga.com/assets/2019/08/12/medium/150e2d322086b631feb7ec0016b982f6.png,51.0,23.0,28.0,19.0,,1.0,0.0,42.0,,14.0,,4.0,,,1.0,,,112.0,52.0,60.0,35.0,203.0,9.0,,19.0,,,,,,14.0,12.0,2.0,,,61.0,29.0,32.0,2.0,,,0.0,30.0,13.0,,,,219.0,,677.0,,,1.0,,,,,,3.0,,11.0,6.0,58.0,,,243.0,,,,,,,,,3.0,,16.0,,5.0,3.0,,,,,23.0,12.0,,66.0,570.0,125.0,470.0,529.0,10.0,9.0,38.0,1.0,1.0,,1387.0,,58.0,23.0,14.0,121.0,707.0,,3.0,595.0,19.0,5.0,112.0,864.0,,,,,34.0,,70.0,80.0,32.0,42.0,0.0,11.0
LaLiga Santander,https://www.laliga.com/en-ES/player/g-villar,7608,g-villar,Gonzalo Villar,G. Villar,Gonzalo,Villar,male,1998-03-23T00:00:00+00:00,Murcia,73.0,181.0,False,https://twitter.com/Gonzalo8Villar,https://instagram.com/gonzalovillar8/,ES,Getafe CF,GET,1983-03-30T00:00:00+0000,https://assets.laliga.com/assets/2019/06/07/medium/getafe.png,6.0,Midfielder,https://assets.laliga.com/squad/2021/t1450/p450782/512x556/p450782_t1450_2021_1_001_000.png,Coliseum Alfonso Pérez,https://assets.laliga.com/assets/2019/06/17/medium/b881ba5a6846e7ccdbc3a6a75a2c5e69.png,10.0,6.0,4.0,10.0,1.0,,0.0,28.0,,1.0,,,,,1.0,,,50.0,21.0,29.0,13.0,38.0,4.0,,10.0,,,1.0,,,6.0,6.0,,,,40.0,15.0,25.0,,,,0.0,93.0,1.0,,,,30.0,,132.0,,,,,,,,,,,6.0,3.0,18.0,,,41.0,,,,,,,,,,2.0,2.0,,1.0,8.0,,,,8.0,5.0,,,10.0,113.0,52.0,64.0,106.0,2.0,3.0,38.0,2.0,,2.0,291.0,4.0,,9.0,13.0,33.0,137.0,,2.0,116.0,5.0,2.0,21.0,199.0,,1.0,1.0,,3.0,,6.0,14.0,8.0,15.0,0.0,
LaLiga Santander,https://www.laliga.com/en-ES/player/guedes,2663,guedes,Gonçalo Manuel Ganchinho Guedes,Guedes,Gonçalo Manuel,Ganchinho Guedes,male,1996-11-29T00:00:00+00:00,Benavente,68.0,179.0,True,,,PT,Valencia CF,VAL,1919-03-18T00:00:00+0000,https://assets.laliga.com/assets/2019/06/07/medium/valencia.png,7.0,Midfielder,https://assets.laliga.com/squad/2021/t191/p181284/512x556/p181284_t191_2021_1_001_000.png,Camp de Mestalla,https://assets.laliga.com/assets/2019/06/17/medium/984682326cdbb55f5034778b7690a795.png,45.0,29.0,16.0,36.0,5.0,3.0,6.0,117.0,19.0,,,2.0,,31.0,37.0,,,361.0,186.0,175.0,67.0,267.0,14.0,1.0,36.0,,,6.0,,11.0,42.0,34.0,8.0,8.0,3.0,316.0,157.0,159.0,6.0,3.0,2.0,5.0,51.0,9.0,37.0,,2.0,156.0,5.0,707.0,,,,,,,2.0,1.0,6.0,,56.0,14.0,108.0,,6.0,196.0,,,,,,,,,22.0,28.0,30.0,,16.0,6.0,7.0,32.0,18.0,64.0,33.0,3.0,9.0,36.0,479.0,428.0,108.0,468.0,7.0,14.0,38.0,7.0,2.0,27.0,2613.0,106.0,1.0,37.0,74.0,526.0,736.0,,50.0,504.0,21.0,94.0,232.0,1393.0,18.0,78.0,57.0,60.0,11.0,3.0,32.0,277.0,33.0,200.0,2.0,3.0
LaLiga Santander,https://www.laliga.com/en-ES/player/gori,18851,gori,Gregorio Gracia Sánchez,Gori,Gregorio,Gracia Sánchez,male,2002-05-15T00:00:00+00:00,,,,False,,,ES,RCD Espanyol de Barcelona,ESP,1900-10-23T00:00:00+0000,https://assets.laliga.com/assets/2019/06/07/medium/espanyol.png,32.0,Defender,https://assets.laliga.com/squad/2021/t177/p513952/512x556/p513952_t177_2021_1_001_000.png,RCDE Stadium,https://assets.laliga.com/assets/2019/06/17/medium/306cc02af120e092849ddf38954bcb3e.png,1.0,1.0,,1.0,,,0.0,1.0,,,,,,,,,,2.0,2.0,,1.0,3.0,1.0,,1.0,,,,,,,,,,,1.0,1.0,,,,,0.0,1.0,,1.0,,,1.0,,6.0,,,,,,,,,,,2.0,2.0,,,,1.0,,,,,,,,,,,,,,1.0,,,,,,,,,5.0,4.0,1.0,5.0,,,38.0,1.0,,,8.0,,,1.0,,1.0,6.0,,,5.0,,,1.0,8.0,,,,,,,1.0,1.0,,,0.0,1.0
LaLiga Santander,https://www.laliga.com/en-ES/player/carrillo-4,2270,carrillo-4,Guido Carrillo,Carrillo,Guido,Carrillo,male,1991-05-25T00:00:00+00:00,Magdalena,87.0,191.0,False,https://twitter.com/carrillogu,https://instagram.com/guidomcarrillo/,AR,Elche CF,ELC,1923-03-01T00:00:00+0000,https://assets.laliga.com/assets/2019/06/07/medium/elche.png,7.0,Forward,https://assets.laliga.com/squad/2021/t954/p98914/512x556/p98914_t954_2021_1_001_000.png,Estadio Martínez Valero,https://assets.laliga.com/assets/2019/08/12/medium/150e2d322086b631feb7ec0016b982f6.png,146.0,62.0,84.0,29.0,,,0.0,83.0,2.0,2.0,,1.0,,,2.0,,,242.0,122.0,120.0,42.0,72.0,17.0,,29.0,,,,,2.0,20.0,19.0,1.0,2.0,,96.0,60.0,36.0,2.0,1.0,2.0,2.0,78.0,1.0,6.0,,,61.0,6.0,276.0,,,,,,,,,2.0,,12.0,7.0,38.0,,1.0,79.0,,,,,,,,,11.0,10.0,11.0,,6.0,18.0,,,,8.0,22.0,,9.0,5.0,188.0,141.0,66.0,202.0,3.0,4.0,38.0,,1.0,1.0,1157.0,21.0,27.0,33.0,25.0,149.0,295.0,,21.0,207.0,7.0,40.0,88.0,501.0,,1.0,1.0,6.0,1.0,2.0,3.0,65.0,24.0,85.0,0.0,3.0
LaLiga Santander,https://www.laliga.com/en-ES/player/g-rodriguez,14494,g-rodriguez,Guido Rodríguez,G. Rodriguez,Guido,Rodríguez,male,1994-04-12T00:00:00+00:00,Sáenz Peña,78.0,185.0,False,,,AR,Real Betis,BET,1907-09-12T00:00:00+0000,https://assets.laliga.com/assets/2019/06/07/medium/betis.png,21.0,Midfielder,https://assets.laliga.com/squad/2021/t185/p197024/512x556/p197024_t185_2021_1_001_000.png,Estadio Benito Villamarín,https://assets.laliga.com/assets/2019/06/17/medium/f211dabccff68741a75d175307d78f59.png,50.0,17.0,33.0,32.0,,,1.0,180.0,8.0,12.0,,9.0,,,4.0,,,329.0,131.0,198.0,70.0,505.0,32.0,,32.0,,,2.0,,1.0,26.0,24.0,2.0,1.0,,279.0,114.0,165.0,3.0,1.0,1.0,0.0,49.0,31.0,12.0,,,437.0,2.0,1400.0,,,,,,,,,1.0,,68.0,43.0,206.0,1.0,,328.0,,,,,,,1.0,,5.0,8.0,29.0,,5.0,3.0,,1.0,1.0,18.0,34.0,10.0,11.0,100.0,1192.0,554.0,688.0,1141.0,44.0,53.0,38.0,3.0,,3.0,2533.0,26.0,51.0,47.0,50.0,264.0,1450.0,1.0,13.0,1241.0,97.0,11.0,209.0,1892.0,,3.0,3.0,9.0,34.0,,61.0,129.0,83.0,148.0,1.0,7.0
LaLiga Santander,https://www.laliga.com/en-ES/player/guillem-jaime,9526,guillem-jaime,Guillem Jaime,Guillem Jaime,Guillem,Jaime,male,1999-01-06T00:00:00+00:00,Tarragona,70.0,177.0,False,,,ES,FC Barcelona,BAR,1899-11-29T00:00:00+0000,https://assets.laliga.com/assets/2019/06/07/medium/barcelona.png,38.0,Defender,,Camp Nou,https://assets.laliga.com/assets/2019/06/17/medium/0623ce55ec3ee4e439ed6d24fe2ba77b.png,,,,,,,,,,,,,,,,,,,,,,,,,,,,,,,,,,,,,,,,,,,,,,,,,,,,,,,,,,,,,,,,,,,,,,,,,,,,,,,,,,,,,,,,,,,,,,,38.0,,,,,,,,,,,,,,,,,,,,,,,,,,,,,
LaLiga Santander,https://www.laliga.com/en-ES/player/helibelton-palacios,17132,helibelton-palacios,Helibelton Palacios Zapata,H.palacios,Helibelton,Palacios Zapata,male,1993-06-11T00:00:00+00:00,Santander de Quilichao,75.0,177.0,False,,,CO,Elche CF,ELC,1923-03-01T00:00:00+0000,https://assets.laliga.com/assets/2019/06/07/medium/elche.png,14.0,Defender,https://assets.laliga.com/squad/2021/t954/p149666/512x556/p149666_t954_2021_1_001_000.png,Estadio Martínez Valero,https://assets.laliga.com/assets/2019/08/12/medium/150e2d322086b631feb7ec0016b982f6.png,47.0,22.0,25.0,26.0,,,0.0,88.0,,8.0,,2.0,1.0,,5.0,,,236.0,85.0,151.0,34.0,314.0,19.0,,26.0,,,,,,28.0,26.0,2.0,,,189.0,63.0,126.0,1.0,,,0.0,100.0,18.0,7.0,1.0,,257.0,,710.0,,,1.0,,,,,,3.0,,46.0,13.0,115.0,,,68.0,,,,,,,,,1.0,,22.0,,5.0,4.0,,4.0,4.0,27.0,19.0,3.0,,24.0,556.0,288.0,288.0,548.0,31.0,38.0,38.0,,40.0,139.0,1931.0,18.0,57.0,28.0,30.0,265.0,727.0,,1.0,572.0,69.0,7.0,155.0,1249.0,,33.0,33.0,8.0,24.0,,41.0,113.0,75.0,114.0,0.0,6.0
LaLiga Santander,https://www.laliga.com/en-ES/player/hernani,2446,hernani,Hernâni Jorge Santos Fortes,Hernani,Hernâni Jorge,Santos Fortes,male,1991-08-20T00:00:00+00:00,Lisbon,72.0,179.0,False,,,PT,UD Las Palmas,LPA,1949-08-22T00:00:00+0000,https://assets.laliga.com/assets/2019/06/07/medium/las-palmas.png,3.0,Forward,,Estadio Gran Canaria,https://assets.laliga.com/assets/2019/08/12/medium/e0129e197124bb917f768da2112d594a.png,4.0,3.0,1.0,5.0,,,0.0,10.0,2.0,,,,,,2.0,,,12.0,5.0,7.0,1.0,5.0,,,5.0,,,,,,4.0,4.0,,,,8.0,2.0,6.0,,,,0.0,10.0,,1.0,,,6.0,1.0,22.0,,,,,,,,,,,,,7.0,,,2.0,,,,,,,,,1.0,2.0,,,,5.0,,1.0,1.0,5.0,,,,,18.0,15.0,5.0,19.0,,,44.0,,,2.0,91.0,2.0,,,1.0,17.0,23.0,,3.0,19.0,,7.0,4.0,51.0,,5.0,5.0,2.0,,,1.0,8.0,1.0,3.0,0.0,
LaLiga Santander,https://www.laliga.com/en-ES/player/hugo-duro,7122,hugo-duro,Hugo Duro,Hugo Duro,Hugo,Duro,male,1999-11-10T00:00:00+00:00,Getafe,70.0,177.0,False,,,ES,Valencia CF,VAL,1919-03-18T00:00:00+0000,https://assets.laliga.com/assets/2019/06/07/medium/valencia.png,19.0,Forward,https://assets.laliga.com/squad/2021/t191/p439716/512x556/p439716_t191_2021_1_001_000.png,Camp de Mestalla,https://assets.laliga.com/assets/2019/06/17/medium/984682326cdbb55f5034778b7690a795.png,110.0,70.0,40.0,30.0,,,,97.0,5.0,2.0,,1.0,,,8.0,,,281.0,160.0,121.0,55.0,106.0,16.0,2.0,30.0,,,1.0,,7.0,28.0,23.0,5.0,7.0,,171.0,90.0,81.0,3.0,2.0,1.0,,10.0,4.0,13.0,,3.0,89.0,7.0,355.0,,,1.0,,,,,,4.0,,34.0,22.0,64.0,1.0,2.0,81.0,,,,,,,,,11.0,15.0,22.0,,17.0,8.0,,1.0,1.0,13.0,31.0,2.0,13.0,5.0,250.0,195.0,74.0,263.0,6.0,19.0,38.0,,1.0,2.0,1844.0,44.0,16.0,29.0,44.0,227.0,373.0,1.0,26.0,268.0,25.0,69.0,105.0,709.0,,11.0,11.0,12.0,4.0,5.0,8.0,95.0,21.0,97.0,,2.0
LaLiga Santander,https://www.laliga.com/en-ES/player/hugo-gonzalez-1,23268,hugo-gonzalez-1,Hugo González,Hugo González,Hugo,Gonzalez,male,2003-02-07T00:00:00+00:00,Valencia,,,False,,,ES,Valencia CF,VAL,1919-03-18T00:00:00+0000,https://assets.laliga.com/assets/2019/06/07/medium/valencia.png,31.0,Midfielder,https://assets.laliga.com/squad/2021/t191/p492900/512x556/p492900_t191_2021_1_001_000.png,Camp de Mestalla,https://assets.laliga.com/assets/2019/06/17/medium/984682326cdbb55f5034778b7690a795.png,,,,,,,,,,,,,,,,,,,,,,,,,,,,,,,,,,,,,,,,,,,,,,,,,,,,,,,,,,,,,,,,,,,,,,,,,,,,,,,,,,,,,,,,,,,,,,,38.0,,,,,,,,,,,,,,,,,,,,,,,,,,,,,
LaLiga Santander,https://www.laliga.com/en-ES/player/hugo-g,9363,hugo-g,Hugo Guillamón,Hugo G.,Hugo,Guillamón,male,2000-01-31T00:00:00+00:00,L'Eliana,62.0,178.0,False,,,ES,Valencia CF,VAL,1919-03-18T00:00:00+0000,https://assets.laliga.com/assets/2019/06/07/medium/valencia.png,6.0,Defender,https://assets.laliga.com/squad/2021/t191/p437460/512x556/p437460_t191_2021_1_001_000.png,Camp de Mestalla,https://assets.laliga.com/assets/2019/06/17/medium/984682326cdbb55f5034778b7690a795.png,88.0,40.0,48.0,31.0,,,0.0,120.0,2.0,10.0,,3.0,,2.0,2.0,,,324.0,160.0,164.0,63.0,385.0,41.0,,31.0,3.0,,,,1.0,40.0,35.0,5.0,1.0,,236.0,120.0,116.0,3.0,,1.0,1.0,100.0,30.0,13.0,,,287.0,2.0,995.0,,1.0,,,,,,,5.0,,31.0,16.0,169.0,1.0,1.0,307.0,,,,,,,1.0,,3.0,2.0,28.0,1.0,8.0,3.0,,1.0,1.0,10.0,30.0,16.0,5.0,113.0,792.0,474.0,411.0,771.0,16.0,27.0,38.0,2.0,1.0,5.0,2366.0,27.0,49.0,71.0,63.0,276.0,1099.0,2.0,5.0,884.0,43.0,11.0,215.0,1443.0,2.0,5.0,3.0,6.0,35.0,1.0,74.0,156.0,64.0,141.0,1.0,8.0
LaLiga Santander,https://www.laliga.com/en-ES/player/hugo-mallo,586,hugo-mallo,Hugo Mallo,Hugo Mallo,Hugo,Mallo,male,1991-06-22T00:00:00+00:00,Marín,69.0,173.0,False,,https://instagram.com/hugomallo/,ES,RC Celta,CEL,1923-08-23T00:00:00+0000,https://assets.laliga.com/assets/2019/06/07/medium/celta.png,2.0,Defender,https://assets.laliga.com/squad/2021/t176/p76508/512x556/p76508_t176_2021_1_001_000.png,Estadio ABANCA Balaídos,https://assets.laliga.com/assets/2019/06/17/medium/0aef263ef366bd0b81369408adb27cd6.png,69.0,28.0,41.0,21.0,1.0,,0.0,149.0,4.0,9.0,,7.0,1.0,,10.0,,,195.0,97.0,98.0,43.0,384.0,24.0,,21.0,,,1.0,,1.0,25.0,21.0,4.0,1.0,,126.0,69.0,57.0,2.0,,,1.0,48.0,20.0,19.0,,1.0,383.0,6.0,940.0,,,1.0,,,,,,1.0,,41.0,14.0,97.0,2.0,,37.0,,,,,,,,,11.0,2.0,21.0,,2.0,,,11.0,11.0,8.0,22.0,8.0,2.0,29.0,720.0,379.0,364.0,703.0,20.0,25.0,38.0,,21.0,191.0,1828.0,18.0,47.0,38.0,4.0,350.0,953.0,2.0,13.0,732.0,45.0,43.0,221.0,1497.0,,62.0,62.0,8.0,43.0,,72.0,206.0,77.0,149.0,1.0,3.0
LaLiga Santander,https://www.laliga.com/en-ES/player/hugo-sotelo,19086,hugo-sotelo,Hugo Sotelo,Hugo Sotelo,Hugo,Sotelo,male,2003-12-19T00:00:00+00:00,,,,False,,,ES,RC Celta,CEL,1923-08-23T00:00:00+0000,https://assets.laliga.com/assets/2019/06/07/medium/celta.png,33.0,Midfielder,https://assets.laliga.com/squad/2021/t176/p538283/512x556/p538283_t176_2021_1_001_000.png,Estadio ABANCA Balaídos,https://assets.laliga.com/assets/2019/06/17/medium/0aef263ef366bd0b81369408adb27cd6.png,,,,1.0,,,0.0,,,,,,,,,,,,,,,,,,1.0,,,,,,1.0,,1.0,,,,,,,,,0.0,100.0,,,,,1.0,,1.0,,,,,,,,,,,,,1.0,,,,,,,,,,,,,,,,,1.0,,,,,,,,,1.0,,1.0,1.0,,,38.0,,,,1.0,,,,,,1.0,,,1.0,,,,1.0,,,,,,,,,,,0.0,
LaLiga Santander,https://www.laliga.com/en-ES/player/hugo-alvarez-1,24190,hugo-alvarez-1,Hugo Álvarez,Hugo Alvarez,Hugo,Álvarez,male,2003-07-02T00:00:00+00:00,,,,False,,,ES,RC Celta,CEL,1923-08-23T00:00:00+0000,https://assets.laliga.com/assets/2019/06/07/medium/celta.png,35.0,Midfielder,,Estadio ABANCA Balaídos,https://assets.laliga.com/assets/2019/06/17/medium/0aef263ef366bd0b81369408adb27cd6.png,,,,1.0,,,0.0,,,,,,,,,,,1.0,,1.0,,,,,1.0,,,,,,,,,,,1.0,,1.0,,,,0.0,86.0,,,,,2.0,,3.0,,,,,,,,,,,,,,,,1.0,,,,,,,,,1.0,,,,,1.0,,,,,,,,,1.0,1.0,,1.0,1.0,,38.0,,,,10.0,,1.0,,,4.0,3.0,,1.0,1.0,1.0,1.0,2.0,8.0,,,,,,,,2.0,,2.0,0.0,
LaLiga Santander,https://www.laliga.com/en-ES/player/hector-bellerin,2419,hector-bellerin,Héctor Bellerín,Bellerin,Héctor,Bellerín,male,1995-03-19T00:00:00+00:00,Badalona,74.0,178.0,False,,,ES,Real Betis,BET,1907-09-12T00:00:00+0000,https://assets.laliga.com/assets/2019/06/07/medium/betis.png,19.0,Defender,https://assets.laliga.com/squad/2021/t185/p98745/512x556/p98745_t185_2021_1_001_000.png,Estadio Benito Villamarín,https://assets.laliga.com/assets/2019/06/17/medium/f211dabccff68741a75d175307d78f59.png,46.0,19.0,27.0,23.0,2.0,,0.0,146.0,4.0,2.0,,8.0,,,11.0,,,196.0,81.0,115.0,55.0,338.0,10.0,,23.0,,,2.0,,,23.0,19.0,4.0,,,150.0,62.0,88.0,2.0,,,0.0,50.0,23.0,24.0,,,281.0,2.0,803.0,,1.0,,,,,,,2.0,,36.0,9.0,95.0,,,56.0,,,,,,,,,4.0,2.0,22.0,1.0,,1.0,,12.0,12.0,22.0,25.0,3.0,2.0,26.0,623.0,378.0,273.0,613.0,20.0,32.0,38.0,1.0,29.0,153.0,1979.0,28.0,55.0,23.0,14.0,304.0,821.0,1.0,6.0,639.0,52.0,46.0,182.0,1338.0,,30.0,30.0,20.0,16.0,,36.0,130.0,82.0,146.0,0.0,2.0
LaLiga Santander,https://www.laliga.com/en-ES/player/h-herrera,3689,h-herrera,Héctor Herrera,H. Herrera,Héctor,Herrera,male,1990-04-19T00:00:00+00:00,Tijuana,80.0,185.0,False,,,MX,Atlético de Madrid,ATM,1903-04-26T00:00:00+0000,https://assets.laliga.com/assets/2019/06/07/medium/atletico.png,16.0,Midfielder,https://assets.laliga.com/squad/2021/t175/p102578/512x556/p102578_t175_2021_1_001_000.png,Wanda Metropolitano,https://assets.laliga.com/assets/2019/06/17/medium/935f92c15c4d3442ef3f6d843beba0e1.png,47.0,24.0,23.0,21.0,,,0.0,62.0,3.0,2.0,,2.0,,2.0,2.0,,,124.0,61.0,63.0,32.0,201.0,12.0,,21.0,,,,,,9.0,8.0,1.0,,,77.0,37.0,40.0,,,,0.0,699.0,12.0,10.0,,,217.0,1.0,630.0,,,1.0,,,,,,2.0,,17.0,11.0,73.0,,,173.0,,,,,,,,,2.0,3.0,8.0,,4.0,13.0,,3.0,2.0,16.0,16.0,2.0,3.0,32.0,534.0,309.0,248.0,522.0,8.0,8.0,38.0,3.0,1.0,3.0,852.0,6.0,13.0,19.0,8.0,129.0,653.0,,5.0,554.0,16.0,7.0,99.0,808.0,1.0,7.0,4.0,3.0,4.0,,20.0,82.0,24.0,79.0,0.0,4.0
LaLiga Santander,https://www.laliga.com/en-ES/player/helder-costa,1766,helder-costa,Hélder Wander Sousa de Azevedo e Costa,Hélder Costa,Hélder Wander,Sousa de Azevedo e Costa,male,1994-01-12T00:00:00+00:00,Luanda,73.0,178.0,False,,,AO,Valencia CF,VAL,1919-03-18T00:00:00+0000,https://assets.laliga.com/assets/2019/06/07/medium/valencia.png,11.0,Midfielder,https://assets.laliga.com/squad/2021/t191/p165808/512x556/p165808_t191_2021_1_001_000.png,Camp de Mestalla,https://assets.laliga.com/assets/2019/06/17/medium/984682326cdbb55f5034778b7690a795.png,21.0,13.0,8.0,22.0,1.0,,0.0,60.0,3.0,1.0,,2.0,1.0,9.0,12.0,,,195.0,123.0,72.0,40.0,91.0,9.0,,22.0,,,1.0,,,23.0,22.0,1.0,,,174.0,110.0,64.0,1.0,,,0.0,87.0,3.0,16.0,,,67.0,1.0,244.0,,,,,,,,,4.0,,23.0,11.0,60.0,,,32.0,,,,,,,,,4.0,2.0,13.0,,8.0,9.0,2.0,12.0,11.0,23.0,19.0,,2.0,3.0,172.0,135.0,54.0,174.0,11.0,16.0,38.0,1.0,1.0,2.0,1117.0,57.0,7.0,28.0,14.0,204.0,250.0,,6.0,177.0,27.0,38.0,73.0,526.0,4.0,34.0,30.0,35.0,9.0,,11.0,83.0,24.0,62.0,0.0,3.0
LaLiga Santander,https://www.laliga.com/en-ES/player/iago-aspas,1479,iago-aspas,Iago Aspas,Iago Aspas,Iago,Aspas,male,1987-08-01T00:00:00+00:00,Moaña,67.0,176.0,True,https://twitter.com/aspas10,https://instagram.com/i.aspas10/,ES,RC Celta,CEL,1923-08-23T00:00:00+0000,https://assets.laliga.com/assets/2019/06/07/medium/celta.png,10.0,Forward,https://assets.laliga.com/squad/2021/t176/p40270/512x556/p40270_t176_2021_1_001_000.png,Estadio ABANCA Balaídos,https://assets.laliga.com/assets/2019/06/17/medium/0aef263ef366bd0b81369408adb27cd6.png,55.0,33.0,22.0,37.0,6.0,7.0,9.0,335.0,25.0,2.0,,6.0,1.0,32.0,45.0,,,270.0,133.0,137.0,88.0,205.0,6.0,,37.0,,,6.0,,18.0,39.0,36.0,3.0,15.0,3.0,215.0,100.0,115.0,4.0,,1.0,9.0,67.0,11.0,51.0,,14.0,427.0,20.0,1209.0,,,1.0,,,,5.0,3.0,4.0,,68.0,21.0,113.0,,4.0,270.0,,,,,,,,,24.0,41.0,36.0,,10.0,1.0,5.0,16.0,10.0,51.0,37.0,,47.0,48.0,911.0,696.0,254.0,886.0,7.0,7.0,38.0,11.0,,18.0,3093.0,64.0,18.0,22.0,50.0,535.0,1237.0,,65.0,934.0,14.0,205.0,303.0,1832.0,22.0,92.0,47.0,32.0,3.0,4.0,27.0,358.0,37.0,276.0,6.0,8.0
LaLiga Santander,https://www.laliga.com/en-ES/player/ibrahima-camara,25194,ibrahima-camara,Ibrahima Vaniel Cámara Silva,Ibra,Ibrahima Vaniel,Cámara Silva,male,2003-01-18T00:00:00+00:00,,,,False,,,ES,Atlético de Madrid,ATM,1903-04-26T00:00:00+0000,https://assets.laliga.com/assets/2019/06/07/medium/atletico.png,47.0,Defender,,Wanda Metropolitano,https://assets.laliga.com/assets/2019/06/17/medium/935f92c15c4d3442ef3f6d843beba0e1.png,,,,,,,,,,,,,,,,,,,,,,,,,,,,,,,,,,,,,,,,,,,,,,,,,,,,,,,,,,,,,,,,,,,,,,,,,,,,,,,,,,,,,,,,,,,,,,,38.0,,,,,,,,,,,,,,,,,,,,,,,,,,,,,
LaLiga Santander,https://www.laliga.com/en-ES/player/baba-1,8727,baba-1,Iddrisu Baba,Baba,Iddrisu,Baba,male,1996-01-22T00:00:00+00:00,Accra,73.0,185.0,False,,,GH,RCD Mallorca,MLL,1916-03-06T00:00:00+0000,https://assets.laliga.com/assets/2019/06/07/medium/mallorca.png,12.0,Midfielder,https://assets.laliga.com/squad/2021/t181/p463170/512x556/p463170_t181_2021_1_001_000.png,Visit Mallorca Estadi,https://assets.laliga.com/assets/2019/08/07/medium/6f67f604b5025b10ef0dc14d700586ae.png,76.0,35.0,41.0,26.0,,,1.0,106.0,6.0,5.0,,3.0,,,4.0,,,281.0,123.0,158.0,52.0,291.0,24.0,,26.0,,,1.0,,1.0,36.0,29.0,7.0,1.0,,205.0,88.0,117.0,,,,0.0,37.0,24.0,9.0,,,187.0,,755.0,,,,,,,,,2.0,,33.0,14.0,187.0,,1.0,187.0,,,,,,,,,9.0,8.0,23.0,,12.0,3.0,,1.0,1.0,22.0,31.0,8.0,2.0,52.0,600.0,264.0,352.0,563.0,27.0,30.0,38.0,,,1.0,1943.0,29.0,33.0,42.0,38.0,221.0,771.0,,17.0,615.0,57.0,9.0,156.0,1111.0,,4.0,4.0,9.0,16.0,,39.0,101.0,59.0,117.0,0.0,9.0
LaLiga Santander,https://www.laliga.com/en-ES/player/i-miquel,1865,i-miquel,Ignasi Miquel,I. Miquel,Ignasi,Miquel,male,1992-09-28T00:00:00+00:00,Corbera de Llobregat,82.0,188.0,False,https://twitter.com/_IgnasiMiquel_,https://instagram.com/ignasimiquel23,ES,SD Huesca,HUE,1960-03-29T00:00:00+0000,https://assets.laliga.com/assets/2019/06/07/medium/huesca.png,23.0,Defender,https://assets.laliga.com/squad/2021/t2894/p90801/512x556/p90801_t2894_2021_1_001_000.png,El Alcoraz,https://assets.laliga.com/assets/2019/08/12/medium/7f2417a1294943387e499185f8c1d565.png,139.0,55.0,84.0,34.0,,,2.0,67.0,1.0,28.0,,11.0,,,2.0,,,251.0,99.0,152.0,53.0,666.0,9.0,,34.0,2.0,,,,4.0,36.0,31.0,5.0,4.0,,112.0,44.0,68.0,,2.0,1.0,2.0,10.0,47.0,7.0,,,361.0,2.0,1690.0,,,,,,,,,,,22.0,12.0,159.0,1.0,2.0,655.0,,,,,,,1.0,,11.0,8.0,33.0,,4.0,1.0,,1.0,1.0,8.0,27.0,15.0,1.0,167.0,1397.0,361.0,1089.0,1282.0,15.0,16.0,42.0,3.0,2.0,16.0,2902.0,6.0,155.0,33.0,30.0,336.0,1749.0,1.0,19.0,1449.0,31.0,34.0,300.0,2182.0,,4.0,4.0,3.0,62.0,,156.0,194.0,110.0,144.0,0.0,8.0
LaLiga Santander,https://www.laliga.com/en-ES/player/zubeldia,4468,zubeldia,Igor Zubeldia,Zubeldia,Igor,Zubeldia,male,1997-03-30T00:00:00+00:00,Azkoitia,79.0,180.0,False,,https://instagram.com/igorzubeldia/,ES,Real Sociedad,RSO,1909-09-07T00:00:00+0000,https://assets.laliga.com/assets/2019/06/07/medium/real-sociedad.png,5.0,Midfielder,https://assets.laliga.com/squad/2021/t188/p216475/512x556/p216475_t188_2021_1_001_000.png,Reale Arena,https://assets.laliga.com/assets/2019/10/03/medium/b20727f80d7b4c9d5ad18acec9b663c5.png,77.0,35.0,42.0,26.0,1.0,,0.0,80.0,2.0,6.0,,3.0,,,3.0,,,137.0,69.0,68.0,42.0,370.0,15.0,,26.0,,,1.0,,,25.0,21.0,4.0,,,60.0,34.0,26.0,,,,0.0,95.0,27.0,1.0,,,348.0,1.0,1005.0,,,1.0,,,,,,4.0,,16.0,10.0,90.0,,,235.0,,,,,,,,,5.0,2.0,19.0,,7.0,7.0,,1.0,1.0,3.0,24.0,3.0,,47.0,881.0,267.0,639.0,858.0,10.0,10.0,38.0,2.0,5.0,2.0,1648.0,4.0,51.0,25.0,4.0,149.0,1033.0,,7.0,905.0,20.0,12.0,128.0,1219.0,,3.0,3.0,3.0,28.0,,61.0,83.0,48.0,67.0,0.0,7.0
LaLiga Santander,https://www.laliga.com/en-ES/player/iker-benito,25407,iker-benito,Iker Benito,I. Benito,Iker,Benito,male,2002-08-10T00:00:00+00:00,Miranda de Ebro,,,False,,,ES,CA Osasuna,OSA,1920-11-17T00:00:00+0000,https://assets.laliga.com/assets/2019/06/07/medium/osasuna.png,33.0,Forward,,Estadio El Sadar,https://assets.laliga.com/assets/2021/01/20/medium/c1b35f03ff875a4a12c7dcbd477d964a.png,2.0,1.0,1.0,4.0,,,0.0,5.0,,,,,,,1.0,,,19.0,11.0,8.0,4.0,9.0,,,4.0,,,,,,4.0,4.0,,,,17.0,10.0,7.0,,,,0.0,76.0,,1.0,,,5.0,,23.0,,,,,,,,,1.0,,3.0,2.0,4.0,,,4.0,,,,,,,,,2.0,1.0,1.0,,1.0,3.0,,1.0,1.0,2.0,2.0,,,,18.0,10.0,9.0,18.0,1.0,1.0,38.0,,,,116.0,8.0,1.0,1.0,3.0,23.0,23.0,,3.0,18.0,2.0,,5.0,63.0,,3.0,3.0,4.0,1.0,,1.0,5.0,3.0,4.0,0.0,1.0
LaLiga Santander,https://www.laliga.com/en-ES/player/muniain,407,muniain,Iker Muniain,Muniain,Iker,Muniain,male,1992-12-19T00:00:00+00:00,Pamplona,65.0,170.0,True,https://twitter.com/IkerMuniain19,,ES,Athletic Club,ATH,1898-12-31T00:00:00+0000,https://assets.laliga.com/assets/2019/06/07/medium/athletic.png,10.0,Forward,https://assets.laliga.com/squad/2021/t174/p76012/512x556/p76012_t174_2021_1_001_000.png,Estadio San Mamés,https://assets.laliga.com/assets/2019/06/17/medium/f020571f7c260516dfab3b9dc5df6348.png,14.0,9.0,5.0,35.0,10.0,6.0,2.0,275.0,10.0,1.0,,6.0,,132.0,33.0,,,329.0,146.0,183.0,43.0,439.0,9.0,2.0,35.0,,,10.0,,4.0,27.0,25.0,2.0,3.0,1.0,315.0,137.0,178.0,1.0,,,2.0,75.0,17.0,97.0,,,190.0,5.0,1243.0,,,,,,,3.0,1.0,3.0,,40.0,19.0,159.0,,4.0,469.0,,,,,,,,1.0,10.0,21.0,34.0,,19.0,1.0,33.0,53.0,9.0,65.0,21.0,,26.0,52.0,1052.0,926.0,291.0,1112.0,22.0,10.0,38.0,8.0,4.0,18.0,2802.0,95.0,3.0,15.0,81.0,514.0,1373.0,,31.0,1164.0,32.0,79.0,209.0,2069.0,59.0,120.0,28.0,39.0,4.0,3.0,21.0,302.0,27.0,188.0,1.0,3.0
LaLiga Santander,https://www.laliga.com/en-ES/player/iker-recio,15816,iker-recio,Iker Recio,Iker Recio,Iker,Recio,male,2001-06-17T00:00:00+00:00,,,,False,,,ES,Rayo Vallecano,RAY,1924-05-20T00:00:00+0000,https://assets.laliga.com/assets/2019/06/07/medium/rayo.png,27.0,Defender,https://assets.laliga.com/squad/2021/t184/p493097/512x556/p493097_t184_2021_1_001_000.png,Estadio de Vallecas,https://assets.laliga.com/assets/2019/08/12/medium/b86a37d70be8931c079066cc8c48817f.png,,,,,,,,,,,,,,,,,,,,,,,,,,,,,,,,,,,,,,,,,,,,,,,,,,,,,,,,,,,,,,,,,,,,,,,,,,,,,,,,,,,,,,,,,,,,,,,38.0,,,,,,,,,,,,,,,,,,,,,,,,,,,,,
LaLiga Santander,https://www.laliga.com/en-ES/player/iker-alvarez,18844,iker-alvarez,Iker Álvarez de Eulate Molne,Iker Alvarez,Iker,Álvarez de Eulate Molne,male,2001-07-25T00:00:00+00:00,Andorra la Vella,,190.0,False,,,AD,Villarreal CF,VIL,1923-03-10T00:00:00+0000,https://assets.laliga.com/assets/2019/06/07/medium/villarreal.png,31.0,Goalkeeper,https://assets.laliga.com/squad/2021/t449/p439062/512x556/p439062_t449_2021_1_001_000.png,Estadio de la Cerámica,https://assets.laliga.com/assets/2019/10/03/medium/ac940b8f6681d614e337d20d5bf7f0a8.png,,,,,,,,,,,,,,,,,,,,,,,,,,,,,,,,,,,,,,,,,,,,,,,,,,,,,,,,,,,,,,,,,,,,,,,,,,,,,,,,,,,,,,,,,,,,,,,38.0,,,,,,,,,,,,,,,,,,,,,,,,,,,,,
LaLiga Santander,https://www.laliga.com/en-ES/player/ilaix,14930,ilaix,Moriba Kourouma Kourouma,Ilaix,Moriba,Kourouma Kourouma,male,2003-01-19T00:00:00+00:00,Conakry,73.0,185.0,False,,,GN,Valencia CF,VAL,1919-03-18T00:00:00+0000,https://assets.laliga.com/assets/2019/06/07/medium/valencia.png,23.0,Midfielder,https://assets.laliga.com/squad/2021/t191/p465689/512x556/p465689_t191_2021_1_001_000.png,Camp de Mestalla,https://assets.laliga.com/assets/2019/06/17/medium/984682326cdbb55f5034778b7690a795.png,35.0,21.0,14.0,14.0,,1.0,0.0,47.0,4.0,,,1.0,,,2.0,,,150.0,78.0,72.0,27.0,103.0,17.0,,14.0,,,,,,11.0,9.0,2.0,,,115.0,57.0,58.0,,,,0.0,26.0,12.0,2.0,,,61.0,,273.0,,,,,,,,,2.0,,20.0,15.0,51.0,1.0,,67.0,,,,,,,,,5.0,5.0,9.0,,5.0,5.0,,1.0,1.0,7.0,18.0,3.0,2.0,12.0,210.0,142.0,73.0,202.0,8.0,18.0,38.0,2.0,,1.0,817.0,15.0,14.0,21.0,25.0,112.0,278.0,1.0,10.0,214.0,26.0,16.0,64.0,468.0,,2.0,2.0,7.0,10.0,,15.0,46.0,20.0,49.0,0.0,7.0
LaLiga Santander,https://www.laliga.com/en-ES/player/ilias-akhomach,24274,ilias-akhomach,Ilias Akhomach,Ilias,Ilias,Akhomach,male,2004-04-16T00:00:00+00:00,Hostalets de Pierola,,,False,,,ES,FC Barcelona,BAR,1899-11-29T00:00:00+0000,https://assets.laliga.com/assets/2019/06/07/medium/barcelona.png,37.0,Forward,,Camp Nou,https://assets.laliga.com/assets/2019/06/17/medium/0623ce55ec3ee4e439ed6d24fe2ba77b.png,3.0,2.0,1.0,2.0,,,0.0,15.0,2.0,,,,,,2.0,,,16.0,8.0,8.0,2.0,17.0,2.0,,2.0,,,,,,,,,,,13.0,6.0,7.0,,,,0.0,85.0,,4.0,,,10.0,,49.0,,,,,,,,,,,2.0,,11.0,,,7.0,,,,,,,,,,2.0,2.0,,2.0,,,2.0,2.0,1.0,,,,,43.0,40.0,5.0,43.0,2.0,,38.0,1.0,,,125.0,3.0,,3.0,4.0,14.0,49.0,,2.0,43.0,2.0,7.0,6.0,75.0,,4.0,4.0,2.0,,,1.0,9.0,1.0,5.0,0.0,
LaLiga Santander,https://www.laliga.com/en-ES/player/isco,66,isco,Francisco Román Alarcón Suárez,Isco,Francisco Román,Alarcón Suárez,male,1992-04-21T00:00:00+00:00,Benalmádena,79.0,176.0,True,https://twitter.com/isco_alarcon,https://instagram.com/iscoalarcon/,ES,Real Madrid,RMA,1902-03-06T00:00:00+0000,https://assets.laliga.com/assets/2019/06/07/medium/real-madrid.png,22.0,Midfielder,https://assets.laliga.com/squad/2021/t186/p80209/512x556/p80209_t186_2021_1_001_000.png,Estadio Santiago Bernabéu,https://assets.laliga.com/assets/2019/06/08/medium/e6695a8184f41deea3ad87dd9c12ab1f.png,6.0,2.0,4.0,14.0,,,0.0,44.0,4.0,,,,,7.0,1.0,,,67.0,29.0,38.0,8.0,63.0,5.0,,14.0,,,,,1.0,2.0,2.0,,1.0,,61.0,27.0,34.0,1.0,,,1.0,100.0,2.0,10.0,,,71.0,,248.0,,,,,,,,,,,4.0,1.0,19.0,,1.0,81.0,,,,,,,,,2.0,3.0,3.0,,3.0,11.0,2.0,2.0,,17.0,5.0,,4.0,12.0,225.0,152.0,85.0,223.0,4.0,5.0,38.0,4.0,,1.0,323.0,15.0,,7.0,8.0,58.0,259.0,,5.0,235.0,9.0,20.0,24.0,350.0,3.0,6.0,2.0,8.0,,1.0,5.0,27.0,3.0,19.0,0.0,1.0
LaLiga Santander,https://www.laliga.com/en-ES/player/isi-2,7276,isi-2,Isaac Palazón,Isi,Isaac,Palazón,male,1994-12-27T00:00:00+00:00,Cieza,71.0,169.0,False,,,ES,Rayo Vallecano,RAY,1924-05-20T00:00:00+0000,https://assets.laliga.com/assets/2019/06/07/medium/rayo.png,7.0,Midfielder,https://assets.laliga.com/squad/2021/t184/p434078/512x556/p434078_t184_2021_1_001_000.png,Estadio de Vallecas,https://assets.laliga.com/assets/2019/08/12/medium/b86a37d70be8931c079066cc8c48817f.png,119.0,73.0,46.0,34.0,3.0,6.0,1.0,206.0,20.0,3.0,,3.0,,40.0,15.0,,,438.0,245.0,193.0,70.0,234.0,17.0,,34.0,,,4.0,,2.0,26.0,22.0,4.0,1.0,1.0,319.0,172.0,147.0,,,2.0,1.0,63.0,13.0,30.0,,2.0,258.0,5.0,790.0,,,,,,,,,6.0,,49.0,28.0,161.0,,,115.0,,,,,,,,,25.0,13.0,27.0,,20.0,7.0,10.0,16.0,5.0,36.0,34.0,2.0,18.0,50.0,589.0,447.0,173.0,554.0,14.0,28.0,38.0,9.0,,3.0,2298.0,100.0,19.0,32.0,69.0,461.0,813.0,,38.0,604.0,42.0,51.0,209.0,1421.0,19.0,54.0,26.0,45.0,13.0,4.0,48.0,225.0,38.0,161.0,0.0,7.0
LaLiga Santander,https://www.laliga.com/en-ES/player/isma-ruiz,13532,isma-ruiz,Ismael Ruiz,Isma Ruiz,Ismael,Ruiz,male,2001-02-14T00:00:00+00:00,Gójar,67.0,180.0,False,,,ES,Granada CF,GRA,1931-01-01T00:00:00+0000,https://assets.laliga.com/assets/2019/06/07/medium/granada.png,26.0,Midfielder,https://assets.laliga.com/squad/2021/t5683/p485215/512x556/p485215_t5683_2021_1_001_000.png,Nuevo Los Cármenes,https://assets.laliga.com/assets/2019/08/07/medium/4de53714b029bf44d86c53bd0d6835d3.png,9.0,6.0,3.0,8.0,,,0.0,21.0,1.0,2.0,,,,,2.0,,,28.0,17.0,11.0,6.0,26.0,1.0,,8.0,,,,,,5.0,3.0,2.0,,,19.0,11.0,8.0,,,,0.0,100.0,3.0,2.0,,,43.0,1.0,123.0,,,,,,,,,,,5.0,3.0,18.0,,,33.0,,,,,,,,,2.0,1.0,3.0,,3.0,5.0,,,,2.0,5.0,1.0,,7.0,103.0,55.0,48.0,96.0,2.0,1.0,38.0,1.0,,,282.0,1.0,2.0,2.0,3.0,23.0,123.0,,3.0,103.0,3.0,3.0,20.0,154.0,,1.0,1.0,,2.0,,4.0,16.0,5.0,16.0,0.0,1.0
LaLiga Santander,https://www.laliga.com/en-ES/player/i-rakitic,137,i-rakitic,Ivan Rakitic,I. Rakitic,Ivan,Rakitic,male,1988-03-10T00:00:00+00:00,Rheinfelden,78.0,184.0,True,https://twitter.com/ivanrakitic,https://instagram.com/ivanrakitic/,HR,Sevilla FC,SEV,1905-10-14T00:00:00+0000,https://assets.laliga.com/assets/2019/06/07/medium/sevilla.png,10.0,Midfielder,https://assets.laliga.com/squad/2021/t179/p34703/512x556/p34703_t179_2021_1_001_000.png,Ramón Sánchez-Pizjuán,https://assets.laliga.com/assets/2021/01/20/medium/5a52ab192cd4e4b1cc3e3a752d99c4e8.png,68.0,30.0,38.0,35.0,6.0,4.0,0.0,271.0,6.0,8.0,,4.0,,52.0,7.0,,,238.0,118.0,120.0,54.0,435.0,28.0,,35.0,,,6.0,,4.0,19.0,14.0,5.0,2.0,2.0,170.0,88.0,82.0,,,,4.0,79.0,23.0,35.0,,,363.0,,1482.0,,,,,,,2.0,1.0,1.0,,57.0,23.0,149.0,,4.0,487.0,,,,,,,1.0,1.0,13.0,12.0,26.0,,14.0,9.0,18.0,29.0,4.0,8.0,27.0,4.0,17.0,117.0,1268.0,695.0,670.0,1219.0,18.0,22.0,38.0,5.0,2.0,15.0,2185.0,25.0,34.0,36.0,35.0,337.0,1556.0,,25.0,1336.0,40.0,27.0,220.0,1968.0,26.0,54.0,15.0,13.0,13.0,,66.0,214.0,60.0,154.0,0.0,5.0
LaLiga Santander,https://www.laliga.com/en-ES/player/saponjic,3118,saponjic,Ivan Saponjic,Saponjić,Ivan,Saponjic,male,1997-08-02T00:00:00+00:00,Nova Varoš,86.0,190.0,False,,,RS,,,,,,,,,,,,,,,,,,,,,,,,,,,,,,,,,,,,,,,,,,,,,,,,,,,,,,,,,,,,,,,,,,,,,,,,,,,,,,,,,,,,,,,,,,,,,,,,,,,,,,,,,,,,,,,,,,,,,,,,,,,,,,,,,,,,,
LaLiga Santander,https://www.laliga.com/en-ES/player/grbic,14848,grbic,Ivo Grbic,Grbić,Ivo,Grbic,male,1996-01-18T00:00:00+00:00,Split,83.0,195.0,False,,,HR,LOSC,LIL,,https://assets.laliga.com/assets/2021/03/11/medium/d706703d7789124be476fca8b5c49e46.png,1.0,Goalkeeper,,Stade Pierre-Mauroy,,11.0,,11.0,21.0,,,0.0,,,,14.0,2.0,,,,,2.0,16.0,2.0,14.0,,339.0,,,21.0,206.0,47.0,,,,28.0,23.0,5.0,,,5.0,2.0,3.0,,,,0.0,52.0,,,,,98.0,,250.0,,,,2.0,,,,,2.0,9.0,,,149.0,,,61.0,,59.0,3.0,36.0,22.0,20.0,,,,,21.0,,,,,,,1.0,,7.0,,108.0,160.0,74.0,238.0,204.0,,,38.0,,,,1890.0,2.0,23.0,,6.0,191.0,498.0,,,312.0,,,186.0,699.0,,,,,58.0,,182.0,145.0,41.0,4.0,0.0,3.0
LaLiga Santander,https://www.laliga.com/en-ES/player/i-alejo,4562,i-alejo,Iván Alejo,I. Alejo,Iván,Alejo,male,1995-02-10T00:00:00+00:00,Valladolid,73.0,184.0,False,https://twitter.com/ivanalejo7,https://instagram.com/ivanalejo7/,ES,Cádiz CF,CAD,1910-09-10T00:00:00+0000,https://assets.laliga.com/assets/2019/06/07/medium/cadiz.png,14.0,Midfielder,https://assets.laliga.com/squad/2021/t1737/p179926/512x556/p179926_t1737_2021_1_001_000.png,Estadio Nuevo Mirandilla,https://assets.laliga.com/assets/2019/08/12/medium/ec810605f774c1a9a3ed75de01826124.png,24.0,13.0,11.0,20.0,1.0,,0.0,55.0,3.0,,,1.0,,,16.0,,,214.0,122.0,92.0,27.0,81.0,22.0,,20.0,,,2.0,,2.0,9.0,8.0,1.0,2.0,,190.0,109.0,81.0,1.0,,1.0,2.0,63.0,8.0,18.0,,,66.0,5.0,223.0,,,1.0,,,,,,1.0,,30.0,12.0,74.0,,2.0,23.0,,,,,,,1.0,,5.0,4.0,11.0,,10.0,9.0,,25.0,24.0,15.0,12.0,,2.0,5.0,161.0,133.0,54.0,157.0,18.0,15.0,38.0,,,6.0,1068.0,45.0,13.0,37.0,33.0,229.0,225.0,,9.0,162.0,33.0,22.0,63.0,576.0,,72.0,72.0,28.0,10.0,,19.0,115.0,20.0,44.0,0.0,7.0
LaLiga Santander,https://www.laliga.com/en-ES/player/mauricio-arboleda,23691,mauricio-arboleda,Iván Arboleda,Arboleda,Iván,Arboleda,male,1996-04-21T00:00:00+00:00,Tumáco,80.0,182.0,False,,,CO,,,,,,,,,,,,,,,,,,,,,,,,,,,,,,,,,,,,,,,,,,,,,,,,,,,,,,,,,,,,,,,,,,,,,,,,,,,,,,,,,,,,,,,,,,,,,,,,,,,,,,,,,,,,,,,,,,,,,,,,,,,,,,,,,,,,,
LaLiga Santander,https://www.laliga.com/en-ES/player/balliu,12624,balliu,Iván Balliu,Balliu,Iván,Balliu,male,1992-01-01T00:00:00+00:00,Girona,63.0,172.0,False,,,AL,Rayo Vallecano,RAY,1924-05-20T00:00:00+0000,https://assets.laliga.com/assets/2019/06/07/medium/rayo.png,20.0,Defender,https://assets.laliga.com/squad/2021/t184/p97624/512x556/p97624_t184_2021_1_001_000.png,Estadio de Vallecas,https://assets.laliga.com/assets/2019/08/12/medium/b86a37d70be8931c079066cc8c48817f.png,57.0,34.0,23.0,35.0,1.0,,0.0,216.0,6.0,5.0,,8.0,,1.0,15.0,,,284.0,137.0,147.0,76.0,556.0,25.0,,35.0,,,2.0,,1.0,48.0,44.0,4.0,1.0,,227.0,103.0,124.0,2.0,,,1.0,46.0,39.0,42.0,,,439.0,4.0,1221.0,,,3.0,,,,,,7.0,,67.0,19.0,166.0,,1.0,43.0,,,,,,,,,6.0,3.0,35.0,1.0,,,,36.0,36.0,22.0,40.0,19.0,,75.0,927.0,607.0,386.0,882.0,23.0,22.0,38.0,1.0,69.0,357.0,3148.0,52.0,56.0,42.0,57.0,544.0,1254.0,1.0,9.0,957.0,45.0,42.0,297.0,2224.0,1.0,75.0,74.0,32.0,57.0,,117.0,284.0,88.0,180.0,0.0,10.0
LaLiga Santander,https://www.laliga.com/en-ES/player/ivan-chapela,23055,ivan-chapela,Iván Chapela,Chapela,Iván,Chapela,male,1999-05-21T00:00:00+00:00,Chiclana de la Frontera,,,False,,,ES,Cádiz CF,CAD,1910-09-10T00:00:00+0000,https://assets.laliga.com/assets/2019/06/07/medium/cadiz.png,27.0,Midfielder,https://assets.laliga.com/squad/2021/t1737/p224446/512x556/p224446_t1737_2021_1_001_000.png,Estadio Nuevo Mirandilla,https://assets.laliga.com/assets/2019/08/12/medium/ec810605f774c1a9a3ed75de01826124.png,10.0,6.0,4.0,9.0,,,0.0,10.0,1.0,1.0,,,,1.0,2.0,,,37.0,17.0,20.0,8.0,38.0,3.0,,9.0,,,,,,9.0,9.0,,,,27.0,11.0,16.0,,,,0.0,56.0,4.0,2.0,,,14.0,1.0,75.0,,,,,,,,,,,10.0,5.0,22.0,,,13.0,,,,,,,,,2.0,,4.0,,4.0,5.0,,,,3.0,4.0,2.0,,9.0,52.0,28.0,24.0,43.0,2.0,2.0,38.0,,,,400.0,5.0,5.0,4.0,9.0,48.0,75.0,,2.0,52.0,4.0,5.0,23.0,144.0,1.0,12.0,11.0,2.0,1.0,,5.0,27.0,8.0,18.0,0.0,
LaLiga Santander,https://www.laliga.com/en-ES/player/ivan-marcone,15073,ivan-marcone,Iván Marcone,Iván Marcone,Iván,Marcone,male,1990-06-03T00:00:00+00:00,Sarandi,79.0,184.0,False,,,AR,Elche CF,ELC,1923-03-01T00:00:00+0000,https://assets.laliga.com/assets/2019/06/07/medium/elche.png,23.0,Midfielder,https://assets.laliga.com/squad/2021/t954/p57400/512x556/p57400_t954_2021_1_001_000.png,Estadio Martínez Valero,https://assets.laliga.com/assets/2019/08/12/medium/150e2d322086b631feb7ec0016b982f6.png,9.0,3.0,6.0,20.0,,,0.0,46.0,1.0,3.0,,1.0,,,,,,76.0,32.0,44.0,26.0,142.0,11.0,,20.0,,,,,,16.0,14.0,2.0,,,67.0,29.0,38.0,,,,0.0,16.0,12.0,,,,138.0,,418.0,,,,,,,,,2.0,,15.0,5.0,59.0,,,104.0,,,,,,,,,1.0,,10.0,,8.0,10.0,,1.0,1.0,10.0,11.0,2.0,,22.0,342.0,141.0,214.0,332.0,10.0,14.0,38.0,1.0,1.0,,805.0,5.0,13.0,12.0,4.0,87.0,430.0,,1.0,354.0,24.0,2.0,76.0,535.0,,,,2.0,12.0,,22.0,44.0,32.0,54.0,0.0,5.0
LaLiga Santander,https://www.laliga.com/en-ES/player/ivan-martin,9655,ivan-martin,Iván Martín,Iván Martín,Iván,Martín,male,1999-02-14T00:00:00+00:00,Bilbao,,178.0,False,,,ES,Girona FC,GIR,1930-01-01T00:00:00+0000,https://assets.laliga.com/assets/2019/06/07/medium/girona.png,12.0,Midfielder,,Estadio Municipal de Montilivi,https://assets.laliga.com/assets/2019/08/12/medium/7b3a3afd7a48a2a9ad5563033a595f3c.png,21.0,14.0,7.0,17.0,1.0,,0.0,87.0,2.0,,,1.0,,1.0,2.0,,,106.0,54.0,52.0,28.0,141.0,6.0,,17.0,,,1.0,,,9.0,9.0,,,,85.0,40.0,45.0,2.0,,1.0,0.0,10.0,7.0,11.0,,,207.0,,507.0,,,,,,,,,,,13.0,6.0,63.0,,,74.0,,,,,,,,,5.0,4.0,8.0,,3.0,9.0,,1.0,1.0,24.0,15.0,,4.0,12.0,405.0,281.0,127.0,395.0,6.0,4.0,44.0,2.0,1.0,10.0,962.0,23.0,7.0,13.0,11.0,171.0,509.0,,9.0,407.0,10.0,31.0,102.0,689.0,,10.0,10.0,7.0,2.0,,10.0,92.0,20.0,92.0,0.0,
LaLiga Santander,https://www.laliga.com/en-ES/player/ivan-2,15893,ivan-2,Iván Romero,Iván,Iván,Romero,male,2001-04-10T00:00:00+00:00,La Solana,,172.0,False,,,ES,Sevilla FC,SEV,1905-10-14T00:00:00+0000,https://assets.laliga.com/assets/2019/06/07/medium/sevilla.png,36.0,Forward,https://assets.laliga.com/squad/2021/t179/p521508/512x556/p521508_t179_2021_1_001_000.png,Ramón Sánchez-Pizjuán,https://assets.laliga.com/assets/2021/01/20/medium/5a52ab192cd4e4b1cc3e3a752d99c4e8.png,11.0,10.0,1.0,5.0,,,0.0,12.0,1.0,,,,,,2.0,,,38.0,26.0,12.0,12.0,7.0,,,5.0,,,,,,1.0,1.0,,,,27.0,16.0,11.0,,,,0.0,100.0,2.0,,,,4.0,1.0,30.0,,,,,,,,,,,3.0,1.0,3.0,,,11.0,,,,,,,,,,1.0,2.0,,2.0,3.0,,,,3.0,4.0,,2.0,,24.0,16.0,12.0,28.0,,2.0,38.0,,,,178.0,12.0,,4.0,6.0,24.0,34.0,,1.0,28.0,2.0,7.0,6.0,71.0,,,,6.0,1.0,,1.0,6.0,,5.0,0.0,
LaLiga Santander,https://www.laliga.com/en-ES/player/ivan-sanz,25353,ivan-sanz,Iván Sanz,Ivan,Iván,Sanz,male,2003-01-08T00:00:00+00:00,,,,False,,,ES,Deportivo Alavés,ALA,1921-01-23T00:00:00+0000,https://assets.laliga.com/assets/2020/09/01/medium/27002754a98bf535807fe49a24cc63ea.png,38.0,Goalkeeper,,Mendizorroza,https://assets.laliga.com/assets/2019/06/17/medium/6b906780ba96aa6689192fb9afcaac6b.png,,,,,,,,,,,,,,,,,,,,,,,,,,,,,,,,,,,,,,,,,,,,,,,,,,,,,,,,,,,,,,,,,,,,,,,,,,,,,,,,,,,,,,,,,,,,,,,38.0,,,,,,,,,,,,,,,,,,,,,,,,,,,,,
LaLiga Santander,https://www.laliga.com/en-ES/player/iza,1917,iza,Isaac Carcelén,Iza,Isaac,Carcelén,male,1993-04-23T00:00:00+00:00,El Puerto de Santa María,69.0,170.0,False,,,ES,Cádiz CF,CAD,1910-09-10T00:00:00+0000,https://assets.laliga.com/assets/2019/06/07/medium/cadiz.png,20.0,Defender,https://assets.laliga.com/squad/2021/t1737/p111313/512x556/p111313_t1737_2021_1_001_000.png,Estadio Nuevo Mirandilla,https://assets.laliga.com/assets/2019/08/12/medium/ec810605f774c1a9a3ed75de01826124.png,34.0,19.0,15.0,25.0,1.0,1.0,0.0,80.0,3.0,6.0,,3.0,,5.0,9.0,,,188.0,94.0,94.0,47.0,238.0,13.0,,25.0,,,1.0,,,22.0,21.0,1.0,,,154.0,75.0,79.0,2.0,,1.0,0.0,87.0,34.0,8.0,,,216.0,1.0,545.0,,,,,,,,,8.0,,38.0,19.0,114.0,,,26.0,,,,,,,,,4.0,4.0,17.0,,8.0,8.0,,6.0,6.0,11.0,22.0,5.0,,37.0,425.0,221.0,222.0,400.0,14.0,29.0,38.0,2.0,28.0,97.0,1545.0,27.0,37.0,23.0,25.0,250.0,560.0,,8.0,437.0,43.0,14.0,123.0,1014.0,5.0,43.0,34.0,13.0,26.0,,41.0,109.0,57.0,82.0,0.0,2.0
LaLiga Santander,https://www.laliga.com/en-ES/player/inaki-pena,9409,inaki-pena,Ignacio Peña Sotorres,Iñaki Peña,Ignacio,Peña Sotorres,male,1999-03-02T00:00:00+00:00,Alicante,78.0,184.0,False,,,ES,FC Barcelona,BAR,1899-11-29T00:00:00+0000,https://assets.laliga.com/assets/2019/06/07/medium/barcelona.png,,Goalkeeper,https://assets.laliga.com/squad/2021/t178/p210341/512x556/p210341_t178_2021_1_001_000.png,Camp Nou,https://assets.laliga.com/assets/2019/06/17/medium/0623ce55ec3ee4e439ed6d24fe2ba77b.png,,,,,,,,,,,,,,,,,,,,,,,,,,,,,,,,,,,,,,,,,,,,,,,,,,,,,,,,,,,,,,,,,,,,,,,,,,,,,,,,,,,,,,,,,,,,,,,38.0,,,,,,,,,,,,,,,,,,,,,,,,,,,,,
LaLiga Santander,https://www.laliga.com/en-ES/player/williams,1702,williams,Iñaki Williams,Williams,Iñaki,Williams,male,1994-06-15T00:00:00+00:00,Bilbao,78.0,186.0,False,https://twitter.com/Williaaams45,,ES,Athletic Club,ATH,1898-12-31T00:00:00+0000,https://assets.laliga.com/assets/2019/06/07/medium/athletic.png,9.0,Forward,https://assets.laliga.com/squad/2021/t174/p197334/512x556/p197334_t174_2021_1_001_000.png,Estadio San Mamés,https://assets.laliga.com/assets/2019/06/17/medium/f020571f7c260516dfab3b9dc5df6348.png,106.0,56.0,50.0,38.0,5.0,,2.0,154.0,26.0,3.0,,5.0,,,53.0,,,291.0,160.0,131.0,101.0,126.0,8.0,,38.0,,,5.0,,8.0,25.0,23.0,2.0,8.0,,185.0,104.0,81.0,2.0,,4.0,6.0,48.0,3.0,28.0,,1.0,147.0,29.0,592.0,,,,,,,1.0,1.0,2.0,,41.0,15.0,58.0,,7.0,180.0,,,,,,,,,32.0,37.0,32.0,,14.0,6.0,,6.0,6.0,28.0,49.0,1.0,45.0,15.0,396.0,301.0,116.0,396.0,9.0,5.0,38.0,5.0,1.0,3.0,2786.0,70.0,20.0,24.0,40.0,412.0,607.0,,69.0,411.0,14.0,204.0,196.0,1116.0,,42.0,42.0,28.0,3.0,5.0,11.0,210.0,28.0,185.0,2.0,4.0
LaLiga Santander,https://www.laliga.com/en-ES/player/inigo-perez,402,inigo-perez,Iñigo Pérez,Iñigo Perez,Iñigo,Pérez,male,1988-01-18T00:00:00+00:00,Pamplona,74.0,178.0,False,,,ES,CA Osasuna,OSA,1920-11-17T00:00:00+0000,https://assets.laliga.com/assets/2019/06/07/medium/osasuna.png,21.0,Midfielder,https://assets.laliga.com/squad/2021/t450/p78874/512x556/p78874_t450_2021_1_001_000.png,Estadio El Sadar,https://assets.laliga.com/assets/2021/01/20/medium/c1b35f03ff875a4a12c7dcbd477d964a.png,13.0,11.0,2.0,10.0,,1.0,1.0,24.0,2.0,,,,,16.0,5.0,,,27.0,19.0,8.0,3.0,48.0,,,10.0,,,,,1.0,7.0,7.0,,,1.0,14.0,8.0,6.0,,,,0.0,92.0,,8.0,,1.0,17.0,,115.0,,,,,,,,,,,3.0,1.0,22.0,,,30.0,,,,,,,,1.0,1.0,1.0,4.0,,4.0,6.0,2.0,6.0,4.0,,,,,8.0,86.0,64.0,31.0,81.0,1.0,2.0,38.0,1.0,1.0,1.0,334.0,6.0,3.0,,3.0,64.0,119.0,,2.0,89.0,3.0,5.0,30.0,182.0,13.0,25.0,10.0,3.0,1.0,,6.0,49.0,6.0,24.0,0.0,
LaLiga Santander,https://www.laliga.com/en-ES/player/r-de-galarreta,819,r-de-galarreta,Íñigo Ruíz de Galarreta,R. De Galarreta,Iñigo,Ruiz de Galarreta,male,1993-08-06T00:00:00+00:00,Eibar,69.0,175.0,False,https://twitter.com/ruizdegal8,,ES,RCD Mallorca,MLL,1916-03-06T00:00:00+0000,https://assets.laliga.com/assets/2019/06/07/medium/mallorca.png,4.0,Midfielder,https://assets.laliga.com/squad/2021/t181/p96736/512x556/p96736_t181_2021_1_001_000.png,Visit Mallorca Estadi,https://assets.laliga.com/assets/2019/08/07/medium/6f67f604b5025b10ef0dc14d700586ae.png,30.0,12.0,18.0,22.0,,,0.0,72.0,2.0,2.0,,1.0,,5.0,3.0,,,193.0,76.0,117.0,42.0,272.0,17.0,,22.0,,,,,,18.0,16.0,2.0,,,163.0,64.0,99.0,,,,0.0,43.0,20.0,11.0,,,197.0,,708.0,,,,,,,,,2.0,,29.0,14.0,109.0,,,200.0,,,,,,,,,3.0,3.0,17.0,,15.0,5.0,1.0,2.0,1.0,26.0,26.0,3.0,4.0,41.0,585.0,354.0,260.0,571.0,19.0,21.0,38.0,5.0,,2.0,1386.0,24.0,20.0,25.0,33.0,190.0,741.0,,6.0,612.0,40.0,6.0,129.0,1003.0,2.0,12.0,7.0,9.0,9.0,,29.0,118.0,23.0,100.0,0.0,4.0
LaLiga Santander,https://www.laliga.com/en-ES/player/mata,1441,mata,Jaime Mata,Mata,Jaime,Mata,male,1988-10-24T00:00:00+00:00,Madrid,79.0,185.0,False,https://twitter.com/mata_jaime9,https://instagram.com/mata_jaime9/,ES,Getafe CF,GET,1983-03-30T00:00:00+0000,https://assets.laliga.com/assets/2019/06/07/medium/getafe.png,7.0,Forward,https://assets.laliga.com/squad/2021/t1450/p109270/512x556/p109270_t1450_2021_1_001_000.png,Coliseum Alfonso Pérez,https://assets.laliga.com/assets/2019/06/17/medium/b881ba5a6846e7ccdbc3a6a75a2c5e69.png,80.0,54.0,26.0,22.0,,,0.0,62.0,2.0,1.0,,,,,4.0,,,150.0,97.0,53.0,27.0,44.0,9.0,,22.0,,,,,1.0,9.0,9.0,,1.0,,70.0,43.0,27.0,1.0,,,1.0,19.0,1.0,8.0,,,43.0,9.0,186.0,,,,,,,,,,,11.0,3.0,21.0,,1.0,44.0,,,,,,,,,5.0,3.0,4.0,,4.0,18.0,,1.0,1.0,4.0,11.0,,8.0,2.0,125.0,90.0,43.0,130.0,2.0,5.0,38.0,,,2.0,660.0,11.0,5.0,25.0,17.0,118.0,193.0,,8.0,132.0,7.0,36.0,61.0,323.0,,9.0,9.0,5.0,,1.0,3.0,65.0,5.0,58.0,0.0,7.0
LaLiga Santander,https://www.laliga.com/en-ES/player/jakub-jankto,17745,jakub-jankto,Jakub Jankto,Jankto,Jakub,Jankto,male,1996-01-19T00:00:00+00:00,Praha,74.0,184.0,False,,,CZ,Getafe CF,GET,1983-03-30T00:00:00+0000,https://assets.laliga.com/assets/2019/06/07/medium/getafe.png,16.0,Midfielder,https://assets.laliga.com/squad/2021/t1450/p195577/512x556/p195577_t1450_2021_1_001_000.png,Coliseum Alfonso Pérez,https://assets.laliga.com/assets/2019/06/17/medium/b881ba5a6846e7ccdbc3a6a75a2c5e69.png,5.0,3.0,2.0,14.0,1.0,,0.0,52.0,4.0,,,,,1.0,7.0,,,43.0,19.0,24.0,12.0,83.0,1.0,,14.0,,,2.0,,,11.0,11.0,,,,38.0,16.0,22.0,,,,0.0,35.0,4.0,3.0,,,11.0,,183.0,,,,,,,,,1.0,,9.0,4.0,38.0,,,41.0,,,,,,,,,2.0,,6.0,1.0,3.0,8.0,,4.0,4.0,4.0,7.0,1.0,,6.0,128.0,76.0,60.0,126.0,4.0,7.0,38.0,1.0,6.0,27.0,584.0,6.0,7.0,3.0,7.0,101.0,187.0,1.0,2.0,132.0,11.0,10.0,55.0,317.0,1.0,23.0,22.0,2.0,16.0,,26.0,64.0,14.0,29.0,0.0,1.0
LaLiga Santander,https://www.laliga.com/en-ES/player/oblak,1470,oblak,Jan Oblak,Oblak,Jan,Oblak,male,1993-01-07T00:00:00+00:00,Skojfa Loka,87.0,188.0,True,,,SI,Atlético de Madrid,ATM,1903-04-26T00:00:00+0000,https://assets.laliga.com/assets/2019/06/07/medium/atletico.png,13.0,Goalkeeper,https://assets.laliga.com/squad/2021/t175/p81352/512x556/p81352_t175_2021_1_001_000.png,Wanda Metropolitano,https://assets.laliga.com/assets/2019/06/17/medium/935f92c15c4d3442ef3f6d843beba0e1.png,8.0,,8.0,38.0,,,0.0,,,,23.0,12.0,,,,1.0,4.0,16.0,,16.0,,671.0,,,38.0,292.0,146.0,,3.0,,43.0,37.0,6.0,,,8.0,,8.0,,,,0.0,46.0,1.0,,,,129.0,,467.0,,1.0,,8.0,,1.0,,,7.0,7.0,,,298.0,,,138.0,1.0,66.0,5.0,39.0,27.0,22.0,,,1.0,,38.0,,,,,,,2.0,,48.0,,207.0,282.0,116.0,371.0,280.0,,,38.0,,,,3420.0,,17.0,,7.0,456.0,938.0,,1.0,487.0,,1.0,451.0,1227.0,,,,,196.0,,446.0,359.0,92.0,5.0,0.0,1.0
LaLiga Santander,https://www.laliga.com/en-ES/player/jandro-orellana,14735,jandro-orellana,Alejandro Orellana Gómez,Jandro,Alejandro,Orellana Gómez,male,2000-08-07T00:00:00+00:00,Gavá,63.0,177.0,False,,,ES,FC Barcelona,BAR,1899-11-29T00:00:00+0000,https://assets.laliga.com/assets/2019/06/07/medium/barcelona.png,43.0,Midfielder,,Camp Nou,https://assets.laliga.com/assets/2019/06/17/medium/0623ce55ec3ee4e439ed6d24fe2ba77b.png,,,,,,,,,,,,,,,,,,,,,,,,,,,,,,,,,,,,,,,,,,,,,,,,,,,,,,,,,,,,,,,,,,,,,,,,,,,,,,,,,,,,,,,,,,,,,,,38.0,,,,,,,,,,,,,,,,,,,,,,,,,,,,,
LaLiga Santander,https://www.laliga.com/en-ES/player/jason,1093,jason,David Remeseiro Salgueiro,Jason,David,Remeseiro Salgueiro,male,1994-07-06T00:00:00+00:00,La Coruña,65.0,178.0,False,https://twitter.com/JasonRemeseiro,https://instagram.com/jasonremeseiro/,ES,Deportivo Alavés,ALA,1921-01-23T00:00:00+0000,https://assets.laliga.com/assets/2020/09/01/medium/27002754a98bf535807fe49a24cc63ea.png,25.0,Forward,https://assets.laliga.com/squad/2021/t173/p163784/512x556/p163784_t173_2021_1_001_000.png,Mendizorroza,https://assets.laliga.com/assets/2019/06/17/medium/6b906780ba96aa6689192fb9afcaac6b.png,25.0,16.0,9.0,14.0,1.0,1.0,,38.0,1.0,,,,,24.0,9.0,,,98.0,60.0,38.0,16.0,67.0,6.0,,14.0,,,1.0,,,10.0,8.0,2.0,,,73.0,44.0,29.0,2.0,,,,10.0,7.0,16.0,,,26.0,,136.0,,,1.0,,,,,,2.0,,17.0,7.0,37.0,,,22.0,,,,,,,,,6.0,2.0,10.0,,9.0,4.0,8.0,20.0,9.0,5.0,6.0,,5.0,5.0,79.0,85.0,25.0,85.0,4.0,7.0,38.0,1.0,,2.0,681.0,20.0,4.0,13.0,13.0,140.0,153.0,,8.0,90.0,11.0,10.0,63.0,329.0,13.0,41.0,14.0,13.0,7.0,,18.0,91.0,13.0,45.0,,1.0
LaLiga Santander,https://www.laliga.com/en-ES/player/cillessen,3235,cillessen,Jasper Cillessen,Cillessen,Jasper,Cillessen,male,1989-04-22T00:00:00+00:00,Groesbeek,83.0,185.0,True,https://twitter.com/JasperCillessen,https://instagram.com/jaspercillessen,NL,Valencia CF,VAL,1919-03-18T00:00:00+0000,https://assets.laliga.com/assets/2019/06/07/medium/valencia.png,13.0,Goalkeeper,https://assets.laliga.com/squad/2021/t191/p72162/512x556/p72162_t191_2021_1_001_000.png,Camp de Mestalla,https://assets.laliga.com/assets/2019/06/17/medium/984682326cdbb55f5034778b7690a795.png,2.0,,2.0,17.0,,,0.0,,,,4.0,3.0,,,,,2.0,3.0,1.0,2.0,,294.0,,,17.0,127.0,36.0,1.0,,,29.0,26.0,3.0,,,1.0,1.0,,,,,0.0,50.0,1.0,,,,47.0,,210.0,,,,6.0,,1.0,,,5.0,7.0,,,126.0,,,35.0,1.0,50.0,,33.0,17.0,12.0,,,,,17.0,,1.0,,,,,,,42.0,,118.0,138.0,78.0,152.0,112.0,,,38.0,,,,1458.0,,13.0,,1.0,148.0,376.0,,,230.0,,,146.0,519.0,,,,,65.0,,145.0,128.0,18.0,1.0,0.0,1.0
LaLiga Santander,https://www.laliga.com/en-ES/player/j-costa,82,j-costa,Jaume Costa,J. Costa,Jaume,Costa,male,1988-03-18T00:00:00+00:00,Valencia,62.0,171.0,False,https://twitter.com/jaumecosta11,,ES,RCD Mallorca,MLL,1916-03-06T00:00:00+0000,https://assets.laliga.com/assets/2019/06/07/medium/mallorca.png,18.0,Defender,https://assets.laliga.com/squad/2021/t181/p58792/512x556/p58792_t181_2021_1_001_000.png,Visit Mallorca Estadi,https://assets.laliga.com/assets/2019/08/07/medium/6f67f604b5025b10ef0dc14d700586ae.png,57.0,31.0,26.0,25.0,4.0,,0.0,137.0,5.0,7.0,,4.0,,,13.0,,,165.0,70.0,95.0,35.0,273.0,13.0,,25.0,,,4.0,,,32.0,27.0,5.0,,,108.0,39.0,69.0,1.0,,,0.0,32.0,23.0,16.0,,,36.0,2.0,721.0,,,,,,,,,3.0,,39.0,15.0,100.0,,,286.0,,,,,,,,,4.0,2.0,21.0,1.0,7.0,4.0,,18.0,18.0,9.0,19.0,6.0,2.0,25.0,541.0,334.0,236.0,527.0,9.0,26.0,38.0,2.0,47.0,154.0,1830.0,11.0,54.0,21.0,26.0,312.0,732.0,1.0,6.0,552.0,35.0,19.0,180.0,1243.0,,57.0,57.0,5.0,32.0,,61.0,192.0,45.0,119.0,0.0,5.0
LaLiga Santander,https://www.laliga.com/en-ES/player/domenech,1121,domenech,Jaume Doménech,Domenech,Jaume,Doménech,male,1990-11-05T00:00:00+00:00,Almenara,73.0,185.0,False,,https://instagram.com/jaudomenech/,ES,Valencia CF,VAL,1919-03-18T00:00:00+0000,https://assets.laliga.com/assets/2019/06/07/medium/valencia.png,1.0,Goalkeeper,https://assets.laliga.com/squad/2021/t191/p116732/512x556/p116732_t191_2021_1_001_000.png,Camp de Mestalla,https://assets.laliga.com/assets/2019/06/17/medium/984682326cdbb55f5034778b7690a795.png,,,,4.0,,,0.0,,,,1.0,1.0,,,,,,,,,,81.0,,,4.0,26.0,13.0,,,,4.0,4.0,,,,,,,,,,0.0,59.0,,,,,11.0,,45.0,,,,,,,,,,1.0,,,28.0,,,8.0,,8.0,1.0,7.0,1.0,2.0,,,,,3.0,,,1.0,,,,,,10.0,,36.0,29.0,24.0,34.0,22.0,,,38.0,,,,342.0,,4.0,,,42.0,100.0,,,58.0,,,42.0,121.0,,,,,16.0,,42.0,36.0,6.0,,0.0,2.0
LaLiga Santander,https://www.laliga.com/en-ES/player/jaume-2,9650,jaume-2,Jaume Grau,Jaume,Jaume,Grau,male,1997-05-05T00:00:00+00:00,Tavernes de la Valldigna,67.0,182.0,False,,,ES,Real Zaragoza,ZAR,1932-03-18T00:00:00+0000,https://assets.laliga.com/assets/2019/06/07/medium/zaragoza.png,5.0,Midfielder,https://assets.laliga.com/squad/2021/t190/p219716/512x556/p219716_t190_2021_1_001_000.png,Estadio de La Romareda,https://assets.laliga.com/assets/2019/08/14/medium/2b0d6f3531ac76c33ff3d01511217906.png,23.0,12.0,11.0,12.0,,,1.0,39.0,1.0,1.0,,2.0,,,1.0,,,78.0,40.0,38.0,21.0,112.0,11.0,,12.0,,,,,2.0,11.0,10.0,1.0,2.0,,55.0,28.0,27.0,2.0,,,1.0,10.0,12.0,2.0,1.0,1.0,86.0,,329.0,1.0,,,,,,,,1.0,,10.0,7.0,49.0,,,93.0,,,,,,,,,,2.0,7.0,,1.0,5.0,,2.0,2.0,2.0,11.0,7.0,,20.0,277.0,132.0,148.0,258.0,12.0,13.0,42.0,,,,734.0,4.0,12.0,17.0,,66.0,330.0,,2.0,278.0,25.0,3.0,52.0,429.0,,3.0,3.0,,10.0,1.0,21.0,43.0,12.0,31.0,0.0,4.0
LaLiga Santander,https://www.laliga.com/en-ES/player/javi-diaz,8228,javi-diaz,Javier Díaz,Javi Diaz,Javier,Díaz,male,1997-05-15T00:00:00+00:00,Mairena del Aljarafe,75.0,184.0,False,,,ES,Sevilla FC,SEV,1905-10-14T00:00:00+0000,https://assets.laliga.com/assets/2019/06/07/medium/sevilla.png,31.0,Goalkeeper,https://assets.laliga.com/squad/2021/t179/p451787/512x556/p451787_t179_2021_1_001_000.png,Ramón Sánchez-Pizjuán,https://assets.laliga.com/assets/2021/01/20/medium/5a52ab192cd4e4b1cc3e3a752d99c4e8.png,,,,1.0,,,0.0,,,,,,,,,,1.0,,,,,14.0,,,1.0,4.0,1.0,,,,1.0,1.0,,,,,,,,,,0.0,22.0,,,,,13.0,,24.0,,,,,,,,,,,,,5.0,,,5.0,,1.0,,,1.0,,,,,,1.0,,,,,,,,,3.0,,7.0,21.0,,26.0,19.0,,,38.0,,,,90.0,,,,,6.0,32.0,,,26.0,,,6.0,36.0,,,,,3.0,,5.0,3.0,3.0,1.0,0.0,
LaLiga Santander,https://www.laliga.com/en-ES/player/javi-galan,3956,javi-galan,Javier Galán Gil,Javi Galan,Javier,Galán Gil,male,1994-11-19T00:00:00+00:00,Badajoz,70.0,172.0,False,,,ES,RC Celta,CEL,1923-08-23T00:00:00+0000,https://assets.laliga.com/assets/2019/06/07/medium/celta.png,17.0,Midfielder,https://assets.laliga.com/squad/2021/t176/p219717/512x556/p219717_t176_2021_1_001_000.png,Estadio ABANCA Balaídos,https://assets.laliga.com/assets/2019/06/17/medium/0aef263ef366bd0b81369408adb27cd6.png,73.0,48.0,25.0,37.0,3.0,1.0,0.0,360.0,3.0,8.0,,12.0,,4.0,24.0,,,527.0,234.0,293.0,108.0,493.0,30.0,,37.0,,,3.0,,,43.0,38.0,5.0,,,454.0,186.0,268.0,2.0,,1.0,0.0,58.0,45.0,20.0,,,61.0,11.0,1596.0,,,,,,,,,4.0,,89.0,40.0,234.0,,,709.0,,,,,,,,,11.0,5.0,37.0,,2.0,,,30.0,30.0,85.0,52.0,12.0,,75.0,1304.0,666.0,694.0,1255.0,42.0,66.0,38.0,1.0,43.0,337.0,3300.0,77.0,39.0,54.0,75.0,643.0,1623.0,,16.0,1330.0,108.0,40.0,293.0,2854.0,4.0,143.0,133.0,40.0,51.0,,100.0,326.0,110.0,193.0,0.0,9.0
LaLiga Santander,https://www.laliga.com/en-ES/player/javi-llabres,24282,javi-llabres,Javier Llabrés Expósito,Javi Llabres,Javier,Llabrés Expósito,male,2002-09-11T00:00:00+00:00,,,,False,,,ES,RCD Mallorca,MLL,1916-03-06T00:00:00+0000,https://assets.laliga.com/assets/2019/06/07/medium/mallorca.png,34.0,Forward,,Visit Mallorca Estadi,https://assets.laliga.com/assets/2019/08/07/medium/6f67f604b5025b10ef0dc14d700586ae.png,2.0,1.0,1.0,5.0,,,0.0,19.0,3.0,,,,,1.0,,,,12.0,5.0,7.0,7.0,11.0,,,5.0,,,,,,2.0,2.0,,,,10.0,4.0,6.0,,,,0.0,53.0,,3.0,,,9.0,1.0,57.0,,,,,,,,,,,1.0,1.0,9.0,,,19.0,,,,,,,,,,2.0,1.0,,1.0,4.0,,,,4.0,5.0,,2.0,3.0,47.0,35.0,13.0,45.0,1.0,1.0,38.0,,,1.0,129.0,3.0,,,,22.0,58.0,,2.0,48.0,2.0,4.0,10.0,88.0,,4.0,4.0,2.0,4.0,1.0,4.0,12.0,2.0,6.0,0.0,
LaLiga Santander,https://www.laliga.com/en-ES/player/javi-martinez-2,8728,javi-martinez-2,Javier Martínez,Javi Martinez,Javier,Martínez,male,1999-12-22T00:00:00+00:00,Ólvega,68.0,180.0,False,,,ES,CA Osasuna,OSA,1920-11-17T00:00:00+0000,https://assets.laliga.com/assets/2019/06/07/medium/osasuna.png,28.0,Midfielder,https://assets.laliga.com/squad/2021/t450/p463057/512x556/p463057_t450_2021_1_001_000.png,Estadio El Sadar,https://assets.laliga.com/assets/2021/01/20/medium/c1b35f03ff875a4a12c7dcbd477d964a.png,27.0,17.0,10.0,26.0,1.0,,1.0,75.0,1.0,,,,,5.0,1.0,,,114.0,64.0,50.0,21.0,104.0,6.0,,26.0,,,1.0,,1.0,16.0,15.0,1.0,1.0,,87.0,47.0,40.0,1.0,,,0.0,53.0,9.0,10.0,,,103.0,,353.0,,,,,,,,,2.0,,21.0,6.0,62.0,,1.0,79.0,,,,,,,,,6.0,2.0,9.0,,8.0,17.0,1.0,6.0,4.0,11.0,11.0,3.0,3.0,8.0,274.0,195.0,92.0,273.0,7.0,14.0,38.0,,,4.0,868.0,15.0,9.0,15.0,9.0,148.0,361.0,,8.0,281.0,21.0,26.0,80.0,536.0,3.0,25.0,21.0,5.0,8.0,,12.0,81.0,24.0,68.0,1.0,1.0
LaLiga Santander,https://www.laliga.com/en-ES/player/castro-1,14526,castro-1,Javier Castro,Castro,Javier,Castro,male,2000-09-13T00:00:00+00:00,Madrid,75.0,183.0,False,,,ES,RC Celta,CEL,1923-08-23T00:00:00+0000,https://assets.laliga.com/assets/2019/06/07/medium/celta.png,38.0,Defender,,Estadio ABANCA Balaídos,https://assets.laliga.com/assets/2019/06/17/medium/0aef263ef366bd0b81369408adb27cd6.png,,,,,,,,,,,,,,,,,,,,,,,,,,,,,,,,,,,,,,,,,,,,,,,,,,,,,,,,,,,,,,,,,,,,,,,,,,,,,,,,,,,,,,,,,,,,,,,38.0,,,,,,,,,,,,,,,,,,,,,,,,,,,,,
LaLiga Santander,https://www.laliga.com/en-ES/player/javier-guerra,23124,javier-guerra,Javier Guerra,Javi Guerra,Javier,Guerra,male,2003-05-13T00:00:00+00:00,,,,False,,,ES,Valencia CF,VAL,1919-03-18T00:00:00+0000,https://assets.laliga.com/assets/2019/06/07/medium/valencia.png,30.0,Midfielder,https://assets.laliga.com/squad/2021/t191/p546540/512x556/p546540_t191_2021_1_001_000.png,Camp de Mestalla,https://assets.laliga.com/assets/2019/06/17/medium/984682326cdbb55f5034778b7690a795.png,,,,,,,,,,,,,,,,,,,,,,,,,,,,,,,,,,,,,,,,,,,,,,,,,,,,,,,,,,,,,,,,,,,,,,,,,,,,,,,,,,,,,,,,,,,,,,,38.0,,,,,,,,,,,,,,,,,,,,,,,,,,,,,
LaLiga Santander,https://www.laliga.com/en-ES/player/javi-lopez-4,12650,javi-lopez-4,Javier López,Javi Lopez,Javier,López,male,2002-03-25T00:00:00+00:00,Santa Cruz de Tenerife,,184.0,False,,,ES,Deportivo Alavés,ALA,1921-01-23T00:00:00+0000,https://assets.laliga.com/assets/2020/09/01/medium/27002754a98bf535807fe49a24cc63ea.png,27.0,Defender,https://assets.laliga.com/squad/2021/t173/p484406/512x556/p484406_t173_2021_1_001_000.png,Mendizorroza,https://assets.laliga.com/assets/2019/06/17/medium/6b906780ba96aa6689192fb9afcaac6b.png,6.0,6.0,,9.0,,,0.0,38.0,,1.0,,,,,1.0,,,46.0,24.0,22.0,12.0,62.0,2.0,,9.0,,,,,,12.0,11.0,1.0,,,40.0,18.0,22.0,,,,0.0,23.0,4.0,4.0,,,6.0,,151.0,,,,,,,,,,,9.0,6.0,13.0,,,53.0,,,,,,,1.0,,,,4.0,,1.0,5.0,,4.0,4.0,2.0,6.0,2.0,,10.0,117.0,55.0,72.0,113.0,2.0,6.0,38.0,,16.0,28.0,458.0,10.0,11.0,6.0,12.0,80.0,159.0,,,123.0,8.0,,36.0,293.0,,10.0,10.0,4.0,8.0,,17.0,35.0,11.0,19.0,0.0,2.0
LaLiga Santander,https://www.laliga.com/en-ES/player/j-ontiveros,3959,j-ontiveros,Javier Ontiveros,J. Ontiveros,Javier,Ontiveros,male,1997-09-09T00:00:00+00:00,Marbella,75.0,170.0,False,https://twitter.com/javi_ontiveros,https://instagram.com/javiontiveros11/,ES,CF Fuenlabrada,FUE,1975-06-05T00:00:00+0000,https://assets.laliga.com/assets/2019/06/07/medium/fuenlabrada.png,20.0,Forward,,Estadio Fernando Torres,https://assets.laliga.com/assets/2019/08/07/medium/529175d4a9b251db1de8faf7ac1a985d.png,35.0,21.0,14.0,16.0,4.0,6.0,1.0,84.0,11.0,,,,,22.0,15.0,,,213.0,120.0,93.0,29.0,133.0,11.0,,16.0,,,5.0,,1.0,27.0,25.0,2.0,,1.0,178.0,99.0,79.0,,,1.0,0.0,10.0,18.0,10.0,,,41.0,4.0,347.0,,,,,,,,,2.0,,31.0,11.0,67.0,,1.0,117.0,,,,,,,,,13.0,15.0,14.0,,8.0,2.0,2.0,16.0,9.0,31.0,18.0,,10.0,16.0,248.0,197.0,91.0,256.0,11.0,16.0,42.0,3.0,,17.0,1163.0,58.0,4.0,20.0,21.0,227.0,375.0,,28.0,272.0,27.0,25.0,103.0,711.0,10.0,34.0,20.0,24.0,1.0,1.0,17.0,113.0,24.0,86.0,0.0,7.0
LaLiga Santander,https://www.laliga.com/en-ES/player/javier-pastore,2599,javier-pastore,Javier Pastore,Pastore,Javier,Pastore,male,1989-06-26T00:00:00+00:00,Córdoba,78.0,187.0,False,,,AR,Elche CF,ELC,1923-03-01T00:00:00+0000,https://assets.laliga.com/assets/2019/06/07/medium/elche.png,15.0,Midfielder,https://assets.laliga.com/squad/2021/t954/p54782/512x556/p54782_t954_2021_1_001_000.png,Estadio Martínez Valero,https://assets.laliga.com/assets/2019/08/12/medium/150e2d322086b631feb7ec0016b982f6.png,10.0,6.0,4.0,13.0,,,0.0,53.0,3.0,1.0,,,,1.0,3.0,,,62.0,38.0,24.0,12.0,81.0,6.0,,13.0,,,,,,10.0,9.0,1.0,,,52.0,32.0,20.0,,,1.0,0.0,47.0,4.0,11.0,,,49.0,1.0,267.0,,,,,,,,,1.0,,12.0,4.0,26.0,,,87.0,,,,,,,,,3.0,2.0,6.0,1.0,6.0,7.0,,3.0,3.0,8.0,6.0,,8.0,14.0,207.0,141.0,71.0,195.0,4.0,3.0,38.0,3.0,,4.0,523.0,17.0,2.0,7.0,5.0,94.0,270.0,1.0,5.0,209.0,7.0,20.0,61.0,363.0,1.0,5.0,4.0,6.0,3.0,,11.0,52.0,14.0,50.0,0.0,2.0
LaLiga Santander,https://www.laliga.com/en-ES/player/puado,8600,puado,Javier Puado,Puado,Javier,Puado,male,1998-05-25T00:00:00+00:00,Barcelona,69.0,177.0,False,,,ES,RCD Espanyol de Barcelona,ESP,1900-10-23T00:00:00+0000,https://assets.laliga.com/assets/2019/06/07/medium/espanyol.png,9.0,Midfielder,https://assets.laliga.com/squad/2021/t177/p431434/512x556/p431434_t177_2021_1_001_000.png,RCDE Stadium,https://assets.laliga.com/assets/2019/06/17/medium/306cc02af120e092849ddf38954bcb3e.png,48.0,35.0,13.0,30.0,1.0,,2.0,211.0,14.0,2.0,,,1.0,,16.0,,,233.0,141.0,92.0,50.0,114.0,9.0,,30.0,,,1.0,,4.0,38.0,38.0,,4.0,,185.0,106.0,79.0,,1.0,1.0,2.0,67.0,11.0,20.0,,,126.0,6.0,601.0,,,,,,,,,4.0,,31.0,16.0,91.0,,3.0,158.0,,,,,,,,,14.0,12.0,26.0,,16.0,4.0,,3.0,3.0,30.0,22.0,1.0,20.0,11.0,502.0,312.0,201.0,499.0,10.0,14.0,38.0,4.0,2.0,7.0,2255.0,58.0,21.0,23.0,25.0,225.0,609.0,,26.0,510.0,24.0,64.0,99.0,954.0,,15.0,15.0,25.0,5.0,1.0,10.0,86.0,28.0,89.0,2.0,5.0
LaLiga Santander,https://www.laliga.com/en-ES/player/javier-serrano,22854,javier-serrano,Javier Serrano Martínez,J.serrano,Javier,Serrano Martínez,male,2003-01-16T00:00:00+00:00,Madrid,,,False,,,ES,Atlético de Madrid,ATM,1903-04-26T00:00:00+0000,https://assets.laliga.com/assets/2019/06/07/medium/atletico.png,26.0,Midfielder,https://assets.laliga.com/squad/2021/t175/p494930/512x556/p494930_t175_2021_1_001_000.png,Wanda Metropolitano,https://assets.laliga.com/assets/2019/06/17/medium/935f92c15c4d3442ef3f6d843beba0e1.png,5.0,1.0,4.0,5.0,,,0.0,6.0,,,,,,,,,,16.0,8.0,8.0,4.0,8.0,2.0,,5.0,,,,,,,,,,,11.0,7.0,4.0,,,,0.0,1.0,3.0,,,,12.0,,37.0,,,,,,,,,,,,,4.0,,,11.0,,,,,,,,,,,1.0,1.0,1.0,4.0,,,,,3.0,,,1.0,29.0,8.0,21.0,28.0,2.0,1.0,38.0,,,1.0,66.0,1.0,2.0,4.0,1.0,12.0,37.0,1.0,,29.0,3.0,,8.0,51.0,,,,1.0,2.0,,2.0,5.0,3.0,6.0,0.0,1.0
LaLiga Santander,https://www.laliga.com/en-ES/player/murillo,414,murillo,Jeison Murillo,Murillo,Jeison,Murillo,male,1992-05-27T00:00:00+00:00,Cali,78.0,182.0,True,https://twitter.com/JeisonMurillo19,,CO,RC Celta,CEL,1923-08-23T00:00:00+0000,https://assets.laliga.com/assets/2019/06/07/medium/celta.png,24.0,Defender,https://assets.laliga.com/squad/2021/t176/p107117/512x556/p107117_t176_2021_1_001_000.png,Estadio ABANCA Balaídos,https://assets.laliga.com/assets/2019/06/17/medium/0aef263ef366bd0b81369408adb27cd6.png,66.0,34.0,32.0,19.0,,,0.0,35.0,2.0,8.0,,4.0,,,1.0,,,115.0,53.0,62.0,23.0,210.0,7.0,,19.0,,,,,,20.0,18.0,2.0,,,49.0,19.0,30.0,,,1.0,0.0,32.0,17.0,1.0,,,179.0,,673.0,,,1.0,,,,,,3.0,,5.0,3.0,61.0,,,271.0,,,,,,,,,3.0,1.0,12.0,1.0,4.0,7.0,,,,3.0,15.0,2.0,,53.0,602.0,210.0,410.0,567.0,5.0,10.0,38.0,,,1.0,1116.0,3.0,33.0,13.0,13.0,83.0,695.0,1.0,4.0,620.0,15.0,8.0,75.0,828.0,,1.0,1.0,,16.0,,41.0,45.0,31.0,34.0,0.0,5.0
LaLiga Santander,https://www.laliga.com/en-ES/player/jonsson,5169,jonsson,Jens Jønsson,Jønsson,Jens,Jønsson,male,1993-01-10T00:00:00+00:00,Århus,78.0,182.0,False,,,DK,Cádiz CF,CAD,1910-09-10T00:00:00+0000,https://assets.laliga.com/assets/2019/06/07/medium/cadiz.png,2.0,Midfielder,https://assets.laliga.com/squad/2021/t1737/p102002/512x556/p102002_t1737_2021_1_001_000.png,Estadio Nuevo Mirandilla,https://assets.laliga.com/assets/2019/08/12/medium/ec810605f774c1a9a3ed75de01826124.png,41.0,13.0,28.0,22.0,1.0,,0.0,56.0,1.0,7.0,,,,,,,,137.0,53.0,84.0,32.0,97.0,10.0,,22.0,,,1.0,,,19.0,19.0,,,,96.0,40.0,56.0,,,,0.0,21.0,34.0,7.0,,,103.0,1.0,327.0,,,,,,,,,2.0,,13.0,10.0,83.0,,,74.0,,,,,,,,,5.0,,17.0,,16.0,5.0,,3.0,3.0,8.0,17.0,,2.0,6.0,249.0,115.0,139.0,245.0,11.0,29.0,38.0,,,1.0,1312.0,6.0,31.0,16.0,8.0,105.0,330.0,,5.0,251.0,40.0,16.0,79.0,522.0,,2.0,2.0,2.0,8.0,,17.0,49.0,32.0,62.0,0.0,3.0
LaLiga Santander,https://www.laliga.com/en-ES/player/ledesma,14864,ledesma,Jeremías Ledesma,Ledesma,Jeremías,Ledesma,male,1993-02-13T00:00:00+00:00,Pergamino,70.0,187.0,False,,,AR,Cádiz CF,CAD,1910-09-10T00:00:00+0000,https://assets.laliga.com/assets/2019/06/07/medium/cadiz.png,1.0,Goalkeeper,https://assets.laliga.com/squad/2021/t1737/p167210/512x556/p167210_t1737_2021_1_001_000.png,Estadio Nuevo Mirandilla,https://assets.laliga.com/assets/2019/08/12/medium/ec810605f774c1a9a3ed75de01826124.png,17.0,1.0,16.0,38.0,,,0.0,,,,37.0,13.0,,,1.0,,5.0,27.0,4.0,23.0,1.0,857.0,2.0,,38.0,253.0,179.0,,1.0,,51.0,47.0,4.0,,,10.0,3.0,7.0,,,,0.0,61.0,1.0,2.0,,,103.0,,412.0,,,2.0,13.0,,2.0,,,11.0,28.0,2.0,,358.0,,,74.0,2.0,120.0,6.0,79.0,40.0,38.0,,,,1.0,38.0,,,,,,,2.0,1.0,85.0,,294.0,231.0,232.0,258.0,196.0,2.0,1.0,38.0,,,,3420.0,,49.0,2.0,5.0,556.0,1034.0,,1.0,490.0,3.0,1.0,544.0,1396.0,,,,,172.0,,540.0,494.0,50.0,4.0,0.0,4.0
LaLiga Santander,https://www.laliga.com/en-ES/player/jesus-lopez-1,25852,jesus-lopez-1,Jesus Lopez,J.lopez,Jesus,Lopez,male,2002-08-01T00:00:00+00:00,,,187.0,False,,,ES,Elche CF,ELC,1923-03-01T00:00:00+0000,https://assets.laliga.com/assets/2019/06/07/medium/elche.png,30.0,Goalkeeper,,Estadio Martínez Valero,https://assets.laliga.com/assets/2019/08/12/medium/150e2d322086b631feb7ec0016b982f6.png,,,,,,,,,,,,,,,,,,,,,,,,,,,,,,,,,,,,,,,,,,,,,,,,,,,,,,,,,,,,,,,,,,,,,,,,,,,,,,,,,,,,,,,,,,,,,,,38.0,,,,,,,,,,,,,,,,,,,,,,,,,,,,,
LaLiga Santander,https://www.laliga.com/en-ES/player/areso,13804,areso,Jesús Areso,Areso,Jesús,Areso,male,1999-07-02T00:00:00+00:00,Cascante,81.0,182.0,False,,,ES,CA Osasuna,OSA,1920-11-17T00:00:00+0000,https://assets.laliga.com/assets/2019/06/07/medium/osasuna.png,32.0,Defender,https://assets.laliga.com/squad/2021/t450/p437549/512x556/p437549_t450_2021_1_001_000.png,Estadio El Sadar,https://assets.laliga.com/assets/2021/01/20/medium/c1b35f03ff875a4a12c7dcbd477d964a.png,9.0,6.0,3.0,3.0,,,0.0,9.0,,,,,,,1.0,,,25.0,15.0,10.0,4.0,18.0,2.0,,3.0,,,,,,5.0,5.0,,,,16.0,9.0,7.0,,,,0.0,13.0,,1.0,,,9.0,,38.0,,,,,,,,,,,,,6.0,,,2.0,,,,,,,,,,,2.0,,1.0,1.0,,,,,1.0,,,2.0,32.0,17.0,15.0,30.0,,3.0,38.0,,16.0,17.0,188.0,4.0,2.0,3.0,4.0,33.0,38.0,,,32.0,3.0,1.0,6.0,97.0,,2.0,2.0,,2.0,,3.0,7.0,1.0,3.0,0.0,1.0
LaLiga Santander,https://www.laliga.com/en-ES/player/jesus-manuel-corona,2396,jesus-manuel-corona,Jesús Corona,Tecatito,Jesús,Corona,male,1993-01-06T00:00:00+00:00,Hermosillo,59.0,173.0,False,,,MX,Sevilla FC,SEV,1905-10-14T00:00:00+0000,https://assets.laliga.com/assets/2019/06/07/medium/sevilla.png,9.0,Forward,https://assets.laliga.com/squad/2021/t179/p96432/512x556/p96432_t179_2021_1_001_000.png,Ramón Sánchez-Pizjuán,https://assets.laliga.com/assets/2021/01/20/medium/5a52ab192cd4e4b1cc3e3a752d99c4e8.png,20.0,13.0,7.0,18.0,3.0,,2.0,185.0,2.0,,,1.0,,12.0,9.0,,,146.0,81.0,65.0,36.0,113.0,3.0,,18.0,,,4.0,,2.0,10.0,5.0,5.0,2.0,,126.0,68.0,58.0,,1.0,,0.0,98.0,8.0,22.0,,1.0,100.0,7.0,514.0,,,,,,,,,1.0,,17.0,4.0,64.0,,,120.0,,,,,,,,,7.0,3.0,12.0,,9.0,6.0,4.0,12.0,8.0,19.0,19.0,,16.0,16.0,422.0,276.0,162.0,410.0,5.0,7.0,38.0,1.0,3.0,28.0,1161.0,54.0,5.0,11.0,27.0,228.0,518.0,,10.0,426.0,12.0,58.0,92.0,811.0,6.0,40.0,34.0,25.0,4.0,1.0,19.0,105.0,27.0,73.0,0.0,2.0
LaLiga Santander,https://www.laliga.com/en-ES/player/j-navas,2581,j-navas,Jesús Navas,J. Navas,Jesús,Navas,male,1985-11-21T00:00:00+00:00,Sevilla,60.0,172.0,False,https://twitter.com/JNavas,,ES,Sevilla FC,SEV,1905-10-14T00:00:00+0000,https://assets.laliga.com/assets/2019/06/07/medium/sevilla.png,16.0,Defender,https://assets.laliga.com/squad/2021/t179/p17740/512x556/p17740_t179_2021_1_001_000.png,Ramón Sánchez-Pizjuán,https://assets.laliga.com/assets/2021/01/20/medium/5a52ab192cd4e4b1cc3e3a752d99c4e8.png,33.0,19.0,14.0,25.0,3.0,,0.0,230.0,2.0,2.0,,8.0,,,18.0,,,96.0,49.0,47.0,25.0,398.0,3.0,,25.0,,,3.0,,,16.0,12.0,4.0,,,63.0,30.0,33.0,1.0,,,0.0,49.0,17.0,32.0,,,422.0,2.0,1089.0,,,,,,,,,1.0,,44.0,13.0,106.0,,,55.0,,,,,,,,,7.0,1.0,19.0,,5.0,6.0,,29.0,29.0,6.0,13.0,7.0,1.0,86.0,880.0,476.0,448.0,809.0,5.0,13.0,38.0,,21.0,171.0,1788.0,17.0,21.0,5.0,10.0,350.0,1105.0,,8.0,895.0,18.0,27.0,210.0,1588.0,,83.0,83.0,9.0,32.0,,79.0,216.0,77.0,131.0,0.0,4.0
LaLiga Santander,https://www.laliga.com/en-ES/player/jesus-owono,23368,jesus-owono,Jesús Owono,Owono,Jesús,Owono,male,2001-03-01T00:00:00+00:00,Bata,67.0,183.0,False,,,GQ,Deportivo Alavés,ALA,1921-01-23T00:00:00+0000,https://assets.laliga.com/assets/2020/09/01/medium/27002754a98bf535807fe49a24cc63ea.png,31.0,Goalkeeper,https://assets.laliga.com/squad/2021/t173/p470312/512x556/p470312_t173_2021_1_001_000.png,Mendizorroza,https://assets.laliga.com/assets/2019/06/17/medium/6b906780ba96aa6689192fb9afcaac6b.png,,,,1.0,,,0.0,,,,,,,,,,,,,,,21.0,,,1.0,2.0,3.0,,,,1.0,1.0,,,,,,,,,,0.0,34.0,,,,,,,8.0,,,,,,,,,,,,,15.0,,,,,3.0,,1.0,2.0,,,,,,1.0,,,,,,,,,4.0,,8.0,6.0,6.0,3.0,1.0,,,38.0,,,,90.0,,1.0,,,12.0,21.0,,,9.0,,,12.0,27.0,,,,,2.0,,12.0,12.0,,,0.0,
LaLiga Santander,https://www.laliga.com/en-ES/player/jesus-santiago,25853,jesus-santiago,Jesús Santiago,Jesús Santiago,Jesús,Santiago,male,2004-05-25T00:00:00+00:00,,,,False,,,ES,,,,,,,,,,,,,,,,,,,,,,,,,,,,,,,,,,,,,,,,,,,,,,,,,,,,,,,,,,,,,,,,,,,,,,,,,,,,,,,,,,,,,,,,,,,,,,,,,,,,,,,,,,,,,,,,,,,,,,,,,,,,,,,,,,,,,
LaLiga Santander,https://www.laliga.com/en-ES/player/vallejo,1585,vallejo,Jesús Vallejo,Vallejo,Jesús,Vallejo,male,1997-01-05T00:00:00+00:00,Zaragoza,79.0,184.0,False,,,ES,Real Madrid,RMA,1902-03-06T00:00:00+0000,https://assets.laliga.com/assets/2019/06/07/medium/real-madrid.png,5.0,Defender,https://assets.laliga.com/squad/2021/t186/p178876/512x556/p178876_t186_2021_1_001_000.png,Estadio Santiago Bernabéu,https://assets.laliga.com/assets/2019/06/08/medium/e6695a8184f41deea3ad87dd9c12ab1f.png,15.0,4.0,11.0,5.0,,,0.0,7.0,,8.0,,2.0,,,,,,32.0,11.0,21.0,14.0,65.0,2.0,,5.0,6.0,,,,,2.0,2.0,,,,17.0,7.0,10.0,,,,0.0,100.0,6.0,1.0,,,74.0,,202.0,,,1.0,,,,,,1.0,,4.0,1.0,20.0,,,63.0,,,,,,,,,,,4.0,,1.0,1.0,,,,2.0,9.0,,,7.0,175.0,41.0,140.0,174.0,2.0,5.0,38.0,,2.0,7.0,342.0,2.0,15.0,4.0,1.0,33.0,209.0,,,181.0,7.0,2.0,28.0,274.0,,1.0,1.0,2.0,6.0,,13.0,12.0,17.0,15.0,0.0,1.0
LaLiga Santander,https://www.laliga.com/en-ES/player/j-vazquez-1,16228,j-vazquez-1,Jesús Vázquez,J. Vázquez,Jesús,Vázquez,male,2003-01-02T00:00:00+00:00,,,,False,,,ES,Valencia CF,VAL,1919-03-18T00:00:00+0000,https://assets.laliga.com/assets/2019/06/07/medium/valencia.png,32.0,Defender,https://assets.laliga.com/squad/2021/t191/p466044/512x556/p466044_t191_2021_1_001_000.png,Camp de Mestalla,https://assets.laliga.com/assets/2019/06/17/medium/984682326cdbb55f5034778b7690a795.png,31.0,19.0,12.0,15.0,,,0.0,41.0,1.0,3.0,,2.0,,,6.0,,,133.0,64.0,69.0,21.0,109.0,8.0,,15.0,,,,,,12.0,10.0,2.0,,,102.0,45.0,57.0,,,,0.0,100.0,9.0,6.0,,,25.0,,234.0,,,,,,,,,2.0,,32.0,13.0,61.0,,,60.0,,,,,,,,,2.0,1.0,8.0,,5.0,7.0,,3.0,3.0,25.0,12.0,6.0,,8.0,170.0,109.0,65.0,163.0,11.0,13.0,38.0,1.0,14.0,75.0,812.0,19.0,14.0,14.0,8.0,149.0,235.0,,3.0,171.0,24.0,15.0,64.0,527.0,,21.0,21.0,9.0,17.0,,18.0,54.0,31.0,46.0,0.0,
LaLiga Santander,https://www.laliga.com/en-ES/player/j-garcia,15102,j-garcia,Joan García,J. Garcia,Joan,García,male,2001-05-04T00:00:00+00:00,Sallent de Llobregat,,180.0,False,,,ES,RCD Espanyol de Barcelona,ESP,1900-10-23T00:00:00+0000,https://assets.laliga.com/assets/2019/06/07/medium/espanyol.png,34.0,Goalkeeper,https://assets.laliga.com/squad/2021/t177/p449928/512x556/p449928_t177_2021_1_001_000.png,RCDE Stadium,https://assets.laliga.com/assets/2019/06/17/medium/306cc02af120e092849ddf38954bcb3e.png,,,,2.0,,,0.0,,,,,,,,,,,,,,1.0,17.0,,,2.0,11.0,,,,,3.0,3.0,,,,,,,,,,0.0,1.0,1.0,,,,5.0,,19.0,,,,,,,,,,,,,14.0,,,3.0,,,,,,,,,,,1.0,,,1.0,,,,,1.0,1.0,,6.0,15.0,5.0,13.0,12.0,,,38.0,,,,107.0,,1.0,,,7.0,25.0,,,18.0,,,7.0,36.0,,,,,6.0,,7.0,4.0,3.0,,0.0,
LaLiga Santander,https://www.laliga.com/en-ES/player/jordan,1605,jordan,Joan Jordán,Jordán,Joan,Jordán,male,1994-07-06T00:00:00+00:00,Gerona,74.0,184.0,False,,,ES,Sevilla FC,SEV,1905-10-14T00:00:00+0000,https://assets.laliga.com/assets/2019/06/07/medium/sevilla.png,8.0,Midfielder,https://assets.laliga.com/squad/2021/t179/p195364/512x556/p195364_t179_2021_1_001_000.png,Ramón Sánchez-Pizjuán,https://assets.laliga.com/assets/2021/01/20/medium/5a52ab192cd4e4b1cc3e3a752d99c4e8.png,34.0,23.0,11.0,36.0,,1.0,0.0,303.0,5.0,6.0,,6.0,,5.0,6.0,,,268.0,147.0,121.0,82.0,441.0,37.0,,36.0,,,1.0,,,21.0,16.0,5.0,,,234.0,124.0,110.0,2.0,,1.0,0.0,42.0,30.0,23.0,,,515.0,1.0,1740.0,,,,,,,,,2.0,,46.0,21.0,185.0,,,537.0,,,,,,,,,10.0,1.0,31.0,,20.0,5.0,3.0,6.0,2.0,23.0,52.0,6.0,20.0,153.0,1539.0,860.0,735.0,1436.0,31.0,30.0,38.0,2.0,,6.0,2527.0,35.0,17.0,54.0,26.0,304.0,1796.0,,11.0,1589.0,61.0,25.0,207.0,2153.0,,17.0,13.0,14.0,23.0,2.0,55.0,154.0,70.0,152.0,0.0,9.0
LaLiga Santander,https://www.laliga.com/en-ES/player/joan-rojas,25442,joan-rojas,Joan Rojas,Rojas,Joan,Rojas,male,2000-01-14T00:00:00+00:00,Badalona,,,False,,,ES,Atlético de Madrid,ATM,1903-04-26T00:00:00+0000,https://assets.laliga.com/assets/2019/06/07/medium/atletico.png,44.0,Defender,,Wanda Metropolitano,https://assets.laliga.com/assets/2019/06/17/medium/935f92c15c4d3442ef3f6d843beba0e1.png,,,,,,,,,,,,,,,,,,,,,,,,,,,,,,,,,,,,,,,,,,,,,,,,,,,,,,,,,,,,,,,,,,,,,,,,,,,,,,,,,,,,,,,,,,,,,,,38.0,,,,,,,,,,,,,,,,,,,,,,,,,,,,,
LaLiga Santander,https://www.laliga.com/en-ES/player/j-sastre,3957,j-sastre,Joan Sastre,J. Sastre,Joan,Sastre,male,1997-04-30T00:00:00+00:00,Porreres,75.0,174.0,False,https://twitter.com/Joan2Sastre,https://instagram.com/joan2sastre/,ES,,,,,,,,,,,,,,,,,,,,,,,,,,,,,,,,,,,,,,,,,,,,,,,,,,,,,,,,,,,,,,,,,,,,,,,,,,,,,,,,,,,,,,,,,,,,,,,,,,,,,,,,,,,,,,,,,,,,,,,,,,,,,,,,,,,,,
LaLiga Santander,https://www.laliga.com/en-ES/player/joaquin,2076,joaquin,Joaquín Sánchez Rodríguez,Joaquín,Joaquín,Sánchez Rodríguez,male,1981-07-21T00:00:00+00:00,Cádiz,75.0,179.0,True,https://twitter.com/joaquinarte,https://instagram.com/joaquinarte/,ES,Real Betis,BET,1907-09-12T00:00:00+0000,https://assets.laliga.com/assets/2019/06/07/medium/betis.png,17.0,Forward,https://assets.laliga.com/squad/2021/t185/p10316/512x556/p10316_t185_2021_1_001_000.png,Estadio Benito Villamarín,https://assets.laliga.com/assets/2019/06/17/medium/f211dabccff68741a75d175307d78f59.png,15.0,12.0,3.0,21.0,1.0,,0.0,67.0,3.0,2.0,,,,26.0,5.0,,,73.0,38.0,35.0,10.0,57.0,1.0,,21.0,,,1.0,,,5.0,4.0,1.0,,,58.0,26.0,32.0,,,,0.0,96.0,3.0,13.0,,,69.0,,217.0,,,,,,,,,,,9.0,3.0,30.0,,,41.0,,,,,,,,,4.0,3.0,2.0,,2.0,19.0,5.0,10.0,3.0,17.0,2.0,,2.0,5.0,182.0,163.0,46.0,194.0,4.0,2.0,38.0,,,3.0,455.0,20.0,6.0,1.0,9.0,91.0,234.0,,7.0,199.0,6.0,23.0,35.0,377.0,13.0,26.0,13.0,13.0,,,3.0,50.0,11.0,32.0,0.0,
LaLiga Santander,https://www.laliga.com/en-ES/player/joel-robles,7191,joel-robles,Joel Robles,Joel Robles,Joel,Robles,male,1990-06-17T00:00:00+00:00,Madrid,78.0,195.0,False,https://twitter.com/joelroblesb,https://instagram.com/joelrb1/,ES,Real Betis,BET,1907-09-12T00:00:00+0000,https://assets.laliga.com/assets/2019/06/07/medium/betis.png,1.0,Goalkeeper,https://assets.laliga.com/squad/2021/t185/p78315/512x556/p78315_t185_2021_1_001_000.png,Estadio Benito Villamarín,https://assets.laliga.com/assets/2019/06/17/medium/f211dabccff68741a75d175307d78f59.png,,,,,,,,,,,,,,,,,,,,,,,,,,,,,,,,,,,,,,,,,,,,,,,,,,,,,,,,,,,,,,,,,,,,,,,,,,,,,,,,,,,,,,,,,,,,,,,38.0,,,,,,,,,,,,,,,,,,,,,,,,,,,,,
LaLiga Santander,https://www.laliga.com/en-ES/player/j-carreras,14915,j-carreras,Jofre Carreras,Jofre C.,Jofre,Carreras,male,2001-06-17T00:00:00+00:00,Girona,,,False,,,ES,RCD Espanyol de Barcelona,ESP,1900-10-23T00:00:00+0000,https://assets.laliga.com/assets/2019/06/07/medium/espanyol.png,29.0,Forward,https://assets.laliga.com/squad/2021/t177/p513950/512x556/p513950_t177_2021_0_001_000.png,RCDE Stadium,https://assets.laliga.com/assets/2019/06/17/medium/306cc02af120e092849ddf38954bcb3e.png,1.0,,1.0,3.0,1.0,,0.0,1.0,,,,,,,,,,7.0,1.0,6.0,,2.0,,1.0,3.0,,,1.0,,,,,,,,6.0,1.0,5.0,,,,0.0,98.0,,1.0,,,,,5.0,,,,,,,,,,,,,,,,2.0,,,,,,,,,,,,,,3.0,,2.0,2.0,,,,,,4.0,5.0,1.0,4.0,,1.0,38.0,,,,17.0,1.0,,,4.0,5.0,5.0,,,4.0,1.0,3.0,1.0,17.0,,1.0,1.0,1.0,,,,1.0,1.0,1.0,0.0,
LaLiga Santander,https://www.laliga.com/en-ES/player/j-mojica,659,j-mojica,Johan Mojica,J. Mojica,Johan,Mojica,male,1992-08-21T00:00:00+00:00,Cali,66.0,185.0,False,https://twitter.com/johandinho11,https://instagram.com/Johanmojica,CO,Elche CF,ELC,1923-03-01T00:00:00+0000,https://assets.laliga.com/assets/2019/06/07/medium/elche.png,22.0,Midfielder,https://assets.laliga.com/squad/2021/t954/p152723/512x556/p152723_t954_2021_1_001_000.png,Estadio Martínez Valero,https://assets.laliga.com/assets/2019/08/12/medium/150e2d322086b631feb7ec0016b982f6.png,49.0,21.0,28.0,33.0,5.0,,1.0,241.0,4.0,3.0,,7.0,,2.0,28.0,,,278.0,123.0,155.0,47.0,625.0,12.0,,33.0,,,5.0,,2.0,40.0,38.0,2.0,2.0,,229.0,102.0,127.0,,,1.0,1.0,51.0,25.0,24.0,2.0,2.0,45.0,4.0,1353.0,,,,,,,,,7.0,,78.0,19.0,234.0,,,472.0,,,,,,,,,9.0,3.0,32.0,,3.0,1.0,2.0,44.0,42.0,31.0,20.0,16.0,,86.0,1047.0,575.0,539.0,984.0,21.0,25.0,38.0,,30.0,286.0,2856.0,62.0,49.0,32.0,50.0,594.0,1383.0,,12.0,1070.0,46.0,27.0,313.0,2301.0,,114.0,114.0,41.0,55.0,2.0,114.0,290.0,137.0,199.0,1.0,4.0
LaLiga Santander,https://www.laliga.com/en-ES/player/john-c,16407,john-c,John Chetauya Nwankwo Donald,John C.,John Chetauya Nwankwo,Donald,male,2000-09-25T00:00:00+00:00,,,,False,,,ES,Elche CF,ELC,1923-03-01T00:00:00+0000,https://assets.laliga.com/assets/2019/06/07/medium/elche.png,26.0,Defender,https://assets.laliga.com/squad/2021/t954/p522785/512x556/p522785_t954_2021_1_001_000.png,Estadio Martínez Valero,https://assets.laliga.com/assets/2019/08/12/medium/150e2d322086b631feb7ec0016b982f6.png,6.0,4.0,2.0,2.0,,,0.0,9.0,1.0,3.0,,,1.0,,,,,19.0,9.0,10.0,6.0,42.0,1.0,,2.0,,,,,,2.0,2.0,,,,13.0,5.0,8.0,,,,0.0,52.0,3.0,2.0,,,24.0,,83.0,,,,,,,,,,,2.0,2.0,12.0,,,9.0,,,,,,,,,,1.0,2.0,,,,,,,1.0,4.0,,,1.0,73.0,30.0,44.0,73.0,3.0,4.0,38.0,1.0,1.0,2.0,180.0,,3.0,2.0,,14.0,84.0,,1.0,74.0,7.0,2.0,10.0,115.0,,,,,3.0,,5.0,7.0,3.0,5.0,0.0,
LaLiga Santander,https://www.laliga.com/en-ES/player/guidetti,1850,guidetti,John Guidetti,Guidetti,John,Guidetti,male,1992-04-15T00:00:00+00:00,Stockholm,79.0,185.0,True,https://twitter.com/superguidetti,https://instagram.com/johnguidetti/,SE,Deportivo Alavés,ALA,1921-01-23T00:00:00+0000,https://assets.laliga.com/assets/2020/09/01/medium/27002754a98bf535807fe49a24cc63ea.png,10.0,Forward,https://assets.laliga.com/squad/2021/t173/p82970/512x556/p82970_t173_2021_1_001_000.png,Mendizorroza,https://assets.laliga.com/assets/2019/06/17/medium/6b906780ba96aa6689192fb9afcaac6b.png,7.0,6.0,1.0,10.0,,1.0,0.0,22.0,5.0,,,,,,2.0,,,28.0,18.0,10.0,10.0,13.0,1.0,1.0,10.0,,,,,,7.0,7.0,,,,21.0,12.0,9.0,,,,0.0,19.0,,4.0,,,17.0,3.0,66.0,,,,,,,,,1.0,,4.0,1.0,7.0,,,18.0,,,,,,,,,3.0,2.0,2.0,,2.0,8.0,,,,4.0,3.0,,1.0,1.0,50.0,43.0,11.0,53.0,1.0,1.0,38.0,,,,274.0,4.0,,9.0,3.0,32.0,70.0,,5.0,54.0,2.0,19.0,16.0,113.0,,4.0,4.0,2.0,1.0,,1.0,15.0,5.0,15.0,0.0,2.0
LaLiga Santander,https://www.laliga.com/en-ES/player/j-patrick,15872,j-patrick,John Patrick,J. Patrick,John,Patrick,male,2003-09-24T00:00:00+00:00,Madrid,,,False,,,IE,Getafe CF,GET,1983-03-30T00:00:00+0000,https://assets.laliga.com/assets/2019/06/07/medium/getafe.png,30.0,Midfielder,https://assets.laliga.com/squad/2021/t1450/p521510/512x556/p521510_t1450_2021_1_001_000.png,Coliseum Alfonso Pérez,https://assets.laliga.com/assets/2019/06/17/medium/b881ba5a6846e7ccdbc3a6a75a2c5e69.png,,,,,,,,,,,,,,,,,,,,,,,,,,,,,,,,,,,,,,,,,,,,,,,,,,,,,,,,,,,,,,,,,,,,,,,,,,,,,,,,,,,,,,,,,,,,,,,38.0,,,,,,,,,,,,,,,,,,,,,,,,,,,,,
LaLiga Santander,https://www.laliga.com/en-ES/player/jokin-ezkieta,1728,jokin-ezkieta,Jokin Ezkieta,Jokin Ezkieta,Jokin,Ezkieta,male,1996-08-17T00:00:00+00:00,Pamplona,82.0,193.0,False,,,ES,Athletic Club,ATH,1898-12-31T00:00:00+0000,https://assets.laliga.com/assets/2019/06/07/medium/athletic.png,13.0,Goalkeeper,https://assets.laliga.com/squad/2021/t174/p195383/512x556/p195383_t174_2021_1_001_000.png,Estadio San Mamés,https://assets.laliga.com/assets/2019/06/17/medium/f020571f7c260516dfab3b9dc5df6348.png,,,,,,,,,,,,,,,,,,,,,,,,,,,,,,,,,,,,,,,,,,,,,,,,,,,,,,,,,,,,,,,,,,,,,,,,,,,,,,,,,,,,,,,,,,,,,,,38.0,,,,,,,,,,,,,,,,,,,,,,,,,,,,,
LaLiga Santander,https://www.laliga.com/en-ES/player/jon-ander-olasagasti,19029,jon-ander-olasagasti,Jon Ander Olasagasti,Olasagasti,Jon Ander,Olasagasti,male,2000-08-16T00:00:00+00:00,San Sebastián,74.0,176.0,False,,,ES,R. Sociedad B,RSOB,1909-09-07T00:00:00+0000,https://assets.laliga.com/assets/2019/06/07/medium/real-sociedad.png,4.0,Midfielder,https://assets.laliga.com/squad/2021/t3567/p513945/512x556/p513945_t3567_2021_1_001_000.png,Zubieta,,101.0,53.0,48.0,33.0,,1.0,3.0,282.0,8.0,6.0,,4.0,,21.0,9.0,,,322.0,165.0,157.0,79.0,390.0,20.0,,33.0,,,3.0,,4.0,46.0,43.0,3.0,3.0,1.0,221.0,112.0,109.0,,1.0,2.0,1.0,10.0,31.0,20.0,,3.0,336.0,1.0,1398.0,,,,,,,,,2.0,,62.0,29.0,177.0,,,426.0,,,,,,,,,9.0,12.0,30.0,,4.0,3.0,10.0,14.0,3.0,17.0,42.0,2.0,24.0,88.0,1105.0,541.0,608.0,1047.0,17.0,26.0,42.0,2.0,1.0,5.0,2770.0,36.0,36.0,28.0,50.0,413.0,1434.0,,21.0,1135.0,43.0,35.0,299.0,1888.0,10.0,29.0,14.0,15.0,24.0,1.0,86.0,257.0,71.0,213.0,1.0,5.0
LaLiga Santander,https://www.laliga.com/en-ES/player/bautista,4431,bautista,Jon Bautista,Bautista,Jon,Bautista,male,1995-07-03T00:00:00+00:00,Mahón,72.0,180.0,False,https://twitter.com/JonBautista13,https://instagram.com/jonbautista13/,ES,CD Leganés,LEG,1928-06-23T00:00:00+0000,https://assets.laliga.com/assets/2019/06/07/medium/leganes.png,24.0,Forward,https://assets.laliga.com/squad/2021/t957/p201182/512x556/p201182_t957_2021_1_001_000.png,Estadio Municipal Butarque,https://assets.laliga.com/assets/2019/10/03/medium/2b7303ff6a9beaf1b4dc88599116df55.png,168.0,94.0,74.0,24.0,,,1.0,56.0,5.0,5.0,,,,,5.0,,,272.0,151.0,121.0,42.0,69.0,12.0,,24.0,,,1.0,,1.0,15.0,13.0,2.0,1.0,,104.0,57.0,47.0,2.0,1.0,1.0,0.0,10.0,1.0,8.0,,,44.0,7.0,202.0,,,,,,,,,2.0,,24.0,17.0,29.0,,,56.0,,,,,,,,,8.0,11.0,12.0,,11.0,12.0,,,,12.0,8.0,,11.0,4.0,106.0,78.0,51.0,125.0,5.0,9.0,42.0,,,2.0,1157.0,27.0,24.0,27.0,21.0,161.0,225.0,,19.0,129.0,14.0,50.0,96.0,439.0,,3.0,3.0,12.0,1.0,1.0,3.0,90.0,9.0,93.0,0.0,4.0
LaLiga Santander,https://www.laliga.com/en-ES/player/guridi,5997,guridi,Jon Guridi,Guridi,Jon,Guridi,male,1995-02-28T00:00:00+00:00,Azpeitia,64.0,179.0,False,,,ES,Real Sociedad,RSO,1909-09-07T00:00:00+0000,https://assets.laliga.com/assets/2019/06/07/medium/real-sociedad.png,14.0,Midfielder,https://assets.laliga.com/squad/2021/t188/p201178/512x556/p201178_t188_2021_1_001_000.png,Reale Arena,https://assets.laliga.com/assets/2019/10/03/medium/b20727f80d7b4c9d5ad18acec9b663c5.png,13.0,12.0,1.0,8.0,,,0.0,19.0,,1.0,,,,,,,,37.0,23.0,14.0,10.0,29.0,2.0,,8.0,,,,,1.0,4.0,4.0,,1.0,,24.0,11.0,13.0,,1.0,,1.0,91.0,3.0,1.0,,,13.0,,78.0,,,,,,,,,,,5.0,2.0,9.0,,,17.0,,,,,,,,,1.0,1.0,1.0,,1.0,7.0,,,,5.0,4.0,,1.0,1.0,57.0,40.0,17.0,56.0,2.0,3.0,38.0,,,,200.0,4.0,4.0,4.0,3.0,33.0,78.0,,2.0,57.0,5.0,7.0,21.0,120.0,,3.0,3.0,4.0,1.0,,2.0,19.0,5.0,19.0,0.0,
LaLiga Santander,https://www.laliga.com/en-ES/player/karrikaburu,19225,karrikaburu,Jon Karrikaburu,Karrikaburu,Jon,Karrikaburu,male,2002-09-19T00:00:00+00:00,Elizondo,,,False,,,ES,Real Sociedad,RSO,1909-09-07T00:00:00+0000,https://assets.laliga.com/assets/2019/06/07/medium/real-sociedad.png,33.0,Forward,,Reale Arena,https://assets.laliga.com/assets/2019/10/03/medium/b20727f80d7b4c9d5ad18acec9b663c5.png,,,,,,,,,,,,,,,,,,,,,,,,,,,,,,,,,,,,,,,,,,,,,,,,,,,,,,,,,,,,,,,,,,,,,,,,,,,,,,,,,,,,,,,,,,,,,,,38.0,,,,,,,,,,,,,,,,,,,,,,,,,,,,,
LaLiga Santander,https://www.laliga.com/en-ES/player/moncayola,9743,moncayola,Jon Moncayola,Moncayola,Jon,Moncayola,male,1998-05-13T00:00:00+00:00,Garinoain,86.0,189.0,False,,,ES,CA Osasuna,OSA,1920-11-17T00:00:00+0000,https://assets.laliga.com/assets/2019/06/07/medium/osasuna.png,7.0,Midfielder,https://assets.laliga.com/squad/2021/t450/p477463/512x556/p477463_t450_2021_1_001_000.png,Estadio El Sadar,https://assets.laliga.com/assets/2021/01/20/medium/c1b35f03ff875a4a12c7dcbd477d964a.png,41.0,22.0,19.0,36.0,2.0,2.0,1.0,236.0,8.0,9.0,,5.0,,28.0,9.0,,,174.0,88.0,86.0,59.0,311.0,8.0,,36.0,,,3.0,,2.0,41.0,38.0,3.0,1.0,1.0,133.0,66.0,67.0,1.0,,1.0,1.0,53.0,20.0,29.0,,,374.0,1.0,1246.0,,,,,,,,,3.0,,39.0,17.0,207.0,,2.0,368.0,,,,,,,,,21.0,12.0,33.0,,12.0,3.0,9.0,31.0,18.0,13.0,39.0,13.0,18.0,104.0,1023.0,596.0,493.0,954.0,20.0,20.0,38.0,1.0,,15.0,2921.0,21.0,35.0,20.0,15.0,366.0,1289.0,,33.0,1058.0,40.0,20.0,231.0,1726.0,18.0,67.0,37.0,6.0,20.0,3.0,79.0,234.0,64.0,152.0,1.0,3.0
LaLiga Santander,https://www.laliga.com/en-ES/player/morci,14846,morci,Jon Morcillo,Morci,Jon,Morcillo,male,1998-09-15T00:00:00+00:00,Amorebieta-Etxano,72.0,183.0,False,,,ES,Real Valladolid CF,VLL,1928-03-20T00:00:00+0000,https://assets.laliga.com/assets/2019/06/07/medium/valladolid.png,20.0,Forward,,Estadio Municipal José Zorrilla,https://assets.laliga.com/assets/2019/06/17/medium/5dfdde2dab7cf9814c6f008591a3a4b5.png,3.0,3.0,,11.0,1.0,,0.0,19.0,3.0,,,,,12.0,5.0,,,26.0,20.0,6.0,9.0,18.0,2.0,,11.0,,,2.0,,1.0,1.0,1.0,,1.0,,23.0,17.0,6.0,,,,1.0,10.0,1.0,1.0,,,13.0,,73.0,,,,,,,,,1.0,,7.0,4.0,13.0,,1.0,28.0,,,,,,,,,6.0,3.0,2.0,,2.0,9.0,2.0,6.0,4.0,2.0,3.0,,,6.0,54.0,44.0,21.0,53.0,,1.0,42.0,,,1.0,229.0,10.0,,2.0,3.0,58.0,78.0,,9.0,59.0,1.0,13.0,19.0,154.0,8.0,23.0,14.0,4.0,3.0,,6.0,36.0,6.0,13.0,0.0,
LaLiga Santander,https://www.laliga.com/en-ES/player/pacheco-3,12675,pacheco-3,Jon Pacheco,Pacheco,Jon,Pacheco,male,2001-01-08T00:00:00+00:00,,77.0,184.0,False,,,ES,R. Sociedad B,RSOB,1909-09-07T00:00:00+0000,https://assets.laliga.com/assets/2019/06/07/medium/real-sociedad.png,12.0,Defender,,Zubieta,,3.0,3.0,,2.0,,,0.0,6.0,,4.0,,1.0,,,,,,14.0,6.0,8.0,4.0,53.0,1.0,,2.0,4.0,,,,,2.0,2.0,,,,11.0,3.0,8.0,,,,0.0,10.0,2.0,,,,16.0,,129.0,,,,,,,,,,,2.0,1.0,10.0,,,62.0,,,,,,,,,,,2.0,,,,,,,,2.0,,,3.0,116.0,27.0,96.0,120.0,1.0,5.0,42.0,,,,180.0,1.0,5.0,2.0,2.0,16.0,137.0,,,123.0,6.0,,14.0,160.0,,,,,3.0,,6.0,8.0,6.0,8.0,0.0,1.0
LaLiga Santander,https://www.laliga.com/en-ES/player/jonathan-gomez,24122,jonathan-gomez,Jonathan Gómez,Gomez,Jonathan,Gómez,male,2003-09-01T00:00:00+00:00,Keller,71.0,176.0,False,,,MX,Real Sociedad,RSO,1909-09-07T00:00:00+0000,https://assets.laliga.com/assets/2019/06/07/medium/real-sociedad.png,39.0,Defender,,Reale Arena,https://assets.laliga.com/assets/2019/10/03/medium/b20727f80d7b4c9d5ad18acec9b663c5.png,,,,,,,,,,,,,,,,,,,,,,,,,,,,,,,,,,,,,,,,,,,,,,,,,,,,,,,,,,,,,,,,,,,,,,,,,,,,,,,,,,,,,,,,,,,,,,,38.0,,,,,,,,,,,,,,,,,,,,,,,,,,,,,
LaLiga Santander,https://www.laliga.com/en-ES/player/j-silva,2932,j-silva,Jonathan Silva,J. Silva,Jonathan,Silva,male,1994-06-29T00:00:00+00:00,La Plata,72.0,178.0,False,,,AR,Getafe CF,GET,1983-03-30T00:00:00+0000,https://assets.laliga.com/assets/2019/06/07/medium/getafe.png,14.0,Defender,https://assets.laliga.com/squad/2021/t1450/p116132/512x556/p116132_t1450_2021_1_001_000.png,Coliseum Alfonso Pérez,https://assets.laliga.com/assets/2019/06/17/medium/b881ba5a6846e7ccdbc3a6a75a2c5e69.png,3.0,2.0,1.0,9.0,,,0.0,12.0,,,,,,,,,,38.0,21.0,17.0,5.0,35.0,2.0,,9.0,,,,,,8.0,8.0,,,,35.0,19.0,16.0,,,,0.0,1.0,3.0,2.0,,,5.0,,71.0,,,,,,,,,,,9.0,4.0,17.0,,,20.0,,,,,,,,,,1.0,1.0,,1.0,8.0,,1.0,1.0,1.0,3.0,2.0,,3.0,49.0,37.0,14.0,47.0,2.0,8.0,38.0,,1.0,11.0,221.0,4.0,7.0,10.0,5.0,38.0,72.0,,1.0,50.0,10.0,2.0,22.0,140.0,,9.0,9.0,,6.0,,7.0,24.0,7.0,15.0,0.0,4.0
LaLiga Santander,https://www.laliga.com/en-ES/player/jony-alamo,14601,jony-alamo,Jonatan Carmona Álamo,Jony Álamo,Jonatan,Carmona Álamo,male,2001-09-25T00:00:00+00:00,,,,False,,,ES,,,,,,,,,,,,,,,,,,,,,,,,,,,,,,,,,,,,,,,,,,,,,,,,,,,,,,,,,,,,,,,,,,,,,,,,,,,,,,,,,,,,,,,,,,,,,,,,,,,,,,,,,,,,,,,,,,,,,,,,,,,,,,,,,,,,,
LaLiga Santander,https://www.laliga.com/en-ES/player/ramalho,544,ramalho,Jonás Ramalho,Ramalho,Jonás,Ramalho,male,1993-06-10T00:00:00+00:00,Barakaldo,68.0,181.0,False,https://twitter.com/JonasRamalho93,https://instagram.com/JonasRamalho93,AO,CA Osasuna,OSA,1920-11-17T00:00:00+0000,https://assets.laliga.com/assets/2019/06/07/medium/osasuna.png,15.0,Defender,https://assets.laliga.com/squad/2021/t450/p80077/512x556/p80077_t450_2021_1_001_000.png,Estadio El Sadar,https://assets.laliga.com/assets/2021/01/20/medium/c1b35f03ff875a4a12c7dcbd477d964a.png,13.0,6.0,7.0,3.0,,,0.0,17.0,1.0,1.0,,1.0,,,1.0,,,22.0,11.0,11.0,4.0,57.0,1.0,,3.0,,,,,,2.0,1.0,1.0,,,9.0,5.0,4.0,,,,0.0,40.0,3.0,,,,26.0,,108.0,,,,,,,,,,,7.0,3.0,17.0,,,8.0,,,,,,,,,1.0,,3.0,,2.0,,,,,,4.0,2.0,,4.0,86.0,50.0,36.0,82.0,2.0,2.0,38.0,,10.0,11.0,245.0,3.0,9.0,1.0,,43.0,108.0,,1.0,86.0,4.0,1.0,22.0,168.0,,5.0,5.0,2.0,8.0,,9.0,16.0,11.0,13.0,0.0,
LaLiga Santander,https://www.laliga.com/en-ES/player/jordi-alba,8,jordi-alba,Jordi Alba,Jordi Alba,Jordi,Alba,male,1989-03-21T00:00:00+00:00,Hospitalet de Llobregat,68.0,170.0,True,https://twitter.com/JordiAlba,https://instagram.com/jordialbaoficial,ES,FC Barcelona,BAR,1899-11-29T00:00:00+0000,https://assets.laliga.com/assets/2019/06/07/medium/barcelona.png,18.0,Defender,https://assets.laliga.com/squad/2021/t178/p52356/512x556/p52356_t178_2021_1_001_000.png,Camp Nou,https://assets.laliga.com/assets/2019/06/17/medium/0623ce55ec3ee4e439ed6d24fe2ba77b.png,38.0,24.0,14.0,30.0,7.0,1.0,1.0,386.0,9.0,6.0,,4.0,,1.0,30.0,,,172.0,87.0,85.0,59.0,880.0,16.0,,30.0,,,10.0,,2.0,32.0,28.0,4.0,2.0,,134.0,63.0,71.0,2.0,,2.0,1.0,77.0,33.0,48.0,,2.0,168.0,11.0,2307.0,,,,,,,,,2.0,,58.0,20.0,214.0,,,958.0,,,,,,,2.0,,16.0,6.0,30.0,,4.0,,,23.0,22.0,6.0,27.0,9.0,1.0,98.0,1992.0,1295.0,799.0,1973.0,13.0,34.0,38.0,13.0,28.0,240.0,2648.0,20.0,33.0,26.0,19.0,509.0,2392.0,,22.0,2071.0,47.0,66.0,321.0,3098.0,,98.0,87.0,16.0,24.0,,83.0,334.0,85.0,238.0,1.0,11.0
LaLiga Santander,https://www.laliga.com/en-ES/player/mboula,8847,mboula,Jordi Mboula,Mboula,Jordi,Mboula,male,1999-03-16T00:00:00+00:00,Granollers,74.0,183.0,False,,,ES,,,,,,,,,,,,,,,,,,,,,,,,,,,,,,,,,,,,,,,,,,,,,,,,,,,,,,,,,,,,,,,,,,,,,,,,,,,,,,,,,,,,,,,,,,,,,,,,,,,,,,,,,,,,,,,,,,,,,,,,,,,,,,,,,,,,,
LaLiga Santander,https://www.laliga.com/en-ES/player/j-cuenca,5886,j-cuenca,Jorge Cuenca,J. Cuenca,Jorge,Cuenca,male,1999-11-17T00:00:00+00:00,Madrid,75.0,190.0,False,,,ES,Getafe CF,GET,1983-03-30T00:00:00+0000,https://assets.laliga.com/assets/2019/06/07/medium/getafe.png,15.0,Defender,https://assets.laliga.com/squad/2021/t1450/p246301/512x556/p246301_t1450_2021_0_001_000.png,Coliseum Alfonso Pérez,https://assets.laliga.com/assets/2019/06/17/medium/b881ba5a6846e7ccdbc3a6a75a2c5e69.png,120.0,39.0,81.0,32.0,,,,72.0,2.0,14.0,,11.0,,,,,,225.0,83.0,142.0,63.0,582.0,13.0,,32.0,,,,,1.0,32.0,31.0,1.0,1.0,,105.0,44.0,61.0,1.0,1.0,1.0,,10.0,39.0,2.0,,,84.0,,1042.0,,,,,,,,,1.0,,28.0,15.0,144.0,,,336.0,,,,,,,,,7.0,7.0,31.0,2.0,3.0,1.0,,1.0,1.0,3.0,36.0,27.0,,85.0,713.0,230.0,501.0,645.0,14.0,32.0,38.0,,10.0,11.0,2686.0,6.0,146.0,33.0,14.0,386.0,1074.0,2.0,14.0,730.0,46.0,26.0,344.0,1473.0,,4.0,4.0,3.0,110.0,,191.0,244.0,104.0,153.0,,6.0
LaLiga Santander,https://www.laliga.com/en-ES/player/jorge-miramon,1982,jorge-miramon,Jorge Miramón,Jorge Miramón,Jorge,Miramón,male,1989-06-02T00:00:00+00:00,Zaragoza,74.0,175.0,False,https://twitter.com/JorgeMiramon,https://instagram.com/jorgemiramon,ES,Levante UD,LEV,1909-09-07T00:00:00+0000,https://assets.laliga.com/assets/2019/06/07/medium/levante.png,20.0,Midfielder,https://assets.laliga.com/squad/2021/t855/p89334/512x556/p89334_t855_2021_1_001_000.png,Estadio Ciutat de València,https://assets.laliga.com/assets/2021/07/21/medium/ae79ef9d1c26baf8602706ba1acef94b.png,41.0,23.0,18.0,29.0,,,0.0,114.0,1.0,3.0,,5.0,1.0,,7.0,,,212.0,114.0,98.0,45.0,364.0,17.0,,29.0,,,,,1.0,43.0,38.0,5.0,1.0,,171.0,91.0,80.0,,,,1.0,96.0,35.0,16.0,,,272.0,,778.0,,,,,,,,,3.0,,36.0,12.0,147.0,,1.0,34.0,,,,,,,,,4.0,2.0,22.0,,7.0,7.0,,14.0,13.0,21.0,22.0,8.0,2.0,51.0,581.0,285.0,315.0,535.0,17.0,19.0,38.0,2.0,16.0,193.0,1975.0,31.0,51.0,31.0,23.0,319.0,784.0,,6.0,586.0,36.0,19.0,198.0,1352.0,,35.0,35.0,10.0,30.0,,72.0,162.0,71.0,126.0,0.0,5.0
LaLiga Santander,https://www.laliga.com/en-ES/player/molina-1,927,molina-1,Jorge Molina,Molina,Jorge,Molina,male,1982-04-22T00:00:00+00:00,Alcoy,72.0,188.0,False,https://twitter.com/Jorge9Molina,,ES,Granada CF,GRA,1931-01-01T00:00:00+0000,https://assets.laliga.com/assets/2019/06/07/medium/granada.png,23.0,Forward,https://assets.laliga.com/squad/2021/t5683/p76555/512x556/p76555_t5683_2021_1_001_000.png,Nuevo Los Cármenes,https://assets.laliga.com/assets/2019/08/07/medium/4de53714b029bf44d86c53bd0d6835d3.png,186.0,96.0,90.0,35.0,3.0,,4.0,106.0,8.0,2.0,,3.0,,1.0,9.0,,,300.0,161.0,139.0,70.0,170.0,8.0,,35.0,,,5.0,,10.0,35.0,30.0,5.0,8.0,2.0,114.0,65.0,49.0,2.0,1.0,3.0,6.0,100.0,6.0,26.0,,3.0,128.0,11.0,496.0,,,,,1.0,,1.0,,4.0,,27.0,11.0,47.0,,6.0,103.0,,,,,,,,,16.0,22.0,19.0,,9.0,16.0,,4.0,4.0,7.0,35.0,,20.0,6.0,315.0,247.0,82.0,319.0,2.0,2.0,38.0,6.0,,2.0,1957.0,35.0,11.0,19.0,39.0,281.0,507.0,,38.0,325.0,4.0,101.0,182.0,789.0,,5.0,5.0,10.0,2.0,6.0,12.0,166.0,21.0,170.0,2.0,2.0
LaLiga Santander,https://www.laliga.com/en-ES/player/jorge-moreno,23365,jorge-moreno,Jorge Moreno,Jorge,Jorge,Moreno,male,2001-07-25T00:00:00+00:00,,,,False,,,ES,,,,,,,,,,,,,,,,,,,,,,,,,,,,,,,,,,,,,,,,,,,,,,,,,,,,,,,,,,,,,,,,,,,,,,,,,,,,,,,,,,,,,,,,,,,,,,,,,,,,,,,,,,,,,,,,,,,,,,,,,,,,,,,,,,,,,
LaLiga Santander,https://www.laliga.com/en-ES/player/de-frutos-1,12015,de-frutos-1,Jorge de Frutos,De Frutos,Jorge,de Frutos,male,1997-02-20T00:00:00+00:00,Navares De Enmedio,72.0,173.0,False,,,ES,Levante UD,LEV,1909-09-07T00:00:00+0000,https://assets.laliga.com/assets/2019/06/07/medium/levante.png,18.0,Midfielder,https://assets.laliga.com/squad/2021/t855/p241153/512x556/p241153_t855_2021_1_001_000.png,Estadio Ciutat de València,https://assets.laliga.com/assets/2021/07/21/medium/ae79ef9d1c26baf8602706ba1acef94b.png,24.0,16.0,8.0,25.0,7.0,,3.0,90.0,10.0,1.0,,1.0,,6.0,26.0,,,248.0,151.0,97.0,66.0,131.0,28.0,,25.0,,,7.0,,4.0,43.0,35.0,8.0,4.0,,224.0,135.0,89.0,,1.0,2.0,1.0,499.0,12.0,15.0,,2.0,121.0,13.0,406.0,,,2.0,,,,,,4.0,,31.0,10.0,96.0,,1.0,68.0,,,,,,,,,16.0,20.0,20.0,,12.0,5.0,3.0,17.0,14.0,36.0,30.0,3.0,10.0,17.0,285.0,210.0,96.0,272.0,18.0,15.0,38.0,,2.0,14.0,1766.0,56.0,9.0,39.0,21.0,301.0,410.0,,36.0,289.0,33.0,86.0,121.0,833.0,1.0,52.0,50.0,40.0,14.0,2.0,26.0,138.0,35.0,95.0,0.0,4.0
LaLiga Santander,https://www.laliga.com/en-ES/player/josan,1996,josan,José Antonio Ferrández Pomares,Josan,José Antonio,Ferrández Pomares,male,1989-12-03T00:00:00+00:00,Crevillente,68.0,175.0,False,,,ES,Elche CF,ELC,1923-03-01T00:00:00+0000,https://assets.laliga.com/assets/2019/06/07/medium/elche.png,17.0,Midfielder,https://assets.laliga.com/squad/2021/t954/p199195/512x556/p199195_t954_2021_1_001_000.png,Estadio Martínez Valero,https://assets.laliga.com/assets/2019/08/12/medium/150e2d322086b631feb7ec0016b982f6.png,19.0,16.0,3.0,31.0,2.0,,1.0,76.0,4.0,4.0,,,,3.0,16.0,,,179.0,83.0,96.0,20.0,116.0,10.0,,31.0,,,3.0,,2.0,25.0,23.0,2.0,2.0,,160.0,67.0,93.0,1.0,,,1.0,25.0,10.0,15.0,,,177.0,4.0,367.0,,,,,,,,,4.0,,27.0,7.0,60.0,,2.0,11.0,,,,,,,,,3.0,5.0,10.0,,6.0,21.0,,16.0,16.0,27.0,10.0,2.0,,11.0,286.0,170.0,145.0,288.0,14.0,22.0,38.0,,12.0,68.0,1197.0,36.0,16.0,14.0,30.0,214.0,380.0,,8.0,299.0,36.0,33.0,81.0,773.0,,58.0,58.0,19.0,8.0,1.0,13.0,107.0,32.0,68.0,0.0,2.0
LaLiga Santander,https://www.laliga.com/en-ES/player/zaldua,1094,zaldua,Joseba Zaldúa,Zaldua,Joseba,Zaldua,male,1992-06-24T00:00:00+00:00,San Sebastián,70.0,176.0,False,https://twitter.com/jzaldua2,,ES,Real Sociedad,RSO,1909-09-07T00:00:00+0000,https://assets.laliga.com/assets/2019/06/07/medium/real-sociedad.png,2.0,Defender,https://assets.laliga.com/squad/2021/t188/p98821/512x556/p98821_t188_2021_1_001_000.png,Reale Arena,https://assets.laliga.com/assets/2019/10/03/medium/b20727f80d7b4c9d5ad18acec9b663c5.png,41.0,23.0,18.0,24.0,,,0.0,80.0,1.0,4.0,,4.0,1.0,,7.0,,,129.0,58.0,71.0,23.0,188.0,12.0,,24.0,,,,,,17.0,14.0,3.0,,,88.0,35.0,53.0,1.0,,,0.0,31.0,13.0,4.0,,,171.0,1.0,447.0,,,,,,,,,1.0,,22.0,10.0,53.0,,,20.0,,,,,,,,,2.0,3.0,14.0,,9.0,10.0,,7.0,7.0,3.0,10.0,3.0,,16.0,353.0,175.0,195.0,347.0,9.0,22.0,38.0,,20.0,103.0,1170.0,12.0,30.0,18.0,20.0,168.0,459.0,,5.0,363.0,31.0,7.0,96.0,788.0,,26.0,26.0,5.0,15.0,,24.0,89.0,33.0,72.0,0.0,6.0
LaLiga Santander,https://www.laliga.com/en-ES/player/joseda,23121,joseda,José David Menargues Manzanares,Joseda,José David,Menargues Manzanares,male,2002-05-01T00:00:00+00:00,,,180.0,False,,,ES,Valencia CF,VAL,1919-03-18T00:00:00+0000,https://assets.laliga.com/assets/2019/06/07/medium/valencia.png,34.0,Defender,https://assets.laliga.com/squad/2021/t191/p488031/512x556/p488031_t191_2021_1_001_000.png,Camp de Mestalla,https://assets.laliga.com/assets/2019/06/17/medium/984682326cdbb55f5034778b7690a795.png,,,,,,,,,,,,,,,,,,,,,,,,,,,,,,,,,,,,,,,,,,,,,,,,,,,,,,,,,,,,,,,,,,,,,,,,,,,,,,,,,,,,,,,,,,,,,,,38.0,,,,,,,,,,,,,,,,,,,,,,,,,,,,,
LaLiga Santander,https://www.laliga.com/en-ES/player/joseda-alvarez,25609,joseda-alvarez,José David Álvarez Adsuar,Joseda,José David,Álvarez Adsuar,male,2001-01-22T00:00:00+00:00,,,183.0,False,,,ES,Levante UD,LEV,1909-09-07T00:00:00+0000,https://assets.laliga.com/assets/2019/06/07/medium/levante.png,27.0,Defender,,Estadio Ciutat de València,https://assets.laliga.com/assets/2021/07/21/medium/ae79ef9d1c26baf8602706ba1acef94b.png,,,,,,,,,,,,,,,,,,,,,,,,,,,,,,,,,,,,,,,,,,,,,,,,,,,,,,,,,,,,,,,,,,,,,,,,,,,,,,,,,,,,,,,,,,,,,,,38.0,,,,,,,,,,,,,,,,,,,,,,,,,,,,,
LaLiga Santander,https://www.laliga.com/en-ES/player/joselu-2,4703,joselu-2,Jose Luis Mato Sanmartín,Joselu,Jose Luis,Mato Sanmartín,male,1990-03-27T00:00:00+00:00,Stuttgart,80.0,192.0,False,https://twitter.com/JoseluMato9,,ES,Deportivo Alavés,ALA,1921-01-23T00:00:00+0000,https://assets.laliga.com/assets/2020/09/01/medium/27002754a98bf535807fe49a24cc63ea.png,9.0,Forward,https://assets.laliga.com/squad/2021/t173/p61316/512x556/p61316_t173_2021_1_001_000.png,Mendizorroza,https://assets.laliga.com/assets/2019/06/17/medium/6b906780ba96aa6689192fb9afcaac6b.png,421.0,137.0,284.0,37.0,4.0,5.0,6.0,243.0,24.0,4.0,,5.0,,2.0,22.0,,,627.0,255.0,372.0,91.0,370.0,21.0,2.0,37.0,,,4.0,,14.0,58.0,52.0,6.0,12.0,2.0,206.0,118.0,88.0,5.0,1.0,1.0,8.0,61.0,7.0,31.0,,2.0,228.0,11.0,1018.0,,,,,,,7.0,6.0,6.0,,42.0,17.0,87.0,,11.0,211.0,,,,,,,,,32.0,41.0,35.0,,5.0,2.0,,4.0,4.0,18.0,43.0,,47.0,22.0,609.0,467.0,180.0,621.0,5.0,11.0,38.0,5.0,1.0,10.0,3126.0,67.0,45.0,43.0,57.0,598.0,1052.0,,73.0,643.0,16.0,166.0,409.0,1586.0,,27.0,27.0,33.0,11.0,11.0,27.0,380.0,56.0,382.0,4.0,
LaLiga Santander,https://www.laliga.com/en-ES/player/josema,4077,josema,José Manuel Sánchez Guillén,Josema,José Manuel,Sánchez Guillén,male,1996-06-05T00:00:00+00:00,Lorquí,81.0,184.0,False,,,ES,Real Valladolid CF,VLL,1928-03-20T00:00:00+0000,https://assets.laliga.com/assets/2019/06/07/medium/valladolid.png,6.0,Defender,,Estadio Municipal José Zorrilla,https://assets.laliga.com/assets/2019/06/17/medium/5dfdde2dab7cf9814c6f008591a3a4b5.png,13.0,4.0,9.0,5.0,,,0.0,7.0,,4.0,,,,,,,,30.0,11.0,19.0,3.0,51.0,1.0,,5.0,,,,,,5.0,5.0,,,,17.0,7.0,10.0,,,,0.0,10.0,5.0,,,,14.0,,119.0,,,,,,,,,,,4.0,3.0,15.0,,,49.0,,,,,,,,,1.0,,2.0,,1.0,3.0,,,,1.0,,,,5.0,85.0,21.0,66.0,82.0,1.0,6.0,42.0,,,1.0,274.0,2.0,7.0,5.0,2.0,40.0,121.0,,1.0,87.0,7.0,1.0,34.0,164.0,,2.0,2.0,2.0,4.0,,14.0,22.0,14.0,20.0,0.0,
LaLiga Santander,https://www.laliga.com/en-ES/player/josep-gaya,17031,josep-gaya,Josep Antoni Gayá Martinez,J. Gayà,Josep Antoni,Gayá Martinez,male,2000-07-07T00:00:00+00:00,Mallorca,,,False,,,ES,RCD Mallorca,MLL,1916-03-06T00:00:00+0000,https://assets.laliga.com/assets/2019/06/07/medium/mallorca.png,29.0,Defender,https://assets.laliga.com/squad/2021/t181/p508460/512x556/p508460_t181_2021_1_001_000.png,Visit Mallorca Estadi,https://assets.laliga.com/assets/2019/08/07/medium/6f67f604b5025b10ef0dc14d700586ae.png,,,,1.0,,,0.0,2.0,,,,,,,,,,,,,,14.0,,,1.0,1.0,,,,,4.0,3.0,1.0,,,,,,,,,0.0,1.0,1.0,,,,2.0,,26.0,,,,,,,,,,,1.0,1.0,1.0,,,10.0,,,,,,,,,,,1.0,,1.0,,,,,,,,,1.0,21.0,4.0,19.0,22.0,,,38.0,,,,59.0,,3.0,,,6.0,28.0,,,23.0,,,5.0,36.0,,,,,1.0,,1.0,,5.0,4.0,0.0,
LaLiga Santander,https://www.laliga.com/en-ES/player/aidoo-jr,8904,aidoo-jr,Joseph Aidoo,Aidoo Jr,Joseph,Aidoo,male,1995-09-29T00:00:00+00:00,Tema,80.0,180.0,False,,,GH,RC Celta,CEL,1923-08-23T00:00:00+0000,https://assets.laliga.com/assets/2019/06/07/medium/celta.png,15.0,Defender,https://assets.laliga.com/squad/2021/t176/p210171/512x556/p210171_t176_2021_1_001_000.png,Estadio ABANCA Balaídos,https://assets.laliga.com/assets/2019/06/17/medium/0aef263ef366bd0b81369408adb27cd6.png,109.0,47.0,62.0,32.0,,,0.0,143.0,1.0,13.0,,8.0,,,1.0,,,207.0,79.0,128.0,51.0,583.0,4.0,,32.0,,,,,,31.0,28.0,3.0,,,98.0,32.0,66.0,,,,0.0,100.0,38.0,6.0,,,490.0,1.0,1528.0,,1.0,,,,,,,3.0,,19.0,10.0,164.0,,,325.0,,,,,,,,,4.0,1.0,30.0,,6.0,2.0,,1.0,1.0,9.0,28.0,13.0,,112.0,1241.0,384.0,869.0,1140.0,13.0,26.0,38.0,1.0,2.0,17.0,2640.0,8.0,95.0,10.0,18.0,319.0,1541.0,,5.0,1252.0,39.0,12.0,289.0,1867.0,,2.0,2.0,2.0,61.0,,131.0,186.0,105.0,158.0,0.0,1.0
LaLiga Santander,https://www.laliga.com/en-ES/player/j-g-campana,1999,j-g-campana,José Campaña,J.g. Campaña,José,Campaña,male,1993-05-31T00:00:00+00:00,Sevilla,70.0,179.0,False,,,ES,Levante UD,LEV,1909-09-07T00:00:00+0000,https://assets.laliga.com/assets/2019/06/07/medium/levante.png,24.0,Midfielder,https://assets.laliga.com/squad/2021/t855/p88952/512x556/p88952_t855_2021_1_001_000.png,Estadio Ciutat de València,https://assets.laliga.com/assets/2021/07/21/medium/ae79ef9d1c26baf8602706ba1acef94b.png,35.0,18.0,17.0,20.0,2.0,1.0,0.0,103.0,4.0,2.0,,2.0,,35.0,3.0,,,165.0,78.0,87.0,38.0,293.0,9.0,,20.0,,,2.0,,2.0,28.0,25.0,3.0,2.0,,130.0,60.0,70.0,1.0,,,2.0,49.0,21.0,22.0,,,184.0,1.0,777.0,,,,,,,1.0,,2.0,,27.0,11.0,109.0,,2.0,238.0,,,,,,,,,3.0,6.0,16.0,1.0,8.0,4.0,8.0,9.0,1.0,21.0,20.0,1.0,10.0,39.0,666.0,417.0,295.0,664.0,11.0,16.0,38.0,3.0,1.0,3.0,1428.0,24.0,19.0,17.0,22.0,212.0,818.0,1.0,9.0,703.0,27.0,19.0,115.0,1092.0,20.0,47.0,13.0,14.0,3.0,,25.0,132.0,30.0,90.0,0.0,6.0
LaLiga Santander,https://www.laliga.com/en-ES/player/fontan,12677,fontan,José Fontán,Fontan,José,Fontán,male,2000-02-11T00:00:00+00:00,Vilagarcía de Arousa,,,False,,,ES,RC Celta,CEL,1923-08-23T00:00:00+0000,https://assets.laliga.com/assets/2019/06/07/medium/celta.png,19.0,Defender,https://assets.laliga.com/squad/2021/t176/p490862/512x556/p490862_t176_2021_1_001_000.png,Estadio ABANCA Balaídos,https://assets.laliga.com/assets/2019/06/17/medium/0aef263ef366bd0b81369408adb27cd6.png,6.0,2.0,4.0,9.0,,,0.0,31.0,,1.0,,1.0,,,,,,27.0,17.0,10.0,12.0,47.0,6.0,,9.0,,,,,,4.0,3.0,1.0,,,21.0,15.0,6.0,,,,0.0,14.0,10.0,2.0,,,31.0,,190.0,,,1.0,,,,,,,,3.0,2.0,17.0,,,84.0,,,,,,,,,1.0,,3.0,,1.0,6.0,,2.0,2.0,1.0,5.0,3.0,,8.0,162.0,47.0,120.0,157.0,2.0,3.0,38.0,,3.0,3.0,273.0,1.0,10.0,10.0,,36.0,193.0,,1.0,165.0,5.0,1.0,28.0,240.0,,3.0,3.0,,4.0,,13.0,23.0,8.0,15.0,0.0,3.0
LaLiga Santander,https://www.laliga.com/en-ES/player/gaya,722,gaya,José Gayà,Gayà,José,Gayà,male,1995-05-25T00:00:00+00:00,Pedreguer,66.0,172.0,False,https://twitter.com/jose_gaya,https://instagram.com/jose_gaya/,ES,Valencia CF,VAL,1919-03-18T00:00:00+0000,https://assets.laliga.com/assets/2019/06/07/medium/valencia.png,14.0,Defender,https://assets.laliga.com/squad/2021/t191/p132105/512x556/p132105_t191_2021_1_001_000.png,Camp de Mestalla,https://assets.laliga.com/assets/2019/06/17/medium/984682326cdbb55f5034778b7690a795.png,23.0,15.0,8.0,24.0,4.0,1.0,1.0,98.0,1.0,3.0,,5.0,,2.0,12.0,,,165.0,85.0,80.0,38.0,230.0,20.0,1.0,24.0,,,4.0,,2.0,32.0,26.0,6.0,1.0,1.0,142.0,70.0,72.0,,,,1.0,38.0,19.0,19.0,,2.0,30.0,4.0,599.0,,,1.0,,,,,,4.0,,36.0,14.0,111.0,1.0,,264.0,,,,,,,2.0,,8.0,9.0,22.0,1.0,4.0,2.0,1.0,23.0,20.0,16.0,23.0,9.0,1.0,46.0,451.0,286.0,208.0,425.0,14.0,21.0,38.0,2.0,30.0,156.0,1874.0,18.0,33.0,34.0,21.0,286.0,622.0,2.0,17.0,471.0,35.0,21.0,151.0,1131.0,1.0,71.0,64.0,13.0,39.0,,82.0,180.0,42.0,69.0,0.0,7.0
LaLiga Santander,https://www.laliga.com/en-ES/player/j-m-gimenez,562,j-m-gimenez,José Giménez,J. M. Giménez,José,Giménez,male,1995-01-20T00:00:00+00:00,Toledo,80.0,185.0,True,https://twitter.com/JoseMaGimenez13,https://instagram.com/josemariagimenez/?hl=es,UY,Atlético de Madrid,ATM,1903-04-26T00:00:00+0000,https://assets.laliga.com/assets/2019/06/07/medium/atletico.png,2.0,Defender,https://assets.laliga.com/squad/2021/t175/p151883/512x556/p151883_t175_2021_1_001_000.png,Wanda Metropolitano,https://assets.laliga.com/assets/2019/06/17/medium/935f92c15c4d3442ef3f6d843beba0e1.png,67.0,24.0,43.0,24.0,,,0.0,49.0,2.0,19.0,,9.0,1.0,,,,,136.0,48.0,88.0,27.0,271.0,5.0,,24.0,,,1.0,,1.0,22.0,21.0,1.0,1.0,,69.0,24.0,45.0,,1.0,,1.0,56.0,25.0,4.0,,,258.0,2.0,879.0,,,,,,,,,4.0,,9.0,6.0,99.0,,,345.0,,,,,,,,,11.0,7.0,24.0,,5.0,,,,,8.0,19.0,4.0,,75.0,784.0,202.0,617.0,744.0,6.0,12.0,38.0,,1.0,1.0,2046.0,5.0,94.0,11.0,21.0,123.0,923.0,,18.0,819.0,18.0,26.0,104.0,1176.0,,1.0,1.0,4.0,17.0,,51.0,71.0,34.0,53.0,0.0,8.0
LaLiga Santander,https://www.laliga.com/en-ES/player/jose-luis-friaza,25347,jose-luis-friaza,José Luis Friaza,José Luis Friaza,José Luis,Friaza,male,2002-02-15T00:00:00+00:00,,,,False,,,ES,,,,,,,,,,,,,,,,,,,,,,,,,,,,,,,,,,,,,,,,,,,,,,,,,,,,,,,,,,,,,,,,,,,,,,,,,,,,,,,,,,,,,,,,,,,,,,,,,,,,,,,,,,,,,,,,,,,,,,,,,,,,,,,,,,,,,
LaLiga Santander,https://www.laliga.com/en-ES/player/a-j-morales,167,a-j-morales,José Luis Morales,A. J. Morales,José Luis,Morales,male,1987-07-23T00:00:00+00:00,Madrid,70.0,180.0,False,https://twitter.com/jose1987morales,,ES,Levante UD,LEV,1909-09-07T00:00:00+0000,https://assets.laliga.com/assets/2019/06/07/medium/levante.png,11.0,Forward,https://assets.laliga.com/squad/2021/t855/p165375/512x556/p165375_t855_2021_1_001_000.png,Estadio Ciutat de València,https://assets.laliga.com/assets/2021/07/21/medium/ae79ef9d1c26baf8602706ba1acef94b.png,47.0,31.0,16.0,35.0,7.0,2.0,6.0,139.0,20.0,,,4.0,,30.0,46.0,,,380.0,233.0,147.0,80.0,202.0,13.0,1.0,35.0,,,7.0,,13.0,54.0,46.0,8.0,13.0,,333.0,202.0,131.0,3.0,,3.0,7.0,49.0,4.0,29.0,,4.0,108.0,15.0,611.0,,,,,1.0,,5.0,3.0,3.0,,62.0,29.0,132.0,,9.0,179.0,,,,,,,,,25.0,36.0,31.0,,11.0,4.0,9.0,26.0,15.0,64.0,34.0,1.0,22.0,29.0,443.0,339.0,144.0,428.0,10.0,17.0,38.0,6.0,1.0,14.0,2723.0,147.0,5.0,28.0,40.0,528.0,628.0,,61.0,457.0,27.0,157.0,171.0,1334.0,17.0,95.0,73.0,92.0,2.0,2.0,18.0,240.0,26.0,153.0,3.0,7.0
LaLiga Santander,https://www.laliga.com/en-ES/player/jose-macias,19960,jose-macias,José Macías,Macias,José,Macías,male,1999-09-22T00:00:00+00:00,Guadalajara,73.0,177.0,False,,,MX,,,,,,,,,,,,,,,,,,,,,,,,,,,,,,,,,,,,,,,,,,,,,,,,,,,,,,,,,,,,,,,,,,,,,,,,,,,,,,,,,,,,,,,,,,,,,,,,,,,,,,,,,,,,,,,,,,,,,,,,,,,,,,,,,,,,,
LaLiga Santander,https://www.laliga.com/en-ES/player/jose-manuel-1,23578,jose-manuel-1,José Manuel López Sánchez,Jose Manuel,José Manuel,López Sánchez,male,1999-02-25T00:00:00+00:00,,,,False,,,ES,Levante UD,LEV,1909-09-07T00:00:00+0000,https://assets.laliga.com/assets/2019/06/07/medium/levante.png,28.0,Defender,https://assets.laliga.com/squad/2021/t855/p493721/512x556/p493721_t855_2021_1_001_000.png,Estadio Ciutat de València,https://assets.laliga.com/assets/2021/07/21/medium/ae79ef9d1c26baf8602706ba1acef94b.png,,,,,,,,,,,,,,,,,,,,,,,,,,,,,,,,,,,,,,,,,,,,,,,,,,,,,,,,,,,,,,,,,,,,,,,,,,,,,,,,,,,,,,,,,,,,,,,38.0,,,,,,,,,,,,,,,,,,,,,,,,,,,,,
LaLiga Santander,https://www.laliga.com/en-ES/player/calderon-1,12721,calderon-1,José Manuel Calderón,Calderon,José Manuel,Calderón,male,2000-01-07T00:00:00+00:00,,,,False,,,ES,,,,,,,,,,,,,,,,,,,,,,,,,,,,,,,,,,,,,,,,,,,,,,,,,,,,,,,,,,,,,,,,,,,,,,,,,,,,,,,,,,,,,,,,,,,,,,,,,,,,,,,,,,,,,,,,,,,,,,,,,,,,,,,,,,,,,
LaLiga Santander,https://www.laliga.com/en-ES/player/jose-mari,869,jose-mari,José María Martín-Bejarano Serrano,Jose Mari,José María,Martín-Bejarano Serrano,male,1987-12-06T00:00:00+00:00,Rota,69.0,180.0,False,https://twitter.com/JoseMariRota3,https://instagram.com/josemarirota3/,ES,Cádiz CF,CAD,1910-09-10T00:00:00+0000,https://assets.laliga.com/assets/2019/06/07/medium/cadiz.png,6.0,Midfielder,https://assets.laliga.com/squad/2021/t1737/p89592/512x556/p89592_t1737_2021_1_001_000.png,Estadio Nuevo Mirandilla,https://assets.laliga.com/assets/2019/08/12/medium/ec810605f774c1a9a3ed75de01826124.png,11.0,7.0,4.0,11.0,,,0.0,18.0,,1.0,,,,,2.0,,,44.0,18.0,26.0,11.0,51.0,5.0,,11.0,,,,,,3.0,3.0,,,,33.0,11.0,22.0,1.0,,,0.0,100.0,7.0,1.0,,,60.0,,177.0,,,,,,,,,1.0,,4.0,3.0,25.0,1.0,,58.0,,,,,,,,,2.0,2.0,4.0,,4.0,7.0,,,,1.0,4.0,1.0,,16.0,149.0,76.0,81.0,141.0,7.0,7.0,38.0,,,3.0,383.0,3.0,2.0,8.0,7.0,41.0,187.0,1.0,4.0,157.0,14.0,2.0,30.0,252.0,,1.0,1.0,,4.0,,13.0,27.0,4.0,17.0,0.0,1.0
LaLiga Santander,https://www.laliga.com/en-ES/player/jose-angel-carmona,23364,jose-angel-carmona,José Ángel Carmona,Carmona,José Ángel,Carmona,male,2002-01-29T00:00:00+00:00,El Viso del Alcor,,183.0,False,,,ES,Sevilla FC,SEV,1905-10-14T00:00:00+0000,https://assets.laliga.com/assets/2019/06/07/medium/sevilla.png,30.0,Defender,https://assets.laliga.com/squad/2021/t179/p545998/512x556/p545998_t179_2021_1_001_000.png,Ramón Sánchez-Pizjuán,https://assets.laliga.com/assets/2021/01/20/medium/5a52ab192cd4e4b1cc3e3a752d99c4e8.png,1.0,1.0,,1.0,,,0.0,,,,,,,,,,,3.0,1.0,2.0,,2.0,,,1.0,,,,,,,,,,,2.0,,2.0,,,,0.0,20.0,1.0,,,,5.0,,8.0,,,,,,,,,,,,,1.0,,,2.0,,,,,,,,,,,,,,1.0,,,,1.0,,,,1.0,5.0,2.0,4.0,5.0,,,38.0,,3.0,1.0,23.0,,,,1.0,6.0,9.0,,,6.0,,1.0,3.0,16.0,,,,,1.0,,1.0,2.0,1.0,2.0,0.0,
LaLiga Santander,https://www.laliga.com/en-ES/player/jose-pozo,2075,jose-pozo,José Pozo,Jose Pozo,José,Pozo,male,1996-03-15T00:00:00+00:00,Fuengirola,67.0,171.0,False,https://twitter.com/joseangelpozo1,https://instagram.com/joseangelpozo1/,ES,,,,,,,,,,,,,,,,,,,,,,,,,,,,,,,,,,,,,,,,,,,,,,,,,,,,,,,,,,,,,,,,,,,,,,,,,,,,,,,,,,,,,,,,,,,,,,,,,,,,,,,,,,,,,,,,,,,,,,,,,,,,,,,,,,,,,
LaLiga Santander,https://www.laliga.com/en-ES/player/joao-felix,9304,joao-felix,João Félix Sequeira,João Félix,João Félix,Sequeira,male,1999-11-10T00:00:00+00:00,Viseu,70.0,181.0,False,,,PT,Atlético de Madrid,ATM,1903-04-26T00:00:00+0000,https://assets.laliga.com/assets/2019/06/07/medium/atletico.png,7.0,Forward,https://assets.laliga.com/squad/2021/t175/p428399/512x556/p428399_t175_2021_1_001_000.png,Wanda Metropolitano,https://assets.laliga.com/assets/2019/06/17/medium/935f92c15c4d3442ef3f6d843beba0e1.png,39.0,20.0,19.0,24.0,4.0,1.0,4.0,103.0,7.0,1.0,,,,2.0,6.0,,,187.0,75.0,112.0,30.0,127.0,4.0,,24.0,,,4.0,,8.0,22.0,19.0,3.0,7.0,1.0,148.0,55.0,93.0,2.0,1.0,2.0,4.0,89.0,7.0,15.0,,1.0,57.0,9.0,401.0,,,,,,,,,3.0,,15.0,3.0,31.0,1.0,6.0,133.0,,,,,,,,,17.0,15.0,13.0,,9.0,11.0,1.0,3.0,2.0,31.0,15.0,,15.0,24.0,297.0,223.0,95.0,291.0,3.0,2.0,38.0,10.0,1.0,7.0,1264.0,40.0,8.0,15.0,57.0,197.0,420.0,1.0,32.0,315.0,5.0,57.0,105.0,703.0,,15.0,11.0,21.0,2.0,1.0,16.0,106.0,14.0,89.0,2.0,1.0
LaLiga Santander,https://www.laliga.com/en-ES/player/juan-artola,22808,juan-artola,Juan Artola,Artola,Juan,Artola,male,2000-04-07T00:00:00+00:00,Bilbao,,,False,,,ES,Athletic Club,ATH,1898-12-31T00:00:00+0000,https://assets.laliga.com/assets/2019/06/07/medium/athletic.png,34.0,Forward,https://assets.laliga.com/squad/2021/t174/p442485/512x556/p442485_t174_2021_1_001_000.png,Estadio San Mamés,https://assets.laliga.com/assets/2019/06/17/medium/f020571f7c260516dfab3b9dc5df6348.png,,,,,,,,,,,,,,,,,,,,,,,,,,,,,,,,,,,,,,,,,,,,,,,,,,,,,,,,,,,,,,,,,,,,,,,,,,,,,,,,,,,,,,,,,,,,,,,38.0,,,,,,,,,,,,,,,,,,,,,,,,,,,,,
LaLiga Santander,https://www.laliga.com/en-ES/player/juan-cala,125,juan-cala,Juan Torres Ruiz,Juan Cala,Juan,Torres Ruiz,male,1989-11-26T00:00:00+00:00,Lebrija,78.0,185.0,False,https://twitter.com/JuanCala_6,https://instagram.com/juancala_6/,ES,Cádiz CF,CAD,1910-09-10T00:00:00+0000,https://assets.laliga.com/assets/2019/06/07/medium/cadiz.png,16.0,Defender,https://assets.laliga.com/squad/2021/t1737/p55412/512x556/p55412_t1737_2021_1_001_000.png,Estadio Nuevo Mirandilla,https://assets.laliga.com/assets/2019/08/12/medium/ec810605f774c1a9a3ed75de01826124.png,31.0,15.0,16.0,14.0,,,0.0,19.0,,6.0,,2.0,,,,,,69.0,37.0,32.0,17.0,115.0,6.0,,14.0,,,,,,20.0,19.0,1.0,,,38.0,22.0,16.0,1.0,,,0.0,22.0,12.0,2.0,,,77.0,1.0,275.0,,,2.0,,,,,,2.0,,7.0,6.0,44.0,1.0,,80.0,,,,,,,,,5.0,,10.0,,1.0,4.0,,,,1.0,8.0,3.0,,33.0,202.0,62.0,153.0,182.0,5.0,4.0,38.0,,,1.0,945.0,3.0,56.0,11.0,7.0,85.0,291.0,1.0,5.0,215.0,9.0,7.0,76.0,416.0,,,,,11.0,,40.0,53.0,23.0,36.0,0.0,7.0
LaLiga Santander,https://www.laliga.com/en-ES/player/juan-carlos-arana,25527,juan-carlos-arana,Juan Carlos Arana Gómez,Arana,Juan Carlos,Arana Gómez,male,2000-02-08T00:00:00+00:00,Las Palmas de Gran Canaria,,182.0,False,,,ES,Villarreal CF,VIL,1923-03-10T00:00:00+0000,https://assets.laliga.com/assets/2019/06/07/medium/villarreal.png,42.0,Forward,,Estadio de la Cerámica,https://assets.laliga.com/assets/2019/10/03/medium/ac940b8f6681d614e337d20d5bf7f0a8.png,,,,,,,,,,,,,,,,,,,,,,,,,,,,,,,,,,,,,,,,,,,,,,,,,,,,,,,,,,,,,,,,,,,,,,,,,,,,,,,,,,,,,,,,,,,,,,,38.0,,,,,,,,,,,,,,,,,,,,,,,,,,,,,
LaLiga Santander,https://www.laliga.com/en-ES/player/juan-cruz-1,8710,juan-cruz-1,Juan Cruz Álvaro Armado,Juan Cruz,Juan Cruz,Álvaro Armado,male,1992-07-28T00:00:00+00:00,Madrid,79.0,180.0,False,,,ES,CA Osasuna,OSA,1920-11-17T00:00:00+0000,https://assets.laliga.com/assets/2019/06/07/medium/osasuna.png,3.0,Defender,https://assets.laliga.com/squad/2021/t450/p93203/512x556/p93203_t450_2021_1_001_000.png,Estadio El Sadar,https://assets.laliga.com/assets/2021/01/20/medium/c1b35f03ff875a4a12c7dcbd477d964a.png,50.0,27.0,23.0,23.0,,,0.0,60.0,1.0,12.0,,6.0,,,3.0,,,133.0,67.0,66.0,24.0,380.0,4.0,,23.0,,,,,,27.0,24.0,3.0,,,83.0,40.0,43.0,,,,0.0,37.0,16.0,3.0,1.0,,151.0,,855.0,,,,,,,,,1.0,,12.0,3.0,124.0,,,288.0,,,,,,,,,2.0,,22.0,,3.0,1.0,,1.0,1.0,10.0,12.0,10.0,,39.0,712.0,286.0,444.0,690.0,7.0,21.0,38.0,1.0,20.0,40.0,1934.0,14.0,55.0,19.0,5.0,203.0,879.0,,2.0,729.0,28.0,6.0,150.0,1132.0,,7.0,7.0,3.0,29.0,,57.0,105.0,52.0,93.0,0.0,4.0
LaLiga Santander,https://www.laliga.com/en-ES/player/juan-flere,12596,juan-flere,Juan Flere,Juan Flere,Juan,Flere,male,1998-05-12T00:00:00+00:00,Bariloche,,182.0,False,,,AR,Cádiz CF,CAD,1910-09-10T00:00:00+0000,https://assets.laliga.com/assets/2019/06/07/medium/cadiz.png,26.0,Goalkeeper,https://assets.laliga.com/squad/2021/t1737/p490316/512x556/p490316_t1737_2021_1_001_000.png,Estadio Nuevo Mirandilla,https://assets.laliga.com/assets/2019/08/12/medium/ec810605f774c1a9a3ed75de01826124.png,,,,,,,,,,,,,,,,,,,,,,,,,,,,,,,,,,,,,,,,,,,,,,,,,,,,,,,,,,,,,,,,,,,,,,,,,,,,,,,,,,,,,,,,,,,,,,,38.0,,,,,,,,,,,,,,,,,,,,,,,,,,,,,
LaLiga Santander,https://www.laliga.com/en-ES/player/foyth,6476,foyth,Juan Foyth,Foyth,Juan,Foyth,male,1998-01-12T00:00:00+00:00,,69.0,179.0,False,,,AR,Villarreal CF,VIL,1923-03-10T00:00:00+0000,https://assets.laliga.com/assets/2019/06/07/medium/villarreal.png,8.0,Defender,https://assets.laliga.com/squad/2021/t449/p234908/512x556/p234908_t449_2021_1_001_000.png,Estadio de la Cerámica,https://assets.laliga.com/assets/2019/10/03/medium/ac940b8f6681d614e337d20d5bf7f0a8.png,61.0,25.0,36.0,25.0,1.0,,1.0,146.0,1.0,7.0,,4.0,1.0,,3.0,,,249.0,94.0,155.0,38.0,398.0,24.0,,25.0,,,1.0,,1.0,19.0,15.0,4.0,1.0,,188.0,69.0,119.0,,1.0,1.0,0.0,53.0,20.0,9.0,,,374.0,,958.0,,,1.0,,,,,,1.0,,43.0,22.0,125.0,1.0,,56.0,,,,,,,,,3.0,2.0,22.0,,9.0,3.0,,1.0,1.0,28.0,17.0,6.0,1.0,38.0,805.0,387.0,434.0,782.0,20.0,49.0,38.0,2.0,31.0,161.0,1932.0,19.0,42.0,39.0,22.0,245.0,974.0,1.0,5.0,820.0,69.0,18.0,154.0,1484.0,,6.0,6.0,12.0,13.0,1.0,37.0,94.0,66.0,117.0,1.0,4.0
LaLiga Santander,https://www.laliga.com/en-ES/player/iglesias,16539,iglesias,Juan Antonio Iglesias,Iglesias,Juan Antonio,Iglesias,male,1998-07-03T00:00:00+00:00,Valladolid,,,False,,,ES,Getafe CF,GET,1983-03-30T00:00:00+0000,https://assets.laliga.com/assets/2019/06/07/medium/getafe.png,21.0,Defender,https://assets.laliga.com/squad/2021/t1450/p464283/512x556/p464283_t1450_2021_1_001_000.png,Coliseum Alfonso Pérez,https://assets.laliga.com/assets/2019/06/17/medium/b881ba5a6846e7ccdbc3a6a75a2c5e69.png,24.0,14.0,10.0,20.0,,,0.0,33.0,1.0,2.0,,,,4.0,6.0,,,102.0,51.0,51.0,13.0,107.0,9.0,,20.0,,,1.0,,,14.0,14.0,,,,78.0,37.0,41.0,,,,0.0,22.0,10.0,7.0,,,48.0,1.0,188.0,,,,,,,,,1.0,,20.0,6.0,51.0,,,6.0,,,,,,,,,4.0,,7.0,,5.0,13.0,1.0,10.0,9.0,5.0,6.0,10.0,,21.0,99.0,58.0,54.0,81.0,9.0,10.0,38.0,,38.0,51.0,709.0,11.0,21.0,16.0,17.0,191.0,194.0,,4.0,102.0,19.0,3.0,92.0,475.0,3.0,36.0,32.0,4.0,26.0,,45.0,104.0,24.0,47.0,0.0,1.0
LaLiga Santander,https://www.laliga.com/en-ES/player/juan-latasa,25591,juan-latasa,Juan Miguel Latasa,Latasa,Juan Miguel,Latasa,male,2001-03-23T00:00:00+00:00,,,,False,,,ES,Real Madrid,RMA,1902-03-06T00:00:00+0000,https://assets.laliga.com/assets/2019/06/07/medium/real-madrid.png,29.0,Forward,,Estadio Santiago Bernabéu,https://assets.laliga.com/assets/2019/06/08/medium/e6695a8184f41deea3ad87dd9c12ab1f.png,,,,1.0,,,0.0,4.0,,,,,,,,,,,,,,,,,1.0,,,,,,,,,,,,,,,,,0.0,63.0,,,,,,,5.0,,,,,,,,,,,1.0,,,,,1.0,,,,,,,,,1.0,,,,,1.0,,,,,,,,,4.0,2.0,2.0,4.0,,,38.0,,,,9.0,,,,,2.0,5.0,,1.0,4.0,,2.0,1.0,7.0,,,,,,,,1.0,,1.0,0.0,
LaLiga Santander,https://www.laliga.com/en-ES/player/miranda-2,6276,miranda-2,Juan Miranda,Miranda,Juan,Miranda,male,2000-01-19T00:00:00+00:00,Olivares,79.0,185.0,False,,,ES,Real Betis,BET,1907-09-12T00:00:00+0000,https://assets.laliga.com/assets/2019/06/07/medium/betis.png,33.0,Defender,https://assets.laliga.com/squad/2021/t185/p433530/512x556/p433530_t185_2021_1_001_000.png,Estadio Benito Villamarín,https://assets.laliga.com/assets/2019/06/17/medium/f211dabccff68741a75d175307d78f59.png,30.0,18.0,12.0,13.0,2.0,2.0,0.0,62.0,1.0,4.0,,3.0,,,5.0,,,97.0,47.0,50.0,22.0,162.0,7.0,,13.0,,,2.0,,,6.0,4.0,2.0,,,67.0,29.0,38.0,,,,0.0,46.0,15.0,5.0,,,7.0,,377.0,,,,,,,,,1.0,,12.0,6.0,36.0,,,157.0,,,,,,,,,3.0,2.0,9.0,,3.0,4.0,,5.0,5.0,4.0,16.0,5.0,1.0,10.0,298.0,168.0,144.0,297.0,10.0,11.0,38.0,,22.0,73.0,782.0,6.0,21.0,13.0,13.0,144.0,388.0,,5.0,307.0,21.0,11.0,81.0,637.0,,23.0,23.0,5.0,13.0,,28.0,80.0,24.0,53.0,0.0,3.0
LaLiga Santander,https://www.laliga.com/en-ES/player/juan-perez,1814,juan-perez,Juan Pérez,Juan Perez,Juan,Pérez,male,1996-07-15T00:00:00+00:00,Almudevar,83.0,187.0,False,,,ES,CA Osasuna,OSA,1920-11-17T00:00:00+0000,https://assets.laliga.com/assets/2019/06/07/medium/osasuna.png,13.0,Goalkeeper,https://assets.laliga.com/squad/2021/t450/p208765/512x556/p208765_t450_2021_1_001_000.png,Estadio El Sadar,https://assets.laliga.com/assets/2021/01/20/medium/c1b35f03ff875a4a12c7dcbd477d964a.png,,,,2.0,,,0.0,,,,1.0,,,,,,,1.0,1.0,,,31.0,,,2.0,10.0,5.0,,,,3.0,3.0,,,,1.0,1.0,,,,,0.0,10.0,,,,,2.0,,20.0,,,,,,,,,,1.0,,,12.0,,,2.0,,2.0,1.0,1.0,1.0,,,,,,2.0,,,,,,,,,2.0,,11.0,9.0,6.0,8.0,3.0,,,38.0,,,,180.0,,2.0,,,21.0,35.0,,,14.0,,,21.0,47.0,,,,,9.0,,19.0,17.0,4.0,2.0,0.0,
LaLiga Santander,https://www.laliga.com/en-ES/player/juanlu-1,14613,juanlu-1,Juan Luis Sánchez Velasco,Juanlu,Juan Luis,Sánchez Velasco,male,2003-08-15T00:00:00+00:00,Montequinto,68.0,183.0,False,,,ES,Sevilla FC,SEV,1905-10-14T00:00:00+0000,https://assets.laliga.com/assets/2019/06/07/medium/sevilla.png,32.0,Defender,,Ramón Sánchez-Pizjuán,https://assets.laliga.com/assets/2021/01/20/medium/5a52ab192cd4e4b1cc3e3a752d99c4e8.png,,,,1.0,,,0.0,1.0,,,,,,,,,,3.0,2.0,1.0,,1.0,,,1.0,,,,,,,,,,,3.0,2.0,1.0,,,,0.0,1.0,,,,,1.0,,4.0,,,,,,,,,,,1.0,1.0,1.0,,,1.0,,,,,,,,,,,,,,1.0,,,,,,,,,2.0,,2.0,2.0,1.0,,38.0,,,,4.0,,,1.0,,3.0,4.0,,,2.0,1.0,,2.0,7.0,,,,,1.0,,1.0,1.0,1.0,1.0,0.0,1.0
LaLiga Santander,https://www.laliga.com/en-ES/player/juanmi,647,juanmi,Juan Miguel Jiménez López,Juanmi,Juan Miguel,Jiménez López,male,1993-05-20T00:00:00+00:00,Málaga,69.0,172.0,False,,https://instagram.com/juanmi9395/,ES,Real Betis,BET,1907-09-12T00:00:00+0000,https://assets.laliga.com/assets/2019/06/07/medium/betis.png,7.0,Forward,https://assets.laliga.com/squad/2021/t185/p80287/512x556/p80287_t185_2021_1_001_000.png,Estadio Benito Villamarín,https://assets.laliga.com/assets/2019/06/17/medium/f211dabccff68741a75d175307d78f59.png,71.0,39.0,32.0,33.0,2.0,,4.0,149.0,8.0,1.0,,1.0,,,8.0,,,262.0,147.0,115.0,62.0,111.0,21.0,1.0,33.0,,,4.0,,16.0,21.0,20.0,1.0,15.0,1.0,191.0,108.0,83.0,4.0,3.0,,12.0,87.0,9.0,15.0,,3.0,47.0,18.0,477.0,,,,,,,,,2.0,,34.0,23.0,106.0,,10.0,173.0,,,,,,,,,17.0,30.0,26.0,,24.0,7.0,,1.0,1.0,29.0,21.0,1.0,14.0,17.0,372.0,222.0,154.0,358.0,14.0,25.0,38.0,2.0,,17.0,2145.0,44.0,9.0,40.0,15.0,227.0,480.0,,47.0,375.0,39.0,88.0,105.0,860.0,,3.0,3.0,15.0,5.0,3.0,16.0,85.0,23.0,89.0,6.0,5.0
LaLiga Santander,https://www.laliga.com/en-ES/player/julen-agirrezabala,22797,julen-agirrezabala,Julen Agirrezabala,Agirrezabala,Julen,Agirrezabala,male,2000-12-26T00:00:00+00:00,,,,False,,,ES,Athletic Club,ATH,1898-12-31T00:00:00+0000,https://assets.laliga.com/assets/2019/06/07/medium/athletic.png,26.0,Goalkeeper,https://assets.laliga.com/squad/2021/t174/p470508/512x556/p470508_t174_2021_1_001_000.png,Estadio San Mamés,https://assets.laliga.com/assets/2019/06/17/medium/f020571f7c260516dfab3b9dc5df6348.png,,,,4.0,,,0.0,,,,1.0,1.0,,,,,,,,,,41.0,,,4.0,31.0,7.0,,,,5.0,5.0,,,,,,,,,,0.0,62.0,,,,,12.0,,31.0,,,,,,,,,,2.0,,,26.0,,,17.0,,15.0,1.0,8.0,7.0,3.0,,,,,4.0,,,,,,,,,5.0,,15.0,22.0,10.0,40.0,35.0,,,38.0,,,,360.0,,4.0,,,20.0,70.0,,,50.0,,,20.0,102.0,,,,,9.0,,20.0,13.0,7.0,,0.0,
LaLiga Santander,https://www.laliga.com/en-ES/player/lobete,14513,lobete,Julen Lobete,Lobete,Julen,Lobete,male,2000-09-18T00:00:00+00:00,Lezo,,,False,,,ES,Real Sociedad,RSO,1909-09-07T00:00:00+0000,https://assets.laliga.com/assets/2019/06/07/medium/real-sociedad.png,35.0,Forward,https://assets.laliga.com/squad/2021/t188/p495392/512x556/p495392_t188_2021_0_001_000.png,Reale Arena,https://assets.laliga.com/assets/2019/10/03/medium/b20727f80d7b4c9d5ad18acec9b663c5.png,12.0,8.0,4.0,13.0,,,1.0,21.0,4.0,1.0,,1.0,,,3.0,,,49.0,27.0,22.0,19.0,10.0,3.0,,13.0,,,,,2.0,4.0,3.0,1.0,2.0,,37.0,19.0,18.0,2.0,,,1.0,61.0,1.0,1.0,,1.0,10.0,5.0,49.0,,,,,,,,,,,5.0,5.0,16.0,,1.0,14.0,,,,,,,,,4.0,2.0,2.0,,1.0,11.0,,,,3.0,8.0,,4.0,1.0,38.0,29.0,15.0,43.0,1.0,3.0,38.0,,,,276.0,11.0,1.0,9.0,11.0,38.0,55.0,,6.0,44.0,4.0,17.0,11.0,128.0,,,,6.0,,,,9.0,2.0,11.0,1.0,
LaLiga Santander,https://www.laliga.com/en-ES/player/kounde,4145,kounde,Jules Koundé,Kounde,Jules,Koundé,male,1998-11-12T00:00:00+00:00,Paris,70.0,178.0,False,,,FR,Sevilla FC,SEV,1905-10-14T00:00:00+0000,https://assets.laliga.com/assets/2019/06/07/medium/sevilla.png,23.0,Defender,https://assets.laliga.com/squad/2021/t179/p220325/512x556/p220325_t179_2021_1_001_000.png,Ramón Sánchez-Pizjuán,https://assets.laliga.com/assets/2021/01/20/medium/5a52ab192cd4e4b1cc3e3a752d99c4e8.png,127.0,50.0,77.0,32.0,1.0,,2.0,124.0,3.0,18.0,,13.0,1.0,,6.0,,,270.0,101.0,169.0,51.0,812.0,7.0,1.0,32.0,,,1.0,,2.0,25.0,20.0,5.0,2.0,,143.0,51.0,92.0,,1.0,,0.0,71.0,21.0,16.0,1.0,,755.0,2.0,2043.0,,,,,,,,,2.0,,25.0,15.0,199.0,,1.0,408.0,,,,,,,,,7.0,3.0,31.0,2.0,1.0,1.0,,5.0,5.0,24.0,23.0,7.0,1.0,126.0,1818.0,635.0,1235.0,1739.0,23.0,17.0,38.0,1.0,8.0,24.0,2737.0,27.0,98.0,15.0,28.0,316.0,2099.0,2.0,10.0,1865.0,40.0,52.0,234.0,2516.0,,13.0,13.0,15.0,27.0,1.0,89.0,141.0,106.0,145.0,1.0,2.0
LaLiga Santander,https://www.laliga.com/en-ES/player/benzema,70,benzema,Karim Benzema,Benzema,Karim,Benzema,male,1987-12-19T00:00:00+00:00,Lyon,81.0,185.0,True,https://twitter.com/Benzema,https://instagram.com/karimbenzema/,FR,Real Madrid,RMA,1902-03-06T00:00:00+0000,https://assets.laliga.com/assets/2019/06/07/medium/real-madrid.png,9.0,Forward,https://assets.laliga.com/squad/2021/t186/p19927/512x556/p19927_t186_2021_1_001_000.png,Estadio Santiago Bernabéu,https://assets.laliga.com/assets/2019/06/08/medium/e6695a8184f41deea3ad87dd9c12ab1f.png,48.0,30.0,18.0,32.0,8.0,3.0,12.0,308.0,29.0,,,8.0,,8.0,25.0,,,161.0,87.0,74.0,56.0,302.0,9.0,,32.0,,,12.0,,27.0,23.0,20.0,3.0,27.0,,113.0,57.0,56.0,2.0,3.0,2.0,15.0,85.0,4.0,50.0,,3.0,237.0,31.0,1165.0,1.0,,,,1.0,,11.0,7.0,2.0,,40.0,10.0,44.0,,20.0,373.0,,,,,,,1.0,,40.0,59.0,31.0,,13.0,1.0,,2.0,2.0,36.0,26.0,,40.0,31.0,985.0,844.0,197.0,1008.0,2.0,9.0,38.0,6.0,,2.0,2596.0,39.0,13.0,13.0,9.0,277.0,1220.0,,99.0,1039.0,11.0,238.0,181.0,1571.0,,8.0,8.0,15.0,1.0,7.0,17.0,170.0,19.0,164.0,8.0,
LaLiga Santander,https://www.laliga.com/en-ES/player/k-rekik,3122,k-rekik,Karim Rekik,K. Rekik,Karim,Rekik,male,1994-12-02T00:00:00+00:00,La Haya,84.0,186.0,False,,,NL,Sevilla FC,SEV,1905-10-14T00:00:00+0000,https://assets.laliga.com/assets/2019/06/07/medium/sevilla.png,4.0,Defender,https://assets.laliga.com/squad/2021/t179/p103040/512x556/p103040_t179_2021_1_001_000.png,Ramón Sánchez-Pizjuán,https://assets.laliga.com/assets/2021/01/20/medium/5a52ab192cd4e4b1cc3e3a752d99c4e8.png,47.0,24.0,23.0,18.0,1.0,,0.0,82.0,,6.0,,3.0,,,1.0,,,100.0,53.0,47.0,25.0,233.0,10.0,,18.0,,,2.0,,,8.0,6.0,2.0,,,53.0,29.0,24.0,,,,0.0,68.0,9.0,3.0,,,161.0,1.0,726.0,,,,,,,,,,,9.0,5.0,65.0,,,256.0,,,,,,,,,4.0,,11.0,,2.0,7.0,,2.0,2.0,5.0,12.0,2.0,1.0,13.0,657.0,184.0,480.0,649.0,3.0,8.0,38.0,1.0,8.0,29.0,1094.0,8.0,19.0,16.0,8.0,112.0,732.0,,4.0,662.0,11.0,14.0,70.0,892.0,,4.0,4.0,3.0,6.0,1.0,23.0,45.0,29.0,47.0,0.0,2.0
LaLiga Santander,https://www.laliga.com/en-ES/player/k-bare,5864,k-bare,Keidi Bare,K. Bare,Keidi,Bare,male,1997-08-28T00:00:00+00:00,Fier,66.0,174.0,False,,,AL,RCD Espanyol de Barcelona,ESP,1900-10-23T00:00:00+0000,https://assets.laliga.com/assets/2019/06/07/medium/espanyol.png,20.0,Midfielder,https://assets.laliga.com/squad/2021/t177/p181885/512x556/p181885_t177_2021_1_001_000.png,RCDE Stadium,https://assets.laliga.com/assets/2019/06/17/medium/306cc02af120e092849ddf38954bcb3e.png,43.0,30.0,13.0,25.0,,,1.0,131.0,2.0,10.0,,1.0,,,2.0,,,170.0,92.0,78.0,42.0,242.0,13.0,1.0,25.0,,,1.0,,1.0,20.0,20.0,,1.0,,127.0,62.0,65.0,1.0,,,0.0,76.0,15.0,7.0,,,244.0,,838.0,,,,,,,,,,,22.0,10.0,90.0,,1.0,255.0,,,,,,,,,1.0,1.0,18.0,,12.0,7.0,,1.0,1.0,9.0,24.0,6.0,1.0,52.0,724.0,363.0,396.0,706.0,10.0,17.0,38.0,2.0,,2.0,1485.0,18.0,26.0,25.0,29.0,156.0,872.0,,2.0,758.0,27.0,15.0,114.0,1095.0,,6.0,6.0,7.0,11.0,,26.0,79.0,41.0,88.0,0.0,9.0
LaLiga Santander,https://www.laliga.com/en-ES/player/kevin-v,1823,kevin-v,Kevin Vázquez,Kevin V.,Kevin,Vázquez,male,1993-03-23T00:00:00+00:00,Nigrán,72.0,173.0,False,https://twitter.com/Keva_07,https://instagram.com/keva_07/,ES,RC Celta,CEL,1923-08-23T00:00:00+0000,https://assets.laliga.com/assets/2019/06/07/medium/celta.png,20.0,Defender,https://assets.laliga.com/squad/2021/t176/p107807/512x556/p107807_t176_2021_1_001_000.png,Estadio ABANCA Balaídos,https://assets.laliga.com/assets/2019/06/17/medium/0aef263ef366bd0b81369408adb27cd6.png,47.0,29.0,18.0,17.0,1.0,,0.0,118.0,,7.0,,3.0,,,7.0,,,157.0,75.0,82.0,34.0,255.0,8.0,,17.0,,,1.0,,,15.0,14.0,1.0,,,110.0,46.0,64.0,3.0,,1.0,0.0,52.0,36.0,9.0,1.0,,256.0,,642.0,,,1.0,,,,,,2.0,,33.0,13.0,69.0,,,30.0,,,,,,,,,2.0,1.0,16.0,,6.0,1.0,,6.0,6.0,11.0,18.0,7.0,,23.0,499.0,290.0,232.0,493.0,10.0,24.0,38.0,,20.0,156.0,1331.0,17.0,26.0,18.0,19.0,239.0,659.0,,3.0,516.0,34.0,16.0,143.0,1101.0,,36.0,36.0,5.0,24.0,,41.0,122.0,57.0,102.0,0.0,3.0
LaLiga Santander,https://www.laliga.com/en-ES/player/trippier,2878,trippier,Kieran Trippier,Trippier,Kieran,Trippier,male,1990-09-19T00:00:00+00:00,Bury,71.0,178.0,False,,,GB-ENG,Newcastle,NEW,,https://assets.laliga.com/assets/2021/03/11/medium/b8127f91e409ae9ce07f12d48432b7c3.png,15.0,Defender,,St. James' Park,,15.0,5.0,10.0,6.0,,2.0,0.0,32.0,,3.0,,1.0,,15.0,2.0,,,48.0,17.0,31.0,12.0,113.0,1.0,,6.0,,,,,2.0,5.0,5.0,,,2.0,33.0,12.0,21.0,,,,2.0,50.0,10.0,7.0,,,52.0,,191.0,,,,,,,,,,,14.0,7.0,31.0,,2.0,6.0,,,,,,,,2.0,,2.0,5.0,,2.0,1.0,11.0,12.0,,1.0,6.0,1.0,,17.0,127.0,82.0,62.0,115.0,7.0,10.0,38.0,,8.0,45.0,429.0,3.0,10.0,3.0,3.0,99.0,203.0,,2.0,132.0,17.0,,71.0,354.0,3.0,16.0,6.0,2.0,4.0,,25.0,67.0,20.0,46.0,1.0,
LaLiga Santander,https://www.laliga.com/en-ES/player/kike-barja,1594,kike-barja,Enrique Barja Alfonso,Kike Barja,Enrique,Barja Alfonso,male,1997-04-01T00:00:00+00:00,Noáin,69.0,178.0,False,,,ES,CA Osasuna,OSA,1920-11-17T00:00:00+0000,https://assets.laliga.com/assets/2019/06/07/medium/osasuna.png,11.0,Forward,https://assets.laliga.com/squad/2021/t450/p178870/512x556/p178870_t450_2021_1_001_000.png,Estadio El Sadar,https://assets.laliga.com/assets/2021/01/20/medium/c1b35f03ff875a4a12c7dcbd477d964a.png,20.0,11.0,9.0,21.0,,,1.0,66.0,6.0,1.0,,,,2.0,12.0,,,172.0,91.0,81.0,25.0,79.0,11.0,,21.0,,,,,2.0,11.0,10.0,1.0,2.0,,152.0,80.0,72.0,2.0,1.0,,1.0,36.0,9.0,5.0,,1.0,111.0,,301.0,,,,,,,,,,,23.0,9.0,65.0,,,49.0,,,,,,,,,5.0,6.0,9.0,,9.0,12.0,,1.0,1.0,34.0,14.0,2.0,4.0,13.0,233.0,166.0,72.0,224.0,4.0,11.0,38.0,1.0,,11.0,863.0,51.0,4.0,17.0,23.0,219.0,305.0,,11.0,237.0,15.0,33.0,68.0,607.0,,54.0,53.0,23.0,5.0,,10.0,108.0,14.0,58.0,0.0,2.0
LaLiga Santander,https://www.laliga.com/en-ES/player/kike-g,379,kike-g,Enrique García Martínez,Kike G.,Enrique,García Martínez,male,1989-11-25T00:00:00+00:00,Cuenca,79.0,186.0,False,,,ES,CA Osasuna,OSA,1920-11-17T00:00:00+0000,https://assets.laliga.com/assets/2019/06/07/medium/osasuna.png,18.0,Forward,https://assets.laliga.com/squad/2021/t450/p61597/512x556/p61597_t450_2021_1_001_000.png,Estadio El Sadar,https://assets.laliga.com/assets/2021/01/20/medium/c1b35f03ff875a4a12c7dcbd477d964a.png,185.0,109.0,76.0,33.0,1.0,,3.0,133.0,10.0,1.0,,2.0,,,13.0,,,341.0,206.0,135.0,51.0,130.0,5.0,1.0,33.0,,,1.0,,5.0,30.0,29.0,1.0,5.0,,156.0,97.0,59.0,3.0,1.0,1.0,2.0,34.0,3.0,20.0,,,111.0,9.0,473.0,,,,,,,1.0,1.0,3.0,,23.0,9.0,68.0,,4.0,113.0,,,,,,,,,23.0,20.0,18.0,,10.0,15.0,,6.0,6.0,13.0,29.0,3.0,16.0,16.0,315.0,236.0,99.0,313.0,4.0,7.0,38.0,,,1.0,1857.0,59.0,11.0,23.0,36.0,321.0,487.0,,43.0,329.0,11.0,110.0,158.0,853.0,,15.0,15.0,22.0,5.0,4.0,11.0,153.0,20.0,147.0,0.0,2.0
LaLiga Santander,https://www.laliga.com/en-ES/player/kike-hermoso,6282,kike-hermoso,Enrique Gómez Hermoso,K. Hermoso,Enrique,Gómez Hermoso,male,1999-08-10T00:00:00+00:00,Madrid,76.0,190.0,False,,,ES,Real Betis,BET,1907-09-12T00:00:00+0000,https://assets.laliga.com/assets/2019/06/07/medium/betis.png,37.0,Midfielder,https://assets.laliga.com/squad/2021/t185/p433624/512x556/p433624_t185_2021_1_001_000.png,Estadio Benito Villamarín,https://assets.laliga.com/assets/2019/06/17/medium/f211dabccff68741a75d175307d78f59.png,8.0,2.0,6.0,1.0,,,1.0,8.0,,1.0,,,,,,,,12.0,3.0,9.0,3.0,16.0,,,1.0,,,,,1.0,1.0,1.0,,1.0,,4.0,1.0,3.0,,,,0.0,81.0,,,,,28.0,,59.0,,,,,,,,,,,1.0,1.0,5.0,,1.0,8.0,,,,,,,,,1.0,1.0,1.0,,,,,,,1.0,1.0,,,2.0,49.0,3.0,47.0,48.0,1.0,1.0,38.0,,,,90.0,,5.0,1.0,,11.0,60.0,,2.0,50.0,2.0,2.0,10.0,76.0,,,,,2.0,,4.0,4.0,6.0,6.0,0.0,
LaLiga Santander,https://www.laliga.com/en-ES/player/kike-1,5477,kike-1,Enrique Pérez Muñoz,Kike,Enrique,Pérez Muñoz,male,1997-02-14T00:00:00+00:00,Gálvez,80.0,184.0,False,,,ES,Elche CF,ELC,1923-03-01T00:00:00+0000,https://assets.laliga.com/assets/2019/06/07/medium/elche.png,24.0,Midfielder,https://assets.laliga.com/squad/2021/t954/p241865/512x556/p241865_t954_2021_1_001_000.png,Estadio Martínez Valero,https://assets.laliga.com/assets/2019/08/12/medium/150e2d322086b631feb7ec0016b982f6.png,25.0,11.0,14.0,12.0,,,0.0,38.0,2.0,1.0,,,,4.0,2.0,,,91.0,54.0,37.0,11.0,81.0,7.0,,12.0,,,,,2.0,5.0,5.0,,2.0,,66.0,43.0,23.0,,,,2.0,87.0,3.0,6.0,,1.0,68.0,1.0,230.0,,,,,,,,,1.0,,14.0,5.0,39.0,,1.0,48.0,,,,,,,,,3.0,5.0,5.0,,5.0,7.0,3.0,3.0,,9.0,3.0,3.0,2.0,15.0,172.0,117.0,62.0,161.0,2.0,6.0,38.0,4.0,,2.0,518.0,16.0,4.0,17.0,6.0,103.0,235.0,,8.0,176.0,8.0,12.0,59.0,343.0,1.0,4.0,2.0,5.0,6.0,,11.0,55.0,8.0,48.0,1.0,1.0
LaLiga Santander,https://www.laliga.com/en-ES/player/kike-salas,25514,kike-salas,Enrique Jesús Salas Valiente,Kike Salas,Enrique Jesús,Salas Valiente,male,2002-04-23T00:00:00+00:00,,,,False,,,ES,Sevilla FC,SEV,1905-10-14T00:00:00+0000,https://assets.laliga.com/assets/2019/06/07/medium/sevilla.png,45.0,Defender,,Ramón Sánchez-Pizjuán,https://assets.laliga.com/assets/2021/01/20/medium/5a52ab192cd4e4b1cc3e3a752d99c4e8.png,,,,,,,,,,,,,,,,,,,,,,,,,,,,,,,,,,,,,,,,,,,,,,,,,,,,,,,,,,,,,,,,,,,,,,,,,,,,,,,,,,,,,,,,,,,,,,,38.0,,,,,,,,,,,,,,,,,,,,,,,,,,,,,
LaLiga Santander,https://www.laliga.com/en-ES/player/k-casilla,608,k-casilla,Francisco Casilla Cortés,K. Casilla,Francisco,Casilla Cortés,male,1986-10-02T00:00:00+00:00,Tarragona,86.0,190.0,False,https://twitter.com/KikoCasilla,https://instagram.com/kikocasilla/,ES,Elche CF,ELC,1923-03-01T00:00:00+0000,https://assets.laliga.com/assets/2019/06/07/medium/elche.png,1.0,Goalkeeper,https://assets.laliga.com/squad/2021/t954/p39790/512x556/p39790_t954_2021_1_001_000.png,Estadio Martínez Valero,https://assets.laliga.com/assets/2019/08/12/medium/150e2d322086b631feb7ec0016b982f6.png,3.0,,3.0,14.0,,,0.0,,,,7.0,3.0,,,,,1.0,6.0,1.0,5.0,,277.0,,,14.0,163.0,50.0,,2.0,,17.0,14.0,3.0,,,3.0,1.0,2.0,,,,0.0,56.0,1.0,1.0,,,67.0,,202.0,,,,,,,,,,8.0,,,126.0,,,63.0,,43.0,1.0,27.0,16.0,16.0,,,,,14.0,,,,,,,,,17.0,,102.0,127.0,58.0,194.0,150.0,,,38.0,,,,1260.0,,10.0,,1.0,163.0,407.0,,,252.0,,,155.0,553.0,,,,,63.0,,151.0,112.0,43.0,4.0,0.0,3.0
LaLiga Santander,https://www.laliga.com/en-ES/player/k-koba-lein,14676,k-koba-lein,Koba Koindredi,K.koba Leïn,Koba,Koindredi,male,2001-10-27T00:00:00+00:00,,,,False,,,FR,Valencia CF,VAL,1919-03-18T00:00:00+0000,https://assets.laliga.com/assets/2019/06/07/medium/valencia.png,18.0,Midfielder,https://assets.laliga.com/squad/2021/t191/p485339/512x556/p485339_t191_2021_1_001_000.png,Camp de Mestalla,https://assets.laliga.com/assets/2019/06/17/medium/984682326cdbb55f5034778b7690a795.png,12.0,7.0,5.0,10.0,,,0.0,4.0,,,,,,1.0,,,,40.0,23.0,17.0,6.0,16.0,3.0,,10.0,,,,,,5.0,5.0,,,,28.0,16.0,12.0,,,,0.0,16.0,4.0,2.0,,,14.0,,44.0,,,,,,,,,,,6.0,3.0,8.0,,,10.0,,,,,,,,,1.0,,1.0,,2.0,9.0,,,,2.0,4.0,,,2.0,30.0,18.0,12.0,28.0,1.0,3.0,38.0,,1.0,,175.0,4.0,4.0,8.0,6.0,27.0,44.0,,1.0,30.0,4.0,2.0,14.0,91.0,1.0,2.0,1.0,1.0,4.0,,4.0,11.0,5.0,10.0,0.0,1.0
LaLiga Santander,https://www.laliga.com/en-ES/player/koffi,17024,koffi,Amankwaa Akurugu,Koffi,Amankwaa,Akurugu,male,2001-11-20T00:00:00+00:00,,,,False,,,GH,,,,,,,,,,,,,,,,,,,,,,,,,,,,,,,,,,,,,,,,,,,,,,,,,,,,,,,,,,,,,,,,,,,,,,,,,,,,,,,,,,,,,,,,,,,,,,,,,,,,,,,,,,,,,,,,,,,,,,,,,,,,,,,,,,,,,
LaLiga Santander,https://www.laliga.com/en-ES/player/koke,571,koke,Jorge Resurrección,Koke,Jorge,Resurrección,male,1992-01-08T00:00:00+00:00,Madrid,77.0,176.0,True,https://twitter.com/Koke6,https://instagram.com/koke6/,ES,Atlético de Madrid,ATM,1903-04-26T00:00:00+0000,https://assets.laliga.com/assets/2019/06/07/medium/atletico.png,6.0,Midfielder,https://assets.laliga.com/squad/2021/t175/p77390/512x556/p77390_t175_2021_1_001_000.png,Wanda Metropolitano,https://assets.laliga.com/assets/2019/06/17/medium/935f92c15c4d3442ef3f6d843beba0e1.png,39.0,26.0,13.0,31.0,2.0,,1.0,234.0,2.0,5.0,,8.0,,7.0,11.0,,,236.0,129.0,107.0,52.0,529.0,25.0,,31.0,,,2.0,,1.0,34.0,29.0,5.0,1.0,,197.0,103.0,94.0,,,,0.0,64.0,24.0,24.0,,,464.0,,1689.0,,,,,,,,,5.0,,44.0,16.0,169.0,,1.0,498.0,,,,,,,,,4.0,6.0,29.0,,6.0,2.0,1.0,5.0,3.0,13.0,26.0,3.0,10.0,72.0,1459.0,814.0,683.0,1420.0,25.0,30.0,38.0,7.0,,8.0,2509.0,37.0,30.0,29.0,27.0,329.0,1725.0,,10.0,1492.0,55.0,26.0,233.0,2070.0,5.0,28.0,23.0,5.0,15.0,,59.0,207.0,54.0,174.0,1.0,6.0
LaLiga Santander,https://www.laliga.com/en-ES/player/koke-vegas,4632,koke-vegas,Jorge Ruiz Ojeda,Koke Vegas,Jorge,Ruiz Ojeda,male,1995-09-27T00:00:00+00:00,Antequera,88.0,188.0,False,,,ES,,,,,,,,,,,,,,,,,,,,,,,,,,,,,,,,,,,,,,,,,,,,,,,,,,,,,,,,,,,,,,,,,,,,,,,,,,,,,,,,,,,,,,,,,,,,,,,,,,,,,,,,,,,,,,,,,,,,,,,,,,,,,,,,,,,,,
LaLiga Santander,https://www.laliga.com/en-ES/player/rodrigues-1,5462,rodrigues-1,Kévin Manuel Rodrigues,Rodrigues,Kévin Manuel,Rodrigues,male,1994-03-05T00:00:00+00:00,Bayonne,70.0,170.0,False,,,PT,Rayo Vallecano,RAY,1924-05-20T00:00:00+0000,https://assets.laliga.com/assets/2019/06/07/medium/rayo.png,19.0,Defender,https://assets.laliga.com/squad/2021/t184/p116626/512x556/p116626_t184_2021_1_001_000.png,Estadio de Vallecas,https://assets.laliga.com/assets/2019/08/12/medium/b86a37d70be8931c079066cc8c48817f.png,18.0,8.0,10.0,13.0,,,0.0,20.0,2.0,1.0,,,,1.0,1.0,,,57.0,23.0,34.0,13.0,76.0,2.0,,13.0,,,,,,13.0,11.0,2.0,,,39.0,15.0,24.0,1.0,,,0.0,50.0,7.0,3.0,,,10.0,,165.0,,,,,,,,,,,14.0,9.0,33.0,,,64.0,,,,,,,,,2.0,,5.0,,4.0,8.0,,1.0,1.0,2.0,6.0,2.0,,6.0,117.0,63.0,59.0,115.0,4.0,11.0,38.0,,8.0,40.0,433.0,7.0,4.0,5.0,7.0,85.0,170.0,,2.0,121.0,15.0,2.0,49.0,312.0,1.0,9.0,6.0,2.0,4.0,,12.0,36.0,22.0,37.0,0.0,
LaLiga Santander,https://www.laliga.com/en-ES/player/lago-junior,1896,lago-junior,Junior Wakalible Lago,Lago Junior,Junior Wakalible,Lago,male,1990-12-31T00:00:00+00:00,Yamoussoukro,79.0,180.0,False,,,CI,SD Huesca,HUE,1960-03-29T00:00:00+0000,https://assets.laliga.com/assets/2019/06/07/medium/huesca.png,15.0,Forward,,El Alcoraz,https://assets.laliga.com/assets/2019/08/12/medium/7f2417a1294943387e499185f8c1d565.png,17.0,7.0,10.0,13.0,,,0.0,22.0,4.0,,,,,,7.0,,,66.0,38.0,28.0,7.0,33.0,4.0,,13.0,,,,,,5.0,5.0,,,,49.0,31.0,18.0,,,1.0,0.0,10.0,1.0,7.0,,,23.0,2.0,116.0,,,,,,,,,,,10.0,4.0,31.0,,,40.0,,,,,,,,,2.0,3.0,1.0,,1.0,12.0,,3.0,3.0,6.0,2.0,,3.0,,77.0,58.0,24.0,79.0,2.0,2.0,42.0,,2.0,9.0,331.0,18.0,4.0,7.0,9.0,76.0,118.0,,5.0,79.0,4.0,22.0,39.0,216.0,,6.0,6.0,8.0,3.0,,5.0,36.0,9.0,34.0,0.0,
LaLiga Santander,https://www.laliga.com/en-ES/player/lanchi,15036,lanchi,José Manuel Cabrera,Lanchi,José Manuel,Cabrera,male,2001-06-23T00:00:00+00:00,Puerto Real,,,False,,,ES,Villarreal CF,VIL,1923-03-10T00:00:00+0000,https://assets.laliga.com/assets/2019/06/07/medium/villarreal.png,32.0,Defender,https://assets.laliga.com/squad/2021/t449/p513948/512x556/p513948_t449_2021_0_001_000.png,Estadio de la Cerámica,https://assets.laliga.com/assets/2019/10/03/medium/ac940b8f6681d614e337d20d5bf7f0a8.png,,,,,,,,,,,,,,,,,,,,,,,,,,,,,,,,,,,,,,,,,,,,,,,,,,,,,,,,,,,,,,,,,,,,,,,,,,,,,,,,,,,,,,,,,,,,,,,38.0,,,,,,,,,,,,,,,,,,,,,,,,,,,,,
LaLiga Santander,https://www.laliga.com/en-ES/player/landry-dimata,9145,landry-dimata,Landry Dimata,Dimata,Landry,Dimata,male,1997-09-01T00:00:00+00:00,Mbuji-Mayi,81.0,185.0,False,,,BE,RCD Espanyol de Barcelona,ESP,1900-10-23T00:00:00+0000,https://assets.laliga.com/assets/2019/06/07/medium/espanyol.png,18.0,Forward,https://assets.laliga.com/squad/2021/t177/p220267/512x556/p220267_t177_2021_1_001_000.png,RCDE Stadium,https://assets.laliga.com/assets/2019/06/17/medium/306cc02af120e092849ddf38954bcb3e.png,43.0,25.0,18.0,17.0,,,0.0,21.0,2.0,,,,,,3.0,,,99.0,54.0,45.0,14.0,15.0,5.0,,17.0,,,,,,10.0,10.0,,,,56.0,29.0,27.0,1.0,,,0.0,39.0,1.0,5.0,,,33.0,3.0,85.0,,,,,,,,,1.0,,7.0,,14.0,,,23.0,,,,,,,,,6.0,,4.0,,3.0,13.0,,,,6.0,6.0,,4.0,2.0,60.0,45.0,22.0,65.0,,2.0,38.0,,,,536.0,14.0,7.0,14.0,20.0,64.0,92.0,,6.0,67.0,2.0,23.0,25.0,196.0,,,,4.0,1.0,,1.0,20.0,5.0,24.0,0.0,
LaLiga Santander,https://www.laliga.com/en-ES/player/lassina-sangare,25045,lassina-sangare,Lassina Sangare,S. Lassina,Lassina,Sangare,male,2001-11-20T00:00:00+00:00,,,,False,,,CI,Valencia CF,VAL,1919-03-18T00:00:00+0000,https://assets.laliga.com/assets/2019/06/07/medium/valencia.png,40.0,Midfielder,,Camp de Mestalla,https://assets.laliga.com/assets/2019/06/17/medium/984682326cdbb55f5034778b7690a795.png,,,,,,,,,,,,,,,,,,,,,,,,,,,,,,,,,,,,,,,,,,,,,,,,,,,,,,,,,,,,,,,,,,,,,,,,,,,,,,,,,,,,,,,,,,,,,,,38.0,,,,,,,,,,,,,,,,,,,,,,,,,,,,,
LaLiga Santander,https://www.laliga.com/en-ES/player/lazar-carevic,24255,lazar-carevic,Lazar Carevic,Lazar Carevic,Lazar,Carevic,male,1999-03-16T00:00:00+00:00,,85.0,193.0,False,,,ME,FC Barcelona,BAR,1899-11-29T00:00:00+0000,https://assets.laliga.com/assets/2019/06/07/medium/barcelona.png,27.0,Goalkeeper,,Camp Nou,https://assets.laliga.com/assets/2019/06/17/medium/0623ce55ec3ee4e439ed6d24fe2ba77b.png,,,,,,,,,,,,,,,,,,,,,,,,,,,,,,,,,,,,,,,,,,,,,,,,,,,,,,,,,,,,,,,,,,,,,,,,,,,,,,,,,,,,,,,,,,,,,,,38.0,,,,,,,,,,,,,,,,,,,,,,,,,,,,,
LaLiga Santander,https://www.laliga.com/en-ES/player/cabrera,985,cabrera,Leandro Cabrera,Cabrera,Leandro,Cabrera,male,1991-06-17T00:00:00+00:00,Montevideo,80.0,190.0,False,,,UY,RCD Espanyol de Barcelona,ESP,1900-10-23T00:00:00+0000,https://assets.laliga.com/assets/2019/06/07/medium/espanyol.png,4.0,Defender,https://assets.laliga.com/squad/2021/t177/p64662/512x556/p64662_t177_2021_1_001_000.png,RCDE Stadium,https://assets.laliga.com/assets/2019/06/17/medium/306cc02af120e092849ddf38954bcb3e.png,134.0,50.0,84.0,37.0,,,1.0,54.0,3.0,23.0,,10.0,1.0,,5.0,,,240.0,99.0,141.0,57.0,941.0,13.0,,37.0,21.0,,,,2.0,49.0,48.0,1.0,2.0,,106.0,49.0,57.0,1.0,1.0,2.0,1.0,53.0,44.0,10.0,,1.0,297.0,2.0,1702.0,,1.0,2.0,,,,,,3.0,,25.0,9.0,147.0,,,537.0,,,,,,,,,9.0,6.0,37.0,,,,,,,1.0,29.0,25.0,1.0,164.0,1283.0,514.0,887.0,1237.0,13.0,24.0,38.0,2.0,20.0,57.0,3330.0,7.0,215.0,32.0,21.0,500.0,1829.0,,15.0,1401.0,37.0,27.0,428.0,2372.0,,13.0,13.0,4.0,81.0,,243.0,295.0,146.0,185.0,1.0,7.0
LaLiga Santander,https://www.laliga.com/en-ES/player/kang-in,9361,kang-in,Kang-In Lee,Lee Kang In,Kang-In,Lee,male,2001-02-19T00:00:00+00:00,Incheon,68.0,173.0,False,,,KO,RCD Mallorca,MLL,1916-03-06T00:00:00+0000,https://assets.laliga.com/assets/2019/06/07/medium/mallorca.png,19.0,Midfielder,https://assets.laliga.com/squad/2021/t181/p451358/512x556/p451358_t181_2021_1_001_000.png,Visit Mallorca Estadi,https://assets.laliga.com/assets/2019/08/07/medium/6f67f604b5025b10ef0dc14d700586ae.png,55.0,39.0,16.0,30.0,2.0,8.0,1.0,122.0,10.0,1.0,,1.0,,49.0,18.0,,,243.0,140.0,103.0,30.0,151.0,7.0,,30.0,,,2.0,,1.0,27.0,24.0,3.0,,1.0,188.0,101.0,87.0,1.0,,3.0,0.0,85.0,5.0,20.0,,1.0,144.0,1.0,465.0,,1.0,,,,,,,3.0,,31.0,10.0,77.0,1.0,,84.0,,,,,,,,,11.0,15.0,15.0,,12.0,15.0,8.0,12.0,3.0,38.0,18.0,1.0,12.0,21.0,362.0,264.0,138.0,369.0,7.0,6.0,38.0,4.0,,5.0,1409.0,55.0,4.0,23.0,36.0,286.0,501.0,1.0,26.0,390.0,13.0,24.0,111.0,879.0,28.0,61.0,20.0,23.0,14.0,2.0,27.0,147.0,25.0,84.0,0.0,1.0
LaLiga Santander,https://www.laliga.com/en-ES/player/leo-1,14070,leo-1,Leonardo Román Riquelme,Leo Roman,Leonardo,Román Riquelme,male,2000-07-06T00:00:00+00:00,Ibiza,,,False,,,ES,RCD Mallorca,MLL,1916-03-06T00:00:00+0000,https://assets.laliga.com/assets/2019/06/07/medium/mallorca.png,31.0,Goalkeeper,https://assets.laliga.com/squad/2021/t181/p500755/512x556/p500755_t181_2021_1_001_000.png,Visit Mallorca Estadi,https://assets.laliga.com/assets/2019/08/07/medium/6f67f604b5025b10ef0dc14d700586ae.png,,,,2.0,,,0.0,,,,1.0,,,,,,,1.0,,1.0,,34.0,,,2.0,18.0,5.0,,,,5.0,5.0,,,,1.0,,1.0,,,,0.0,60.0,,,,,18.0,,36.0,,,,1.0,,,,,1.0,1.0,,,18.0,,,8.0,,10.0,,4.0,6.0,1.0,,,,,2.0,,,,,,,1.0,,4.0,,9.0,26.0,4.0,36.0,31.0,,,38.0,,,,180.0,,3.0,,,20.0,60.0,,,40.0,,,20.0,82.0,,,,,10.0,,20.0,15.0,5.0,,0.0,
LaLiga Santander,https://www.laliga.com/en-ES/player/andreu-1,13684,andreu-1,Lluis Andreu,Andreu,Lluis,Andreu,male,1999-07-23T00:00:00+00:00,Barcelona,78.0,189.0,False,,,ES,Elche CF,ELC,1923-03-01T00:00:00+0000,https://assets.laliga.com/assets/2019/06/07/medium/elche.png,28.0,Goalkeeper,https://assets.laliga.com/squad/2021/t954/p464442/512x556/p464442_t954_2021_1_001_000.png,Estadio Martínez Valero,https://assets.laliga.com/assets/2019/08/12/medium/150e2d322086b631feb7ec0016b982f6.png,,,,,,,,,,,,,,,,,,,,,,,,,,,,,,,,,,,,,,,,,,,,,,,,,,,,,,,,,,,,,,,,,,,,,,,,,,,,,,,,,,,,,,,,,,,,,,,38.0,,,,,,,,,,,,,,,,,,,,,,,,,,,,,
LaLiga Santander,https://www.laliga.com/en-ES/player/lluis-recasens,23711,lluis-recasens,Lluís Recasens,Recasens,Lluís,Recasens,male,2002-02-19T00:00:00+00:00,Tarragona,,,False,,,ES,RCD Espanyol de Barcelona,ESP,1900-10-23T00:00:00+0000,https://assets.laliga.com/assets/2019/06/07/medium/espanyol.png,31.0,Forward,,RCDE Stadium,https://assets.laliga.com/assets/2019/06/17/medium/306cc02af120e092849ddf38954bcb3e.png,1.0,,1.0,1.0,,,0.0,,,,,,,,,,,3.0,,3.0,2.0,5.0,,,1.0,,,,,,2.0,2.0,,,,2.0,,2.0,,,,0.0,16.0,2.0,,,,2.0,,11.0,,,,,,,,,,,,,1.0,,,4.0,,,,,,,,,,,,,,1.0,,,,,2.0,,,1.0,6.0,3.0,3.0,5.0,2.0,,38.0,,,,45.0,,2.0,,,5.0,11.0,,,6.0,2.0,,5.0,17.0,,,,,,,,2.0,3.0,5.0,0.0,
LaLiga Santander,https://www.laliga.com/en-ES/player/loren,7470,loren,Lorenzo Morón,Loren,Lorenzo,Morón,male,1993-12-30T00:00:00+00:00,Marbella,66.0,188.0,False,,,ES,RCD Espanyol de Barcelona,ESP,1900-10-23T00:00:00+0000,https://assets.laliga.com/assets/2019/06/07/medium/espanyol.png,16.0,Forward,https://assets.laliga.com/squad/2021/t177/p432751/512x556/p432751_t177_2021_1_001_000.png,RCDE Stadium,https://assets.laliga.com/assets/2019/06/17/medium/306cc02af120e092849ddf38954bcb3e.png,48.0,29.0,19.0,21.0,,,,21.0,4.0,1.0,,,,,3.0,,,106.0,62.0,44.0,15.0,27.0,7.0,,21.0,,,,,1.0,10.0,10.0,,,1.0,58.0,33.0,25.0,,,1.0,,10.0,2.0,5.0,,,13.0,7.0,81.0,,,,,,,,,,,19.0,10.0,15.0,,1.0,24.0,,,,,,,,,4.0,2.0,4.0,,4.0,17.0,,1.0,1.0,4.0,10.0,,4.0,1.0,46.0,35.0,16.0,49.0,2.0,4.0,38.0,,,,555.0,11.0,8.0,10.0,15.0,69.0,85.0,,6.0,50.0,6.0,25.0,35.0,194.0,,4.0,4.0,3.0,,,3.0,32.0,7.0,32.0,,
LaLiga Santander,https://www.laliga.com/en-ES/player/luca-koleosho,26571,luca-koleosho,Luca Koleosho,Koleosho,Luca,Koleosho,male,2004-09-15T00:00:00+00:00,,,,False,,,CA,RCD Espanyol de Barcelona,ESP,1900-10-23T00:00:00+0000,https://assets.laliga.com/assets/2019/06/07/medium/espanyol.png,41.0,Forward,,RCDE Stadium,https://assets.laliga.com/assets/2019/06/17/medium/306cc02af120e092849ddf38954bcb3e.png,1.0,1.0,,1.0,,,0.0,,,,,,,,,,,3.0,3.0,,,1.0,,,1.0,,,,,,,,,,,2.0,2.0,,,,,0.0,1.0,,,,,,,1.0,,,,,,,,,,,,,,,,,,,,,,,,,,,,,,1.0,,,,,,,,,1.0,1.0,,1.0,,,38.0,,,,1.0,,,2.0,,,1.0,,,1.0,,,,2.0,,,,,,,,,,,0.0,
LaLiga Santander,https://www.laliga.com/en-ES/player/luca,6350,luca,Luca Zidane,Luca,Luca,Zidane,male,1998-05-13T00:00:00+00:00,Marseile,78.0,183.0,False,,,FR,Rayo Vallecano,RAY,1924-05-20T00:00:00+0000,https://assets.laliga.com/assets/2019/06/07/medium/rayo.png,1.0,Goalkeeper,https://assets.laliga.com/squad/2021/t184/p199673/512x556/p199673_t184_2021_1_001_000.png,Estadio de Vallecas,https://assets.laliga.com/assets/2019/08/12/medium/b86a37d70be8931c079066cc8c48817f.png,1.0,,1.0,8.0,,,0.0,,,,6.0,,,,,,3.0,6.0,2.0,4.0,,132.0,,,8.0,74.0,21.0,,,,13.0,12.0,1.0,,,5.0,2.0,3.0,,,,0.0,97.0,,,,,34.0,,117.0,,,1.0,,,,,,,3.0,,,65.0,,,23.0,,24.0,3.0,17.0,7.0,7.0,,,,,8.0,1.0,,,,,,2.0,,11.0,,59.0,88.0,27.0,104.0,72.0,,,38.0,,,,646.0,,4.0,1.0,1.0,59.0,189.0,1.0,,131.0,,,58.0,272.0,,,,,19.0,,57.0,47.0,11.0,1.0,0.0,
LaLiga Santander,https://www.laliga.com/en-ES/player/lucas-boye,7482,lucas-boye,Lucas Boyé,Lucas Boyé,Lucas,Boyé,male,1996-02-28T00:00:00+00:00,San Gregorio,81.0,179.0,False,,,AR,Elche CF,ELC,1923-03-01T00:00:00+0000,https://assets.laliga.com/assets/2019/06/07/medium/elche.png,9.0,Forward,https://assets.laliga.com/squad/2021/t954/p193774/512x556/p193774_t954_2021_1_001_000.png,Estadio Martínez Valero,https://assets.laliga.com/assets/2019/08/12/medium/150e2d322086b631feb7ec0016b982f6.png,84.0,53.0,31.0,24.0,2.0,2.0,5.0,112.0,14.0,1.0,,1.0,,,11.0,,,370.0,215.0,155.0,80.0,88.0,20.0,,24.0,,,3.0,,7.0,25.0,22.0,3.0,5.0,2.0,286.0,162.0,124.0,1.0,1.0,2.0,2.0,50.0,2.0,19.0,,,116.0,13.0,381.0,,,,,,,,,4.0,,38.0,23.0,65.0,,6.0,98.0,,,,,,,,,19.0,16.0,22.0,,13.0,2.0,,1.0,1.0,57.0,40.0,,17.0,11.0,272.0,192.0,113.0,293.0,14.0,13.0,38.0,1.0,,1.0,1723.0,109.0,23.0,39.0,40.0,376.0,414.0,,35.0,304.0,27.0,82.0,110.0,979.0,,6.0,6.0,31.0,,5.0,5.0,94.0,22.0,105.0,1.0,3.0
LaLiga Santander,https://www.laliga.com/en-ES/player/l-ocampos,3129,l-ocampos,Lucas Ocampos,L. Ocampos,Lucas,Ocampos,male,1994-07-11T00:00:00+00:00,Buenos Aires,84.0,187.0,False,,,AR,Sevilla FC,SEV,1905-10-14T00:00:00+0000,https://assets.laliga.com/assets/2019/06/07/medium/sevilla.png,5.0,Forward,https://assets.laliga.com/squad/2021/t179/p121117/512x556/p121117_t179_2021_1_001_000.png,Ramón Sánchez-Pizjuán,https://assets.laliga.com/assets/2021/01/20/medium/5a52ab192cd4e4b1cc3e3a752d99c4e8.png,57.0,30.0,27.0,30.0,4.0,,1.0,202.0,10.0,1.0,,5.0,,2.0,27.0,,,351.0,201.0,150.0,57.0,201.0,30.0,,30.0,,,4.0,,6.0,20.0,15.0,5.0,6.0,,294.0,171.0,123.0,6.0,1.0,1.0,5.0,48.0,9.0,14.0,,2.0,173.0,2.0,719.0,,,1.0,,,,,,2.0,,51.0,34.0,114.0,,3.0,147.0,,,,,,,,,24.0,17.0,23.0,,9.0,7.0,1.0,15.0,14.0,37.0,21.0,3.0,12.0,29.0,593.0,405.0,205.0,566.0,21.0,24.0,38.0,,22.0,46.0,2124.0,101.0,22.0,45.0,41.0,400.0,723.0,,41.0,595.0,45.0,113.0,128.0,1356.0,,48.0,48.0,58.0,4.0,4.0,25.0,150.0,26.0,103.0,3.0,7.0
LaLiga Santander,https://www.laliga.com/en-ES/player/l-olaza,9675,l-olaza,Lucas Olaza,L. Olaza,Lucas,Olaza,male,1994-07-21T00:00:00+00:00,Montevideo,68.0,173.0,False,,,UY,Elche CF,ELC,1923-03-01T00:00:00+0000,https://assets.laliga.com/assets/2019/06/07/medium/elche.png,12.0,Defender,https://assets.laliga.com/squad/2021/t954/p152563/512x556/p152563_t954_2021_1_001_000.png,Estadio Martínez Valero,https://assets.laliga.com/assets/2019/08/12/medium/150e2d322086b631feb7ec0016b982f6.png,3.0,2.0,1.0,5.0,,,0.0,42.0,2.0,1.0,,,,4.0,3.0,,,20.0,8.0,12.0,6.0,70.0,3.0,,5.0,,,,,1.0,4.0,4.0,,1.0,,17.0,6.0,11.0,,,,1.0,100.0,4.0,6.0,,,3.0,,158.0,1.0,,,,,,,,,,9.0,4.0,25.0,,,45.0,,,,,,,,,1.0,1.0,3.0,,,2.0,,2.0,2.0,2.0,4.0,2.0,1.0,5.0,127.0,66.0,65.0,124.0,2.0,3.0,38.0,,3.0,31.0,293.0,3.0,5.0,3.0,4.0,56.0,160.0,,2.0,129.0,5.0,3.0,31.0,251.0,4.0,14.0,10.0,,2.0,,4.0,36.0,9.0,27.0,0.0,1.0
LaLiga Santander,https://www.laliga.com/en-ES/player/lucas-6,1496,lucas-6,Lucas Pérez,Lucas,Lucas,Pérez,male,1988-09-10T00:00:00+00:00,La Coruña,82.0,180.0,False,https://twitter.com/LP10oficial,,ES,Cádiz CF,CAD,1910-09-10T00:00:00+0000,https://assets.laliga.com/assets/2019/06/07/medium/cadiz.png,25.0,Forward,https://assets.laliga.com/squad/2021/t1737/p155851/512x556/p155851_t1737_2021_1_001_000.png,Estadio Nuevo Mirandilla,https://assets.laliga.com/assets/2019/08/12/medium/ec810605f774c1a9a3ed75de01826124.png,12.0,11.0,1.0,15.0,2.0,3.0,,75.0,5.0,1.0,,1.0,,54.0,5.0,,,65.0,47.0,18.0,26.0,71.0,2.0,,15.0,,,2.0,,3.0,10.0,9.0,1.0,2.0,1.0,53.0,36.0,17.0,,,2.0,,10.0,,28.0,,2.0,108.0,10.0,281.0,,,,,,,,,6.0,,6.0,2.0,34.0,,1.0,61.0,,,,,,,,1.0,5.0,5.0,11.0,,6.0,4.0,12.0,18.0,5.0,5.0,13.0,,10.0,13.0,226.0,204.0,71.0,244.0,,3.0,38.0,4.0,,2.0,1060.0,22.0,1.0,4.0,9.0,146.0,315.0,,10.0,257.0,3.0,33.0,58.0,475.0,29.0,49.0,15.0,7.0,3.0,,12.0,97.0,10.0,46.0,,1.0
LaLiga Santander,https://www.laliga.com/en-ES/player/torro,997,torro,Lucas Torró,Torró,Lucas,Torró,male,1994-07-19T00:00:00+00:00,Alicante,77.0,190.0,False,https://twitter.com/LucasTorro,https://instagram.com/lucastorro94/,ES,CA Osasuna,OSA,1920-11-17T00:00:00+0000,https://assets.laliga.com/assets/2019/06/07/medium/osasuna.png,24.0,Midfielder,https://assets.laliga.com/squad/2021/t450/p111232/512x556/p111232_t450_2021_1_001_000.png,Estadio El Sadar,https://assets.laliga.com/assets/2021/01/20/medium/c1b35f03ff875a4a12c7dcbd477d964a.png,191.0,60.0,131.0,33.0,,,1.0,146.0,11.0,11.0,,10.0,,,4.0,,,438.0,166.0,272.0,78.0,485.0,28.0,,33.0,,,,,1.0,36.0,34.0,2.0,1.0,,247.0,106.0,141.0,1.0,,,0.0,42.0,47.0,9.0,,,356.0,1.0,1263.0,,1.0,,,,,,,4.0,,38.0,21.0,207.0,,1.0,285.0,,,,,,,,,14.0,9.0,32.0,,10.0,1.0,,,,22.0,40.0,4.0,6.0,48.0,981.0,566.0,423.0,941.0,31.0,40.0,38.0,1.0,,,2732.0,26.0,53.0,55.0,48.0,354.0,1272.0,,23.0,989.0,71.0,38.0,283.0,1730.0,,7.0,7.0,3.0,31.0,1.0,55.0,196.0,94.0,228.0,0.0,10.0
LaLiga Santander,https://www.laliga.com/en-ES/player/lucas-v,990,lucas-v,Lucas Vázquez,Lucas V.,Lucas,Vázquez,male,1991-07-01T00:00:00+00:00,Curtis,70.0,173.0,False,https://twitter.com/Lucasvazquez91,https://instagram.com/lucasvazquez91/,ES,Real Madrid,RMA,1902-03-06T00:00:00+0000,https://assets.laliga.com/assets/2019/06/07/medium/real-madrid.png,17.0,Forward,https://assets.laliga.com/squad/2021/t186/p107593/512x556/p107593_t186_2021_1_001_000.png,Estadio Santiago Bernabéu,https://assets.laliga.com/assets/2019/06/08/medium/e6695a8184f41deea3ad87dd9c12ab1f.png,11.0,9.0,2.0,29.0,,,2.0,243.0,5.0,7.0,,4.0,,4.0,15.0,,,180.0,83.0,97.0,37.0,321.0,17.0,,29.0,,,,,3.0,18.0,17.0,1.0,3.0,,169.0,74.0,95.0,2.0,,1.0,1.0,51.0,20.0,31.0,,2.0,690.0,5.0,1319.0,,,,,,,,,2.0,,31.0,18.0,103.0,,1.0,88.0,,,,,,,,,8.0,5.0,20.0,,9.0,9.0,2.0,17.0,15.0,18.0,19.0,1.0,1.0,50.0,1176.0,664.0,552.0,1149.0,21.0,22.0,38.0,1.0,5.0,111.0,1835.0,32.0,31.0,26.0,34.0,281.0,1342.0,,13.0,1199.0,43.0,59.0,143.0,1841.0,1.0,58.0,57.0,13.0,13.0,,40.0,160.0,41.0,103.0,1.0,3.0
LaLiga Santander,https://www.laliga.com/en-ES/player/lucas-de-vega,13693,lucas-de-vega,Lucas De Vega Lima,L.de Vega,Lucas,De Vega Lima,male,2000-01-16T00:00:00+00:00,Fortaleza,,180.0,False,,,BR,FC Barcelona,BAR,1899-11-29T00:00:00+0000,https://assets.laliga.com/assets/2019/06/07/medium/barcelona.png,40.0,Forward,,Camp Nou,https://assets.laliga.com/assets/2019/06/17/medium/0623ce55ec3ee4e439ed6d24fe2ba77b.png,,,,,,,,,,,,,,,,,,,,,,,,,,,,,,,,,,,,,,,,,,,,,,,,,,,,,,,,,,,,,,,,,,,,,,,,,,,,,,,,,,,,,,,,,,,,,,,38.0,,,,,,,,,,,,,,,,,,,,,,,,,,,,,
LaLiga Santander,https://www.laliga.com/en-ES/player/ludwig-augustinsson,4828,ludwig-augustinsson,Ludwig Augustinsson,Augustinsson,Ludwig,Augustinsson,male,1994-03-23T00:00:00+00:00,Stockholm,76.0,181.0,False,,,SE,Sevilla FC,SEV,1905-10-14T00:00:00+0000,https://assets.laliga.com/assets/2019/06/07/medium/sevilla.png,3.0,Defender,https://assets.laliga.com/squad/2021/t179/p155561/512x556/p155561_t179_2021_1_001_000.png,Ramón Sánchez-Pizjuán,https://assets.laliga.com/assets/2021/01/20/medium/5a52ab192cd4e4b1cc3e3a752d99c4e8.png,23.0,8.0,15.0,19.0,1.0,,0.0,98.0,1.0,3.0,,2.0,,19.0,5.0,,,74.0,29.0,45.0,18.0,148.0,6.0,,19.0,,,1.0,,,13.0,11.0,2.0,,,51.0,21.0,30.0,,,,0.0,100.0,5.0,8.0,,,25.0,,413.0,,,,,,,,,1.0,,17.0,7.0,41.0,,,150.0,,,,,,,,,1.0,2.0,9.0,,6.0,10.0,3.0,10.0,7.0,2.0,7.0,5.0,,15.0,350.0,159.0,208.0,342.0,4.0,14.0,38.0,,11.0,70.0,789.0,4.0,18.0,13.0,10.0,130.0,421.0,,3.0,357.0,18.0,11.0,64.0,651.0,13.0,37.0,22.0,,6.0,,24.0,79.0,22.0,40.0,0.0,3.0
LaLiga Santander,https://www.laliga.com/en-ES/player/luis-abram,23024,luis-abram,Luis Abram,Abram,Luis,Abram,male,1996-02-27T00:00:00+00:00,Lima,76.0,181.0,False,,,PE,,,,,,,,,,,,,,,,,,,,,,,,,,,,,,,,,,,,,,,,,,,,,,,,,,,,,,,,,,,,,,,,,,,,,,,,,,,,,,,,,,,,,,,,,,,,,,,,,,,,,,,,,,,,,,,,,,,,,,,,,,,,,,,,,,,,,
LaLiga Santander,https://www.laliga.com/en-ES/player/luis-bilbao,25383,luis-bilbao,Luis Bilbao,Luis Bilbao,Luis,Bilbao,male,2003-03-24T00:00:00+00:00,,,,False,,,ES,Athletic Club,ATH,1898-12-31T00:00:00+0000,https://assets.laliga.com/assets/2019/06/07/medium/athletic.png,36.0,Forward,,Estadio San Mamés,https://assets.laliga.com/assets/2019/06/17/medium/f020571f7c260516dfab3b9dc5df6348.png,,,,,,,,,,,,,,,,,,,,,,,,,,,,,,,,,,,,,,,,,,,,,,,,,,,,,,,,,,,,,,,,,,,,,,,,,,,,,,,,,,,,,,,,,,,,,,,38.0,,,,,,,,,,,,,,,,,,,,,,,,,,,,,
LaLiga Santander,https://www.laliga.com/en-ES/player/luis-h,835,luis-h,Luis Hernández,Luis Hernández,Luis,Hernández,male,1989-04-14T00:00:00+00:00,Madrid,75.0,183.0,False,,,ES,Cádiz CF,CAD,1910-09-10T00:00:00+0000,https://assets.laliga.com/assets/2019/06/07/medium/cadiz.png,23.0,Defender,https://assets.laliga.com/squad/2021/t1737/p130025/512x556/p130025_t1737_2021_1_001_000.png,Estadio Nuevo Mirandilla,https://assets.laliga.com/assets/2019/08/12/medium/ec810605f774c1a9a3ed75de01826124.png,33.0,17.0,16.0,16.0,,,0.0,49.0,,3.0,,8.0,,,3.0,,,60.0,30.0,30.0,18.0,278.0,8.0,,16.0,,,,,,13.0,11.0,2.0,,,27.0,13.0,14.0,,,,0.0,100.0,16.0,5.0,1.0,,252.0,1.0,665.0,,,,,,,,,4.0,,9.0,2.0,68.0,,,120.0,,,,,,,,,4.0,2.0,15.0,,,1.0,,2.0,2.0,,11.0,11.0,,54.0,565.0,193.0,400.0,537.0,4.0,5.0,38.0,1.0,64.0,29.0,1365.0,1.0,33.0,9.0,7.0,188.0,699.0,,6.0,591.0,9.0,15.0,108.0,901.0,,7.0,7.0,,17.0,,56.0,84.0,31.0,52.0,0.0,5.0
LaLiga Santander,https://www.laliga.com/en-ES/player/luis-lopez-1,14678,luis-lopez-1,Luis Federico López Andúgar,Luis López,Luis Federico,López Andúgar,male,2001-05-08T00:00:00+00:00,,,,False,,,ES,Real Madrid,RMA,1902-03-06T00:00:00+0000,https://assets.laliga.com/assets/2019/06/07/medium/real-madrid.png,26.0,Goalkeeper,https://assets.laliga.com/squad/2021/t186/p466118/512x556/p466118_t186_2021_1_001_000.png,Estadio Santiago Bernabéu,https://assets.laliga.com/assets/2019/06/08/medium/e6695a8184f41deea3ad87dd9c12ab1f.png,,,,,,,,,,,,,,,,,,,,,,,,,,,,,,,,,,,,,,,,,,,,,,,,,,,,,,,,,,,,,,,,,,,,,,,,,,,,,,,,,,,,,,,,,,,,,,,38.0,,,,,,,,,,,,,,,,,,,,,,,,,,,,,
LaLiga Santander,https://www.laliga.com/en-ES/player/l-milla,4523,l-milla,Luis Milla,L. Milla,Luis,Milla,male,1994-10-07T00:00:00+00:00,Madrid,67.0,175.0,False,https://twitter.com/Millita_21_10,,ES,Granada CF,GRA,1931-01-01T00:00:00+0000,https://assets.laliga.com/assets/2019/06/07/medium/granada.png,5.0,Midfielder,https://assets.laliga.com/squad/2021/t5683/p167742/512x556/p167742_t5683_2021_1_001_000.png,Nuevo Los Cármenes,https://assets.laliga.com/assets/2019/08/07/medium/4de53714b029bf44d86c53bd0d6835d3.png,61.0,30.0,31.0,34.0,2.0,3.0,0.0,196.0,7.0,4.0,,4.0,,70.0,8.0,,,306.0,125.0,181.0,70.0,453.0,14.0,,34.0,,,3.0,,3.0,45.0,40.0,5.0,3.0,,245.0,95.0,150.0,3.0,,1.0,3.0,65.0,25.0,39.0,,,316.0,1.0,1215.0,,,,,,,3.0,3.0,7.0,,40.0,24.0,217.0,,3.0,358.0,,,,,,,,,9.0,6.0,33.0,,12.0,1.0,19.0,42.0,14.0,28.0,32.0,4.0,3.0,91.0,1025.0,642.0,506.0,1015.0,30.0,29.0,38.0,5.0,,2.0,2785.0,33.0,30.0,26.0,64.0,381.0,1323.0,,15.0,1106.0,59.0,23.0,217.0,1849.0,42.0,90.0,22.0,10.0,18.0,2.0,77.0,252.0,55.0,140.0,0.0,4.0
LaLiga Santander,https://www.laliga.com/en-ES/player/l-rioja,8635,l-rioja,Luis Rioja,L. Rioja,Luis,Rioja,male,1993-10-16T00:00:00+00:00,Sevilla,68.0,175.0,False,,,ES,Deportivo Alavés,ALA,1921-01-23T00:00:00+0000,https://assets.laliga.com/assets/2020/09/01/medium/27002754a98bf535807fe49a24cc63ea.png,11.0,Midfielder,https://assets.laliga.com/squad/2021/t173/p434941/512x556/p434941_t173_2021_1_001_000.png,Mendizorroza,https://assets.laliga.com/assets/2019/06/17/medium/6b906780ba96aa6689192fb9afcaac6b.png,44.0,27.0,17.0,37.0,2.0,,1.0,212.0,10.0,1.0,,1.0,,25.0,26.0,,,351.0,197.0,154.0,77.0,229.0,8.0,,37.0,,,3.0,,1.0,57.0,50.0,7.0,1.0,,307.0,170.0,137.0,2.0,,,0.0,48.0,25.0,30.0,,1.0,89.0,12.0,726.0,,,,,,,,,5.0,,73.0,21.0,192.0,,,208.0,,,,,,,,,18.0,16.0,36.0,,18.0,1.0,6.0,30.0,20.0,70.0,42.0,4.0,7.0,28.0,503.0,370.0,174.0,486.0,13.0,15.0,38.0,5.0,1.0,16.0,3126.0,111.0,16.0,17.0,39.0,594.0,738.0,,34.0,514.0,28.0,100.0,224.0,1470.0,16.0,140.0,107.0,60.0,32.0,1.0,46.0,309.0,55.0,178.0,0.0,3.0
LaLiga Santander,https://www.laliga.com/en-ES/player/suarez,1460,suarez,Luis Suárez,Suárez,Luis,Suárez,male,1987-01-24T00:00:00+00:00,Salto,86.0,182.0,True,https://twitter.com/LuisSuarez9,https://instagram.com/luissuarez9,UY,Atlético de Madrid,ATM,1903-04-26T00:00:00+0000,https://assets.laliga.com/assets/2019/06/07/medium/atletico.png,9.0,Forward,https://assets.laliga.com/squad/2021/t175/p39336/512x556/p39336_t175_2021_1_001_000.png,Wanda Metropolitano,https://assets.laliga.com/assets/2019/06/17/medium/935f92c15c4d3442ef3f6d843beba0e1.png,44.0,24.0,20.0,35.0,2.0,2.0,5.0,169.0,5.0,1.0,,,,,12.0,,,137.0,78.0,59.0,44.0,78.0,9.0,2.0,35.0,,,2.0,,11.0,26.0,23.0,3.0,10.0,1.0,93.0,54.0,39.0,1.0,3.0,1.0,6.0,86.0,1.0,13.0,,3.0,96.0,12.0,453.0,,,1.0,,,,3.0,2.0,4.0,,17.0,7.0,42.0,,5.0,148.0,,,,,,,,,23.0,26.0,20.0,,15.0,15.0,,1.0,1.0,6.0,19.0,,44.0,22.0,324.0,240.0,123.0,340.0,3.0,5.0,38.0,7.0,,,1835.0,27.0,14.0,20.0,26.0,220.0,491.0,,49.0,362.0,8.0,90.0,129.0,726.0,,5.0,5.0,17.0,1.0,9.0,7.0,111.0,23.0,122.0,2.0,7.0
LaLiga Santander,https://www.laliga.com/en-ES/player/l-suarez,8542,l-suarez,Luis Suárez,L. Suárez,Luis,Suárez,male,1997-12-02T00:00:00+00:00,Santa Marta,74.0,185.0,False,,,CO,Granada CF,GRA,1931-01-01T00:00:00+0000,https://assets.laliga.com/assets/2019/06/07/medium/granada.png,9.0,Forward,https://assets.laliga.com/squad/2021/t5683/p432838/512x556/p432838_t5683_2021_1_001_000.png,Nuevo Los Cármenes,https://assets.laliga.com/assets/2019/08/07/medium/4de53714b029bf44d86c53bd0d6835d3.png,172.0,116.0,56.0,37.0,3.0,1.0,5.0,152.0,26.0,3.0,,2.0,,,23.0,,,412.0,251.0,161.0,91.0,164.0,19.0,,37.0,,,4.0,,8.0,51.0,46.0,5.0,5.0,3.0,240.0,135.0,105.0,,,3.0,3.0,73.0,6.0,26.0,,1.0,143.0,5.0,585.0,,,,,1.0,,1.0,,5.0,,43.0,22.0,86.0,,7.0,158.0,,,,,,,1.0,,35.0,25.0,34.0,,15.0,3.0,,6.0,6.0,44.0,44.0,,20.0,19.0,383.0,301.0,120.0,396.0,12.0,14.0,38.0,,1.0,6.0,2855.0,77.0,21.0,40.0,36.0,423.0,617.0,,60.0,415.0,26.0,116.0,202.0,1169.0,,32.0,32.0,35.0,16.0,8.0,28.0,198.0,36.0,174.0,1.0,6.0
LaLiga Santander,https://www.laliga.com/en-ES/player/luismi-cruz,24283,luismi-cruz,Luis Miguel Cruz Hernández,Luismi Cruz,Luis Miguel,Cruz Hernández,male,2001-05-23T00:00:00+00:00,El Puerto de Santa María,,166.0,False,,,ES,Sevilla FC,SEV,1905-10-14T00:00:00+0000,https://assets.laliga.com/assets/2019/06/07/medium/sevilla.png,27.0,Forward,https://assets.laliga.com/squad/2021/t179/p546000/512x556/p546000_t179_2021_1_001_000.png,Ramón Sánchez-Pizjuán,https://assets.laliga.com/assets/2021/01/20/medium/5a52ab192cd4e4b1cc3e3a752d99c4e8.png,,,,2.0,,,0.0,,,,,,,,,,,1.0,,1.0,,4.0,,,2.0,,,,,,,,,,,1.0,,1.0,,,,0.0,1.0,,,,,2.0,,6.0,,,,,,,,,,,1.0,,1.0,,,,,,,,,,,,,,,,,2.0,,,,1.0,,,,,2.0,1.0,1.0,2.0,,,38.0,,,1.0,12.0,,,,,4.0,6.0,,,2.0,,,4.0,8.0,,,,,1.0,,1.0,2.0,2.0,3.0,0.0,
LaLiga Santander,https://www.laliga.com/en-ES/player/jovic,4470,jovic,Luka Jovic,Jović,Luka,Jovic,male,1997-12-23T00:00:00+00:00,Bijeljina,85.0,182.0,False,,,RS,Real Madrid,RMA,1902-03-06T00:00:00+0000,https://assets.laliga.com/assets/2019/06/07/medium/real-madrid.png,16.0,Forward,https://assets.laliga.com/squad/2021/t186/p185533/512x556/p185533_t186_2021_1_001_000.png,Estadio Santiago Bernabéu,https://assets.laliga.com/assets/2019/06/08/medium/e6695a8184f41deea3ad87dd9c12ab1f.png,15.0,8.0,7.0,15.0,2.0,,1.0,24.0,5.0,,,,,,2.0,,,34.0,20.0,14.0,11.0,11.0,1.0,,15.0,,,3.0,,1.0,2.0,2.0,,1.0,,19.0,12.0,7.0,1.0,1.0,1.0,0.0,100.0,1.0,2.0,,,19.0,2.0,64.0,,,,,,,,,1.0,,5.0,3.0,9.0,,,13.0,,,,,,,,,7.0,4.0,1.0,,1.0,14.0,,,,3.0,6.0,,6.0,3.0,49.0,34.0,18.0,49.0,,1.0,38.0,1.0,,,359.0,9.0,4.0,3.0,3.0,34.0,67.0,,11.0,52.0,1.0,27.0,15.0,134.0,,,,3.0,,2.0,,11.0,4.0,15.0,0.0,1.0
LaLiga Santander,https://www.laliga.com/en-ES/player/modric,64,modric,Luka Modrić,Modrić,Luka,Modric,male,1985-09-09T00:00:00+00:00,Zadar,66.0,172.0,True,https://twitter.com/lm19official,https://instagram.com/lukam10,HR,Real Madrid,RMA,1902-03-06T00:00:00+0000,https://assets.laliga.com/assets/2019/06/07/medium/real-madrid.png,10.0,Midfielder,https://assets.laliga.com/squad/2021/t186/p37055/512x556/p37055_t186_2021_1_001_000.png,Estadio Santiago Bernabéu,https://assets.laliga.com/assets/2019/06/08/medium/e6695a8184f41deea3ad87dd9c12ab1f.png,20.0,14.0,6.0,28.0,6.0,1.0,0.0,233.0,12.0,4.0,,2.0,,30.0,13.0,,,182.0,94.0,88.0,62.0,464.0,17.0,,28.0,,,8.0,,2.0,20.0,18.0,2.0,1.0,1.0,162.0,80.0,82.0,3.0,,2.0,2.0,57.0,20.0,29.0,,1.0,521.0,1.0,1565.0,,,,,,,1.0,1.0,2.0,,34.0,6.0,123.0,,1.0,421.0,,,,,,,1.0,,4.0,11.0,25.0,,19.0,3.0,4.0,11.0,4.0,32.0,32.0,,16.0,106.0,1403.0,954.0,534.0,1371.0,8.0,10.0,38.0,11.0,,12.0,2049.0,38.0,9.0,24.0,32.0,277.0,1639.0,,15.0,1477.0,18.0,53.0,162.0,1966.0,13.0,37.0,17.0,16.0,3.0,2.0,27.0,160.0,39.0,135.0,1.0,5.0
LaLiga Santander,https://www.laliga.com/en-ES/player/de-jong-1,3733,de-jong-1,Luuk de Jong,De Jong,Luuk,de Jong,male,1990-08-27T00:00:00+00:00,Aigle,86.0,188.0,False,,,NL,FC Barcelona,BAR,1899-11-29T00:00:00+0000,https://assets.laliga.com/assets/2019/06/07/medium/barcelona.png,17.0,Forward,https://assets.laliga.com/squad/2021/t178/p53041/512x556/p53041_t178_2021_1_001_000.png,Camp Nou,https://assets.laliga.com/assets/2019/06/17/medium/0623ce55ec3ee4e439ed6d24fe2ba77b.png,52.0,18.0,34.0,21.0,,,,75.0,2.0,,,1.0,,,3.0,,,99.0,42.0,57.0,22.0,32.0,4.0,,21.0,,,,,6.0,3.0,2.0,1.0,6.0,,47.0,24.0,23.0,1.0,5.0,2.0,,10.0,,5.0,,,47.0,6.0,171.0,,,,,,,,,,,10.0,4.0,23.0,,1.0,28.0,,,,,,,,,12.0,10.0,6.0,,4.0,15.0,,1.0,1.0,3.0,13.0,,17.0,,120.0,86.0,46.0,131.0,2.0,7.0,38.0,2.0,,,643.0,16.0,12.0,8.0,12.0,98.0,182.0,,22.0,131.0,9.0,51.0,51.0,315.0,,,,1.0,1.0,3.0,1.0,40.0,11.0,50.0,,1.0
LaLiga Santander,https://www.laliga.com/en-ES/player/luis-maximiano,12946,luis-maximiano,Luís Manuel Arantes Maximiano,Maximiano,Luís Manuel,Arantes Maximiano,male,1999-01-05T00:00:00+00:00,Celeirós,82.0,190.0,False,,,PT,Granada CF,GRA,1931-01-01T00:00:00+0000,https://assets.laliga.com/assets/2019/06/07/medium/granada.png,1.0,Goalkeeper,https://assets.laliga.com/squad/2021/t5683/p222628/512x556/p222628_t5683_2021_1_001_000.png,Nuevo Los Cármenes,https://assets.laliga.com/assets/2019/08/07/medium/4de53714b029bf44d86c53bd0d6835d3.png,7.0,1.0,6.0,35.0,,,0.0,,,,21.0,7.0,,,,1.0,8.0,21.0,7.0,14.0,1.0,837.0,,,35.0,319.0,165.0,,5.0,,55.0,49.0,6.0,,,14.0,6.0,8.0,,,,0.0,62.0,1.0,,1.0,,99.0,,427.0,,1.0,,7.0,,2.0,,,5.0,5.0,,,372.0,,,89.0,2.0,127.0,6.0,86.0,38.0,33.0,,,,,35.0,,1.0,,,,,2.0,,80.0,,254.0,235.0,196.0,297.0,239.0,2.0,1.0,38.0,,,,3137.0,3.0,21.0,,3.0,539.0,1025.0,,,493.0,3.0,,532.0,1379.0,,,,,219.0,,528.0,455.0,77.0,4.0,0.0,2.0
LaLiga Santander,https://www.laliga.com/en-ES/player/mamadou-loum-ndiaye,7331,mamadou-loum-ndiaye,Mamadou Loum,Loum,Mamadou,Loum,male,1996-12-30T00:00:00+00:00,Dakar,80.0,188.0,False,,,SN,Deportivo Alavés,ALA,1921-01-23T00:00:00+0000,https://assets.laliga.com/assets/2020/09/01/medium/27002754a98bf535807fe49a24cc63ea.png,6.0,Midfielder,https://assets.laliga.com/squad/2021/t173/p210191/512x556/p210191_t173_2021_1_001_000.png,Mendizorroza,https://assets.laliga.com/assets/2019/06/17/medium/6b906780ba96aa6689192fb9afcaac6b.png,144.0,44.0,100.0,32.0,,,0.0,93.0,6.0,11.0,,4.0,,,4.0,,,356.0,159.0,197.0,57.0,288.0,33.0,,32.0,,,,,2.0,43.0,38.0,5.0,2.0,,212.0,115.0,97.0,2.0,,1.0,2.0,75.0,37.0,9.0,,,218.0,1.0,821.0,,,,,,,,,3.0,,35.0,19.0,160.0,,2.0,231.0,,,,,,,,,19.0,8.0,26.0,,10.0,6.0,,1.0,1.0,26.0,30.0,10.0,,51.0,597.0,285.0,321.0,554.0,27.0,22.0,38.0,4.0,,,2317.0,41.0,68.0,50.0,22.0,319.0,830.0,,27.0,605.0,49.0,30.0,225.0,1255.0,,3.0,3.0,16.0,36.0,1.0,59.0,159.0,69.0,166.0,1.0,9.0
LaLiga Santander,https://www.laliga.com/en-ES/player/m-sylla,1929,m-sylla,Mamadou Sylla,M. Sylla,Mamadou,Sylla,male,1994-03-20T00:00:00+00:00,Kedougou,84.0,184.0,False,,,SN,Rayo Vallecano,RAY,1924-05-20T00:00:00+0000,https://assets.laliga.com/assets/2019/06/07/medium/rayo.png,11.0,Forward,https://assets.laliga.com/squad/2021/t184/p207721/512x556/p207721_t184_2021_1_001_000.png,Estadio de Vallecas,https://assets.laliga.com/assets/2019/08/12/medium/b86a37d70be8931c079066cc8c48817f.png,22.0,8.0,14.0,12.0,,1.0,,17.0,1.0,,,,,1.0,3.0,,,46.0,23.0,23.0,6.0,19.0,3.0,,12.0,,,,,,8.0,8.0,,,,24.0,15.0,9.0,,,,,10.0,4.0,2.0,,,14.0,2.0,58.0,,,,,,,,,1.0,,6.0,2.0,12.0,,,12.0,,,,,,,,,9.0,1.0,1.0,,1.0,11.0,,,,4.0,2.0,1.0,1.0,3.0,41.0,32.0,13.0,42.0,,1.0,38.0,,1.0,,247.0,6.0,3.0,8.0,4.0,41.0,62.0,,10.0,45.0,1.0,22.0,17.0,126.0,1.0,5.0,4.0,4.0,,,1.0,20.0,2.0,16.0,,2.0
LaLiga Santander,https://www.laliga.com/en-ES/player/m-reina,1930,m-reina,Manuel Reina,M. Reina,Manuel,Reina,male,1985-04-01T00:00:00+00:00,Málaga,81.0,186.0,False,https://twitter.com/manoloreina28,https://instagram.com/manoloreina/,ES,RCD Mallorca,MLL,1916-03-06T00:00:00+0000,https://assets.laliga.com/assets/2019/06/07/medium/mallorca.png,1.0,Goalkeeper,https://assets.laliga.com/squad/2021/t181/p32298/512x556/p32298_t181_2021_1_001_000.png,Visit Mallorca Estadi,https://assets.laliga.com/assets/2019/08/07/medium/6f67f604b5025b10ef0dc14d700586ae.png,7.0,1.0,6.0,21.0,,,0.0,,,,13.0,8.0,,,1.0,,1.0,11.0,1.0,10.0,,411.0,,,21.0,194.0,61.0,,1.0,,26.0,22.0,4.0,,,4.0,,4.0,,,,0.0,51.0,1.0,,,,82.0,,258.0,,1.0,,3.0,,1.0,,,2.0,6.0,,,155.0,,,81.0,1.0,52.0,,38.0,12.0,11.0,,,,,21.0,1.0,,,,,,,,49.0,,150.0,168.0,108.0,238.0,196.0,,,38.0,,,,1890.0,,12.0,,5.0,235.0,574.0,1.0,,346.0,,,228.0,738.0,,,,,99.0,,227.0,191.0,37.0,1.0,0.0,5.0
LaLiga Santander,https://www.laliga.com/en-ES/player/manu-garcia,4412,manu-garcia,Manuel García,Manu Garcia,Manuel,García,male,1998-01-02T00:00:00+00:00,Oviedo,65.0,169.0,False,,,ES,Deportivo Alavés,ALA,1921-01-23T00:00:00+0000,https://assets.laliga.com/assets/2020/09/01/medium/27002754a98bf535807fe49a24cc63ea.png,14.0,Forward,https://assets.laliga.com/squad/2021/t173/p175352/512x556/p175352_t173_2021_1_001_000.png,Mendizorroza,https://assets.laliga.com/assets/2019/06/17/medium/6b906780ba96aa6689192fb9afcaac6b.png,13.0,10.0,3.0,24.0,,,0.0,76.0,5.0,2.0,,1.0,,19.0,3.0,,,173.0,87.0,86.0,36.0,173.0,19.0,,24.0,,,1.0,,,15.0,15.0,,,,160.0,77.0,83.0,,,,0.0,27.0,13.0,18.0,,,120.0,,486.0,,,,,,,,,1.0,,18.0,6.0,81.0,,,157.0,,,,,,,1.0,,2.0,1.0,10.0,,7.0,14.0,5.0,17.0,5.0,32.0,19.0,1.0,6.0,54.0,386.0,302.0,129.0,360.0,9.0,9.0,38.0,2.0,,6.0,1074.0,35.0,3.0,24.0,33.0,210.0,526.0,,3.0,414.0,18.0,12.0,112.0,784.0,10.0,26.0,11.0,13.0,4.0,,38.0,116.0,22.0,74.0,0.0,3.0
LaLiga Santander,https://www.laliga.com/en-ES/player/morlanes,7314,morlanes,Manuel Morlanes Ariño,Morlanes,Manuel,Morlanes Ariño,male,1999-01-12T00:00:00+00:00,Zaragoza,75.0,178.0,False,,,ES,RCD Espanyol de Barcelona,ESP,1900-10-23T00:00:00+0000,https://assets.laliga.com/assets/2019/06/07/medium/espanyol.png,6.0,Midfielder,https://assets.laliga.com/squad/2021/t177/p227164/512x556/p227164_t177_2021_1_001_000.png,RCDE Stadium,https://assets.laliga.com/assets/2019/06/17/medium/306cc02af120e092849ddf38954bcb3e.png,42.0,24.0,18.0,27.0,,,2.0,81.0,4.0,5.0,,,,1.0,1.0,,,147.0,70.0,77.0,32.0,228.0,8.0,,27.0,,,,,2.0,23.0,23.0,,1.0,1.0,105.0,46.0,59.0,,,,0.0,100.0,13.0,6.0,,,179.0,,619.0,,,,,,,,,2.0,,25.0,19.0,78.0,,2.0,157.0,,,,,,,,,2.0,2.0,11.0,1.0,10.0,16.0,,2.0,2.0,13.0,14.0,2.0,6.0,28.0,532.0,322.0,237.0,529.0,21.0,15.0,38.0,,,2.0,1138.0,8.0,17.0,13.0,11.0,114.0,645.0,1.0,4.0,557.0,36.0,5.0,88.0,817.0,,4.0,4.0,2.0,4.0,,18.0,66.0,26.0,70.0,0.0,6.0
LaLiga Santander,https://www.laliga.com/en-ES/player/m-sanchez,9807,m-sanchez,Manuel Sánchez,M. Sánchez,Manuel,Sánchez,male,2000-08-24T00:00:00+00:00,Madrid,70.0,179.0,False,,,ES,CA Osasuna,OSA,1920-11-17T00:00:00+0000,https://assets.laliga.com/assets/2019/06/07/medium/osasuna.png,39.0,Defender,https://assets.laliga.com/squad/2021/t450/p465494/512x556/p465494_t450_2021_1_001_000.png,Estadio El Sadar,https://assets.laliga.com/assets/2021/01/20/medium/c1b35f03ff875a4a12c7dcbd477d964a.png,45.0,36.0,9.0,33.0,3.0,,0.0,154.0,2.0,3.0,,7.0,,,13.0,,,270.0,149.0,121.0,52.0,371.0,18.0,,33.0,,,3.0,,1.0,29.0,25.0,4.0,1.0,,225.0,113.0,112.0,2.0,1.0,,1.0,29.0,18.0,16.0,,,63.0,,853.0,,,1.0,,,,,,3.0,,62.0,25.0,132.0,,,271.0,,,,,,,,,2.0,2.0,25.0,,11.0,8.0,,22.0,22.0,24.0,24.0,7.0,6.0,28.0,636.0,425.0,239.0,614.0,38.0,34.0,38.0,1.0,29.0,204.0,2258.0,47.0,34.0,32.0,16.0,381.0,859.0,,4.0,642.0,72.0,38.0,217.0,1502.0,,48.0,48.0,21.0,37.0,,69.0,209.0,56.0,148.0,1.0,5.0
LaLiga Santander,https://www.laliga.com/en-ES/player/m-trigueros,89,m-trigueros,Manuel Trigueros Muñoz,M. Trigueros,Manuel,Trigueros Muñoz,male,1991-10-17T00:00:00+00:00,Toledo,75.0,178.0,False,https://twitter.com/Trigueros17,,ES,Villarreal CF,VIL,1923-03-10T00:00:00+0000,https://assets.laliga.com/assets/2019/06/07/medium/villarreal.png,14.0,Midfielder,https://assets.laliga.com/squad/2021/t449/p98961/512x556/p98961_t449_2021_1_001_000.png,Estadio de la Cerámica,https://assets.laliga.com/assets/2019/10/03/medium/ac940b8f6681d614e337d20d5bf7f0a8.png,44.0,25.0,19.0,35.0,2.0,,2.0,194.0,10.0,3.0,,2.0,,6.0,10.0,,,264.0,150.0,114.0,76.0,454.0,35.0,1.0,35.0,,,4.0,,6.0,22.0,18.0,4.0,4.0,2.0,220.0,125.0,95.0,1.0,,,4.0,50.0,13.0,19.0,,1.0,259.0,,1149.0,,,,,,,,,2.0,,44.0,16.0,113.0,,5.0,283.0,,,,,,,2.0,,13.0,18.0,27.0,,21.0,8.0,1.0,3.0,2.0,8.0,37.0,2.0,23.0,50.0,920.0,596.0,363.0,906.0,20.0,25.0,38.0,25.0,,6.0,2191.0,34.0,14.0,49.0,43.0,329.0,1190.0,,31.0,956.0,45.0,57.0,234.0,1524.0,2.0,16.0,14.0,7.0,8.0,1.0,43.0,214.0,36.0,191.0,3.0,3.0
LaLiga Santander,https://www.laliga.com/en-ES/player/manu-vallejo,4284,manu-vallejo,Manuel Javier Vallejo Galván,Manu Vallejo,Manuel Javier,Vallejo Galván,male,1997-02-14T00:00:00+00:00,Chiclana de la Frontera,72.0,167.0,False,,,ES,Deportivo Alavés,ALA,1921-01-23T00:00:00+0000,https://assets.laliga.com/assets/2020/09/01/medium/27002754a98bf535807fe49a24cc63ea.png,7.0,Forward,https://assets.laliga.com/squad/2021/t173/p221511/512x556/p221511_t173_2021_1_001_000.png,Mendizorroza,https://assets.laliga.com/assets/2019/06/17/medium/6b906780ba96aa6689192fb9afcaac6b.png,18.0,13.0,5.0,11.0,1.0,,,34.0,,,,,,3.0,4.0,,,56.0,39.0,17.0,10.0,24.0,4.0,,11.0,,,1.0,,1.0,15.0,12.0,3.0,1.0,,38.0,26.0,12.0,,,,,10.0,,3.0,,,17.0,,86.0,,,,,,,,,2.0,,11.0,7.0,13.0,,1.0,24.0,,,,,,,,,1.0,2.0,2.0,,2.0,9.0,1.0,4.0,1.0,1.0,6.0,,,3.0,63.0,52.0,27.0,72.0,6.0,2.0,38.0,,,2.0,366.0,13.0,2.0,4.0,3.0,60.0,99.0,,3.0,75.0,8.0,8.0,24.0,176.0,1.0,9.0,6.0,9.0,1.0,,4.0,30.0,3.0,20.0,,
LaLiga Santander,https://www.laliga.com/en-ES/player/manu-lama-1,16964,manu-lama-1,Manuel Lama,Lama,Manuel,Lama,male,2001-02-12T00:00:00+00:00,Madrid,,,False,,,ES,Atlético de Madrid,ATM,1903-04-26T00:00:00+0000,https://assets.laliga.com/assets/2019/06/07/medium/atletico.png,42.0,Defender,,Wanda Metropolitano,https://assets.laliga.com/assets/2019/06/17/medium/935f92c15c4d3442ef3f6d843beba0e1.png,,,,,,,,,,,,,,,,,,,,,,,,,,,,,,,,,,,,,,,,,,,,,,,,,,,,,,,,,,,,,,,,,,,,,,,,,,,,,,,,,,,,,,,,,,,,,,,38.0,,,,,,,,,,,,,,,,,,,,,,,,,,,,,
LaLiga Santander,https://www.laliga.com/en-ES/player/manu-4,9365,manu-4,Manuel Navarro,Manu,Manuel,Navarro,male,2000-10-09T00:00:00+00:00,Móstoles,,,False,,,ES,Rayo Vallecano,RAY,1924-05-20T00:00:00+0000,https://assets.laliga.com/assets/2019/06/07/medium/rayo.png,31.0,Midfielder,https://assets.laliga.com/squad/2021/t184/p469189/512x556/p469189_t184_2021_0_001_000.png,Estadio de Vallecas,https://assets.laliga.com/assets/2019/08/12/medium/b86a37d70be8931c079066cc8c48817f.png,,,,,,,,,,,,,,,,,,,,,,,,,,,,,,,,,,,,,,,,,,,,,,,,,,,,,,,,,,,,,,,,,,,,,,,,,,,,,,,,,,,,,,,,,,,,,,,38.0,,,,,,,,,,,,,,,,,,,,,,,,,,,,,
LaLiga Santander,https://www.laliga.com/en-ES/player/bartra,7,bartra,Marc Bartra,Bartra,Marc,Bartra,male,1991-01-15T00:00:00+00:00,Sant Jaume dels Domenys,70.0,184.0,True,https://twitter.com/MarcBartra91,https://instagram.com/marcbartra91,ES,Real Betis,BET,1907-09-12T00:00:00+0000,https://assets.laliga.com/assets/2019/06/07/medium/betis.png,5.0,Defender,https://assets.laliga.com/squad/2021/t185/p81138/512x556/p81138_t185_2021_1_001_000.png,Estadio Benito Villamarín,https://assets.laliga.com/assets/2019/06/17/medium/f211dabccff68741a75d175307d78f59.png,97.0,36.0,61.0,23.0,,,0.0,49.0,1.0,22.0,,8.0,,,,,,197.0,76.0,121.0,48.0,443.0,14.0,,23.0,,,,,1.0,24.0,22.0,2.0,1.0,,100.0,40.0,60.0,2.0,,,1.0,100.0,33.0,4.0,,,332.0,,1089.0,1.0,,,,,,,,2.0,,22.0,17.0,99.0,,,297.0,,,,,,,,,11.0,3.0,23.0,,1.0,,,,,7.0,28.0,14.0,,82.0,894.0,272.0,652.0,842.0,25.0,14.0,38.0,2.0,,2.0,1994.0,5.0,102.0,21.0,16.0,222.0,1121.0,,14.0,924.0,39.0,26.0,197.0,1437.0,,,,1.0,50.0,,111.0,137.0,60.0,86.0,0.0,5.0
LaLiga Santander,https://www.laliga.com/en-ES/player/marc-carmona-1,24046,marc-carmona-1,Marc Carmona,M. Carmona,Marc,Carmona,male,2001-01-08T00:00:00+00:00,,,,False,,,ES,RCD Mallorca,MLL,1916-03-06T00:00:00+0000,https://assets.laliga.com/assets/2019/06/07/medium/mallorca.png,28.0,Defender,https://assets.laliga.com/squad/2021/t181/p549224/512x556/p549224_t181_2021_1_001_000.png,Visit Mallorca Estadi,https://assets.laliga.com/assets/2019/08/07/medium/6f67f604b5025b10ef0dc14d700586ae.png,,,,,,,,,,,,,,,,,,,,,,,,,,,,,,,,,,,,,,,,,,,,,,,,,,,,,,,,,,,,,,,,,,,,,,,,,,,,,,,,,,,,,,,,,,,,,,,38.0,,,,,,,,,,,,,,,,,,,,,,,,,,,,,
LaLiga Santander,https://www.laliga.com/en-ES/player/cucurella,6121,cucurella,Marc Cucurella,Cucurella,Marc,Cucurella,male,1998-07-22T00:00:00+00:00,Alella,66.0,172.0,False,,,ES,Brighton,BHA,,https://assets.laliga.com/assets/2021/03/11/medium/18a35e9b920c480880b7120db56c4d72.png,3.0,Defender,,Amex Stadium,,76.0,36.0,40.0,35.0,1.0,,0.0,368.0,4.0,14.0,,8.0,2.0,5.0,19.0,,,323.0,132.0,191.0,59.0,659.0,11.0,,35.0,,,1.0,,1.0,39.0,28.0,11.0,1.0,,247.0,96.0,151.0,1.0,,,1.0,67.0,30.0,41.0,1.0,1.0,119.0,3.0,1890.0,,,,,,,,,2.0,,104.0,28.0,247.0,,,755.0,,,,,,,,,11.0,3.0,35.0,,3.0,,1.0,29.0,25.0,28.0,30.0,5.0,3.0,54.0,1548.0,938.0,649.0,1504.0,31.0,62.0,38.0,5.0,31.0,303.0,3092.0,42.0,65.0,28.0,30.0,551.0,1901.0,,14.0,1558.0,93.0,52.0,343.0,2827.0,2.0,86.0,79.0,27.0,49.0,,91.0,307.0,122.0,252.0,0.0,6.0
LaLiga Santander,https://www.laliga.com/en-ES/player/marc-pubill,25275,marc-pubill,Marc Pubill,Marc Pubill,Marc,Pubill,male,2003-06-20T00:00:00+00:00,Terrassa,,,False,,,ES,Levante UD,LEV,1909-09-07T00:00:00+0000,https://assets.laliga.com/assets/2019/06/07/medium/levante.png,42.0,Defender,https://assets.laliga.com/squad/2021/t855/p562720/512x556/p562720_t855_2021_1_001_000.png,Estadio Ciutat de València,https://assets.laliga.com/assets/2021/07/21/medium/ae79ef9d1c26baf8602706ba1acef94b.png,9.0,4.0,5.0,11.0,,,0.0,51.0,2.0,2.0,,,,,6.0,,,54.0,25.0,29.0,16.0,53.0,1.0,,11.0,,,1.0,,,17.0,12.0,5.0,,,45.0,21.0,24.0,2.0,,1.0,0.0,11.0,4.0,5.0,,,95.0,,197.0,,,,,,,,,1.0,,14.0,5.0,24.0,,,3.0,,,,,,,,,3.0,1.0,5.0,,3.0,6.0,,2.0,2.0,4.0,9.0,,,3.0,155.0,86.0,76.0,157.0,6.0,6.0,38.0,,4.0,47.0,512.0,9.0,7.0,11.0,8.0,87.0,202.0,,4.0,160.0,12.0,13.0,42.0,356.0,,13.0,13.0,6.0,3.0,,9.0,43.0,12.0,33.0,0.0,1.0
LaLiga Santander,https://www.laliga.com/en-ES/player/marc-urena,26542,marc-urena,Marc Tenas,M. Tenas,Marc,Tenas,male,2001-05-30T00:00:00+00:00,,,,False,,,ES,Deportivo Alavés,ALA,1921-01-23T00:00:00+0000,https://assets.laliga.com/assets/2020/09/01/medium/27002754a98bf535807fe49a24cc63ea.png,40.0,Forward,,Mendizorroza,https://assets.laliga.com/assets/2019/06/17/medium/6b906780ba96aa6689192fb9afcaac6b.png,1.0,,1.0,3.0,,,0.0,7.0,,,,,,,,,,8.0,4.0,4.0,1.0,3.0,2.0,,3.0,,,,,,2.0,2.0,,,,7.0,4.0,3.0,,,,0.0,1.0,,1.0,,,6.0,,19.0,,,,,,,,,,,2.0,1.0,4.0,,,3.0,,,,,,,,,,,,,,3.0,,,,1.0,,,,,14.0,9.0,5.0,14.0,,1.0,38.0,,,,51.0,1.0,,3.0,1.0,12.0,19.0,,,14.0,1.0,1.0,5.0,30.0,,2.0,2.0,,,,,6.0,1.0,5.0,0.0,2.0
LaLiga Santander,https://www.laliga.com/en-ES/player/ter-stegen,1339,ter-stegen,Marc-André ter Stegen,Ter Stegen,Marc-André,ter Stegen,male,1992-04-30T00:00:00+00:00,Mönchengladbach,85.0,187.0,True,https://twitter.com/mterstegen1,https://instagram.com/mterstegen1,DE,FC Barcelona,BAR,1899-11-29T00:00:00+0000,https://assets.laliga.com/assets/2019/06/07/medium/barcelona.png,1.0,Goalkeeper,https://assets.laliga.com/squad/2021/t178/p77318/512x556/p77318_t178_2021_1_001_000.png,Camp Nou,https://assets.laliga.com/assets/2019/06/17/medium/0623ce55ec3ee4e439ed6d24fe2ba77b.png,7.0,,7.0,35.0,,,0.0,,,,10.0,11.0,,,1.0,1.0,5.0,14.0,1.0,13.0,1.0,518.0,,,35.0,312.0,40.0,,1.0,,34.0,30.0,4.0,,,7.0,1.0,6.0,,,,0.0,57.0,1.0,1.0,,,320.0,,851.0,,,,3.0,,1.0,,,2.0,9.0,1.0,,241.0,,,291.0,1.0,76.0,3.0,43.0,32.0,20.0,,,,,35.0,,,,,,,2.0,1.0,22.0,,220.0,753.0,63.0,907.0,750.0,,,38.0,,,1.0,3150.0,,22.0,,6.0,168.0,1129.0,,,970.0,,,159.0,1411.0,,,,,50.0,,141.0,88.0,71.0,18.0,0.0,3.0
LaLiga Santander,https://www.laliga.com/en-ES/player/marcelo,57,marcelo,Marcelo Vieira Da Silva Junior,Marcelo,Marcelo Vieira,Da Silva Junior,male,1988-05-12T00:00:00+00:00,Rio de Janeiro,75.0,174.0,True,https://twitter.com/12MarceloV,https://instagram.com/marcelotwelve,BR,Real Madrid,RMA,1902-03-06T00:00:00+0000,https://assets.laliga.com/assets/2019/06/07/medium/real-madrid.png,12.0,Defender,https://assets.laliga.com/squad/2021/t186/p39563/512x556/p39563_t186_2021_1_001_000.png,Estadio Santiago Bernabéu,https://assets.laliga.com/assets/2019/06/08/medium/e6695a8184f41deea3ad87dd9c12ab1f.png,7.0,4.0,3.0,12.0,2.0,,0.0,83.0,3.0,2.0,,2.0,,,7.0,,,41.0,13.0,28.0,7.0,128.0,2.0,,12.0,,,2.0,,,,,,,,34.0,9.0,25.0,1.0,,,0.0,100.0,1.0,7.0,,,38.0,,395.0,,,,,,,,,,,14.0,5.0,32.0,,,151.0,,,,,,,,,2.0,3.0,5.0,,3.0,7.0,,6.0,6.0,9.0,4.0,1.0,2.0,14.0,338.0,232.0,117.0,329.0,4.0,4.0,38.0,1.0,,36.0,521.0,2.0,10.0,3.0,8.0,90.0,400.0,,5.0,343.0,8.0,14.0,57.0,534.0,,23.0,23.0,1.0,2.0,,17.0,71.0,9.0,40.0,0.0,
LaLiga Santander,https://www.laliga.com/en-ES/player/marcelo-saracchi,9251,marcelo-saracchi,Marcelo Saracchi,Marcelo Saracchi,Marcelo,Saracchi,male,1998-04-23T00:00:00+00:00,Paysandú,69.0,185.0,False,,,UY,Levante UD,LEV,1909-09-07T00:00:00+0000,https://assets.laliga.com/assets/2019/06/07/medium/levante.png,25.0,Defender,,Estadio Ciutat de València,https://assets.laliga.com/assets/2021/07/21/medium/ae79ef9d1c26baf8602706ba1acef94b.png,2.0,1.0,1.0,4.0,1.0,,0.0,12.0,,,,,,1.0,,,,18.0,7.0,11.0,5.0,30.0,2.0,,4.0,,,1.0,,,4.0,4.0,,,,16.0,6.0,10.0,,,,0.0,80.0,4.0,5.0,,,6.0,,81.0,,,,,,,,,1.0,,5.0,3.0,15.0,,,35.0,,,,,,,,,,,2.0,,2.0,2.0,,2.0,2.0,2.0,3.0,,,6.0,66.0,35.0,35.0,62.0,3.0,5.0,38.0,1.0,1.0,16.0,186.0,1.0,7.0,3.0,,24.0,83.0,,,68.0,8.0,2.0,15.0,136.0,,5.0,5.0,,,,2.0,16.0,4.0,13.0,0.0,2.0
LaLiga Santander,https://www.laliga.com/en-ES/player/asensio,1127,asensio,Marco Asensio,Asensio,Marco,Asensio,male,1996-01-21T00:00:00+00:00,Palma de Mallorca,76.0,182.0,False,https://twitter.com/marcoasensio10,https://instagram.com/marcoasensio10/,ES,Real Madrid,RMA,1902-03-06T00:00:00+0000,https://assets.laliga.com/assets/2019/06/07/medium/real-madrid.png,11.0,Midfielder,https://assets.laliga.com/squad/2021/t186/p174292/512x556/p174292_t186_2021_1_001_000.png,Estadio Santiago Bernabéu,https://assets.laliga.com/assets/2019/06/08/medium/e6695a8184f41deea3ad87dd9c12ab1f.png,9.0,9.0,,31.0,,2.0,2.0,227.0,16.0,1.0,,2.0,,45.0,24.0,,,128.0,69.0,59.0,27.0,134.0,5.0,,31.0,,,,,10.0,13.0,11.0,2.0,7.0,3.0,119.0,60.0,59.0,,,,8.0,100.0,12.0,31.0,,8.0,305.0,2.0,772.0,,,,,,,,,1.0,,31.0,7.0,83.0,,2.0,136.0,,,,,,,1.0,,14.0,34.0,19.0,,12.0,12.0,7.0,13.0,3.0,27.0,16.0,,9.0,28.0,675.0,549.0,167.0,675.0,4.0,8.0,38.0,,1.0,15.0,1728.0,38.0,6.0,8.0,20.0,223.0,802.0,,48.0,703.0,12.0,82.0,99.0,1136.0,24.0,58.0,33.0,13.0,,1.0,11.0,140.0,17.0,88.0,4.0,2.0
LaLiga Santander,https://www.laliga.com/en-ES/player/marco-moreno,25766,marco-moreno,Marco Moreno,Marco,Marco,Moreno,male,2001-02-20T00:00:00+00:00,Las Palmas de Gran Canaria,,192.0,False,,,ES,Atlético de Madrid,ATM,1903-04-26T00:00:00+0000,https://assets.laliga.com/assets/2019/06/07/medium/atletico.png,32.0,Defender,,Wanda Metropolitano,https://assets.laliga.com/assets/2019/06/17/medium/935f92c15c4d3442ef3f6d843beba0e1.png,,,,,,,,,,,,,,,,,,,,,,,,,,,,,,,,,,,,,,,,,,,,,,,,,,,,,,,,,,,,,,,,,,,,,,,,,,,,,,,,,,,,,,,,,,,,,,,38.0,,,,,,,,,,,,,,,,,,,,,,,,,,,,,
LaLiga Santander,https://www.laliga.com/en-ES/player/acuna-1,6384,acuna-1,Marcos Acuña,Acuña,Marcos,Acuña,male,1991-10-28T00:00:00+00:00,Zapala,69.0,172.0,False,,,AR,Sevilla FC,SEV,1905-10-14T00:00:00+0000,https://assets.laliga.com/assets/2019/06/07/medium/sevilla.png,19.0,Defender,https://assets.laliga.com/squad/2021/t179/p169813/512x556/p169813_t179_2021_1_001_000.png,Ramón Sánchez-Pizjuán,https://assets.laliga.com/assets/2021/01/20/medium/5a52ab192cd4e4b1cc3e3a752d99c4e8.png,54.0,32.0,22.0,31.0,3.0,1.0,1.0,261.0,6.0,5.0,,10.0,,40.0,26.0,,,299.0,135.0,164.0,50.0,571.0,23.0,,31.0,,,3.0,,1.0,13.0,9.0,4.0,,1.0,245.0,103.0,142.0,1.0,,,0.0,58.0,14.0,40.0,,1.0,111.0,,1493.0,,,1.0,,,,,,1.0,,47.0,17.0,173.0,,,606.0,,,,,,,,,4.0,6.0,26.0,,11.0,5.0,11.0,46.0,32.0,44.0,22.0,8.0,4.0,114.0,1257.0,607.0,743.0,1190.0,21.0,29.0,38.0,3.0,37.0,193.0,2264.0,49.0,20.0,38.0,48.0,513.0,1549.0,,10.0,1304.0,50.0,19.0,245.0,2317.0,20.0,132.0,99.0,22.0,18.0,,91.0,295.0,82.0,154.0,1.0,10.0
LaLiga Santander,https://www.laliga.com/en-ES/player/marcos-andre,12137,marcos-andre,Marcos André de Sousa Mendonça,Marcos Andre,Marcos André,de Sousa Mendonça,male,1996-10-20T00:00:00+00:00,Coroatá,78.0,184.0,False,,,BR,Valencia CF,VAL,1919-03-18T00:00:00+0000,https://assets.laliga.com/assets/2019/06/07/medium/valencia.png,22.0,Forward,https://assets.laliga.com/squad/2021/t191/p421294/512x556/p421294_t191_2021_1_001_000.png,Camp de Mestalla,https://assets.laliga.com/assets/2019/06/17/medium/984682326cdbb55f5034778b7690a795.png,93.0,51.0,42.0,29.0,2.0,,0.0,45.0,5.0,,,,,,8.0,,,216.0,124.0,92.0,23.0,47.0,16.0,1.0,29.0,,,3.0,,1.0,16.0,15.0,1.0,1.0,,123.0,73.0,50.0,2.0,,1.0,1.0,75.0,7.0,10.0,,,20.0,4.0,170.0,,,,,,,,,2.0,,17.0,15.0,34.0,,1.0,64.0,,,,,,,,,16.0,9.0,8.0,,6.0,21.0,,,,14.0,13.0,1.0,6.0,7.0,114.0,87.0,33.0,113.0,4.0,11.0,38.0,2.0,,2.0,961.0,41.0,12.0,23.0,22.0,129.0,176.0,,25.0,120.0,15.0,47.0,56.0,398.0,,3.0,3.0,19.0,,,6.0,52.0,7.0,50.0,0.0,3.0
LaLiga Santander,https://www.laliga.com/en-ES/player/marcos-fernandez-1,25815,marcos-fernandez-1,Marcos Fernández,Marcos Fdez,Marcos,Fernández,male,2003-07-18T00:00:00+00:00,,,,False,,,ES,RCD Mallorca,MLL,1916-03-06T00:00:00+0000,https://assets.laliga.com/assets/2019/06/07/medium/mallorca.png,37.0,Defender,,Visit Mallorca Estadi,https://assets.laliga.com/assets/2019/08/07/medium/6f67f604b5025b10ef0dc14d700586ae.png,,,,,,,,,,,,,,,,,,,,,,,,,,,,,,,,,,,,,,,,,,,,,,,,,,,,,,,,,,,,,,,,,,,,,,,,,,,,,,,,,,,,,,,,,,,,,,,38.0,,,,,,,,,,,,,,,,,,,,,,,,,,,,,
LaLiga Santander,https://www.laliga.com/en-ES/player/m-llorente,1700,m-llorente,Marcos Llorente,M. Llorente,Marcos,Llorente,male,1995-01-30T00:00:00+00:00,Madrid,74.0,184.0,False,https://twitter.com/Marcos_Llorente,,ES,Atlético de Madrid,ATM,1903-04-26T00:00:00+0000,https://assets.laliga.com/assets/2019/06/07/medium/atletico.png,14.0,Midfielder,https://assets.laliga.com/squad/2021/t175/p192364/512x556/p192364_t175_2021_1_001_000.png,Wanda Metropolitano,https://assets.laliga.com/assets/2019/06/17/medium/935f92c15c4d3442ef3f6d843beba0e1.png,42.0,24.0,18.0,29.0,2.0,,0.0,232.0,5.0,10.0,,5.0,,,27.0,,,201.0,97.0,104.0,64.0,278.0,12.0,,29.0,,,2.0,,,26.0,22.0,4.0,,,159.0,73.0,86.0,4.0,,1.0,0.0,49.0,27.0,24.0,,,429.0,7.0,1087.0,,,1.0,,,,,,5.0,,57.0,23.0,174.0,,,150.0,,,,,,,1.0,,9.0,2.0,29.0,,9.0,,,12.0,12.0,19.0,33.0,6.0,6.0,37.0,921.0,482.0,453.0,886.0,28.0,23.0,38.0,1.0,41.0,120.0,2455.0,33.0,37.0,30.0,16.0,348.0,1089.0,,11.0,923.0,51.0,57.0,166.0,1655.0,,59.0,59.0,11.0,18.0,1.0,34.0,166.0,59.0,132.0,0.0,5.0
LaLiga Santander,https://www.laliga.com/en-ES/player/m-mauro,6159,m-mauro,Marcos Mauro López Gutiérrez,M. Mauro,Marcos Mauro,López Gutiérrez,male,1991-01-09T00:00:00+00:00,Avellaneda,84.0,190.0,False,,,AR,,,,,,,,,,,,,,,,,,,,,,,,,,,,,,,,,,,,,,,,,,,,,,,,,,,,,,,,,,,,,,,,,,,,,,,,,,,,,,,,,,,,,,,,,,,,,,,,,,,,,,,,,,,,,,,,,,,,,,,,,,,,,,,,,,,,,
LaLiga Santander,https://www.laliga.com/en-ES/player/mariano,1190,mariano,Mariano Díaz Mejía,Mariano,Mariano,Díaz Mejía,male,1993-08-01T00:00:00+00:00,Barcelona,76.0,180.0,False,,https://instagram.com/marianodiazmejia/,DO,Real Madrid,RMA,1902-03-06T00:00:00+0000,https://assets.laliga.com/assets/2019/06/07/medium/real-madrid.png,24.0,Forward,https://assets.laliga.com/squad/2021/t186/p178347/512x556/p178347_t186_2021_1_001_000.png,Estadio Santiago Bernabéu,https://assets.laliga.com/assets/2019/06/08/medium/e6695a8184f41deea3ad87dd9c12ab1f.png,14.0,5.0,9.0,9.0,1.0,,1.0,17.0,2.0,,,,,,4.0,,,31.0,14.0,17.0,9.0,15.0,1.0,,9.0,,,1.0,,1.0,4.0,4.0,,1.0,,17.0,9.0,8.0,,,1.0,0.0,23.0,1.0,5.0,,1.0,12.0,4.0,53.0,,,,,,,,,,,4.0,2.0,4.0,,,16.0,,,,,,,,,9.0,3.0,3.0,,2.0,6.0,,,,6.0,4.0,,,2.0,35.0,26.0,16.0,40.0,2.0,,38.0,2.0,,,339.0,8.0,3.0,2.0,,33.0,60.0,,12.0,42.0,2.0,21.0,18.0,106.0,,1.0,1.0,4.0,,,4.0,15.0,4.0,14.0,0.0,2.0
LaLiga Santander,https://www.laliga.com/en-ES/player/mario-dominguez,25854,mario-dominguez,Mario Dominguez,Mario,Mario,Dominguez,male,2004-02-10T00:00:00+00:00,,,,False,,,ES,Valencia CF,VAL,1919-03-18T00:00:00+0000,https://assets.laliga.com/assets/2019/06/07/medium/valencia.png,46.0,Forward,,Camp de Mestalla,https://assets.laliga.com/assets/2019/06/17/medium/984682326cdbb55f5034778b7690a795.png,2.0,2.0,,2.0,,,0.0,2.0,,,,,,,,,,3.0,3.0,,,,1.0,,2.0,,,,,,,,,,,1.0,1.0,,,,,0.0,91.0,,,,,1.0,,3.0,,,,,,,,,,,,,1.0,,,,,,,,,,,,,,,,,2.0,,,,,,,1.0,,2.0,1.0,1.0,2.0,,,38.0,,,,23.0,,1.0,1.0,,1.0,3.0,,,2.0,,,1.0,4.0,,,,,,,,1.0,,1.0,0.0,
LaLiga Santander,https://www.laliga.com/en-ES/player/mario-gaspar,78,mario-gaspar,Mario Gaspar Pérez Martínez,Mario Gaspar,Mario Gaspar,Pérez Martínez,male,1990-11-24T00:00:00+00:00,Novelda,74.0,182.0,False,https://twitter.com/mariogaspar90,https://instagram.com/mariogpm2,ES,Villarreal CF,VIL,1923-03-10T00:00:00+0000,https://assets.laliga.com/assets/2019/06/07/medium/villarreal.png,2.0,Defender,https://assets.laliga.com/squad/2021/t449/p76610/512x556/p76610_t449_2021_1_001_000.png,Estadio de la Cerámica,https://assets.laliga.com/assets/2019/10/03/medium/ac940b8f6681d614e337d20d5bf7f0a8.png,19.0,11.0,8.0,12.0,,,0.0,57.0,3.0,3.0,,2.0,,,4.0,,,48.0,25.0,23.0,14.0,133.0,4.0,,12.0,,,,,,8.0,7.0,1.0,,,29.0,14.0,15.0,1.0,,,0.0,95.0,6.0,5.0,,,104.0,,299.0,,,,,,,,,,,12.0,3.0,30.0,,,14.0,,,,,,,,,,1.0,7.0,,3.0,5.0,,2.0,2.0,3.0,5.0,1.0,,14.0,235.0,115.0,131.0,230.0,6.0,4.0,38.0,,7.0,49.0,621.0,3.0,13.0,8.0,2.0,85.0,308.0,,1.0,244.0,10.0,15.0,64.0,439.0,,2.0,2.0,1.0,8.0,,23.0,43.0,23.0,41.0,0.0,1.0
LaLiga Santander,https://www.laliga.com/en-ES/player/mario-gila,25520,mario-gila,Mario Gila,Gila,Mario,Gila,male,2000-08-29T00:00:00+00:00,Barcelona,74.0,185.0,False,,,ES,Real Madrid,RMA,1902-03-06T00:00:00+0000,https://assets.laliga.com/assets/2019/06/07/medium/real-madrid.png,34.0,Defender,,Estadio Santiago Bernabéu,https://assets.laliga.com/assets/2019/06/08/medium/e6695a8184f41deea3ad87dd9c12ab1f.png,,,,2.0,,,0.0,3.0,,,,,,,,,,3.0,1.0,2.0,,10.0,,,2.0,1.0,,,,,,,,,,3.0,1.0,2.0,,,,0.0,85.0,1.0,,1.0,,5.0,,21.0,,,,,,,,,,,,,6.0,,,4.0,,,,,,,,,,,,,,2.0,,,,1.0,,,,,18.0,3.0,16.0,19.0,1.0,,38.0,,,,23.0,,1.0,,,3.0,22.0,,,19.0,1.0,,3.0,26.0,,,,,1.0,,2.0,1.0,2.0,1.0,0.0,
LaLiga Santander,https://www.laliga.com/en-ES/player/hermoso,1956,hermoso,Mario Hermoso,M. Hermoso,Mario,Hermoso,male,1995-06-18T00:00:00+00:00,Madrid,75.0,184.0,False,https://twitter.com/mariohermoso5,https://instagram.com/mhermoso22,ES,Atlético de Madrid,ATM,1903-04-26T00:00:00+0000,https://assets.laliga.com/assets/2019/06/07/medium/atletico.png,22.0,Defender,https://assets.laliga.com/squad/2021/t175/p213431/512x556/p213431_t175_2021_1_001_000.png,Wanda Metropolitano,https://assets.laliga.com/assets/2019/06/17/medium/935f92c15c4d3442ef3f6d843beba0e1.png,72.0,23.0,49.0,26.0,1.0,,0.0,100.0,4.0,3.0,,5.0,,,5.0,,,172.0,74.0,98.0,31.0,445.0,14.0,,26.0,,,1.0,,2.0,30.0,26.0,4.0,2.0,,100.0,51.0,49.0,,,,2.0,48.0,29.0,8.0,,2.0,195.0,1.0,1153.0,,1.0,,,,,,,3.0,,26.0,15.0,126.0,,,444.0,,,,,,,,,8.0,5.0,21.0,1.0,7.0,5.0,,5.0,5.0,8.0,16.0,9.0,,99.0,1004.0,447.0,588.0,931.0,15.0,15.0,38.0,,4.0,80.0,1868.0,8.0,46.0,26.0,11.0,203.0,1184.0,1.0,13.0,1030.0,30.0,27.0,154.0,1514.0,,19.0,19.0,3.0,22.0,,57.0,111.0,62.0,97.0,2.0,6.0
LaLiga Santander,https://www.laliga.com/en-ES/player/mario-h,6347,mario-h,Mario Hernández,Mario H.,Mario,Hernández,male,1999-01-25T00:00:00+00:00,Madrid,,,False,,,ES,Rayo Vallecano,RAY,1924-05-20T00:00:00+0000,https://assets.laliga.com/assets/2019/06/07/medium/rayo.png,32.0,Midfielder,https://assets.laliga.com/squad/2021/t184/p435104/512x556/p435104_t184_2021_1_001_000.png,Estadio de Vallecas,https://assets.laliga.com/assets/2019/08/12/medium/b86a37d70be8931c079066cc8c48817f.png,7.0,5.0,2.0,9.0,,,0.0,21.0,,,,1.0,,,2.0,,,38.0,20.0,18.0,9.0,78.0,1.0,,9.0,,,,,1.0,6.0,3.0,3.0,1.0,,31.0,15.0,16.0,,1.0,,1.0,18.0,4.0,2.0,,,41.0,1.0,146.0,,,,,,,,,1.0,,6.0,1.0,20.0,,,9.0,,,,,,,1.0,,2.0,1.0,5.0,,3.0,4.0,,3.0,3.0,2.0,7.0,1.0,1.0,4.0,100.0,56.0,49.0,98.0,6.0,4.0,38.0,1.0,9.0,34.0,393.0,7.0,6.0,4.0,4.0,85.0,149.0,,3.0,102.0,10.0,2.0,47.0,263.0,,12.0,12.0,4.0,6.0,,17.0,39.0,20.0,30.0,0.0,3.0
LaLiga Santander,https://www.laliga.com/en-ES/player/m-suarez,569,m-suarez,Mario Suárez,M. Suárez,Mario,Suárez,male,1987-02-24T00:00:00+00:00,Alcobendas,80.0,188.0,True,https://twitter.com/Mariosuarez4,https://instagram.com/Mariosuarez4,ES,Rayo Vallecano,RAY,1924-05-20T00:00:00+0000,https://assets.laliga.com/assets/2019/06/07/medium/rayo.png,4.0,Midfielder,https://assets.laliga.com/squad/2021/t184/p28160/512x556/p28160_t184_2021_1_001_000.png,Estadio de Vallecas,https://assets.laliga.com/assets/2019/08/12/medium/b86a37d70be8931c079066cc8c48817f.png,42.0,13.0,29.0,14.0,,,0.0,21.0,3.0,4.0,,1.0,,,3.0,,,85.0,38.0,47.0,11.0,132.0,6.0,,14.0,,,,,,15.0,14.0,1.0,,,43.0,25.0,18.0,2.0,,,0.0,20.0,7.0,1.0,,,114.0,,318.0,,,1.0,,,,,,2.0,,3.0,2.0,55.0,,,63.0,,,,,,,,,3.0,3.0,8.0,,1.0,6.0,,,,4.0,5.0,4.0,,28.0,247.0,87.0,170.0,229.0,5.0,4.0,38.0,,,,710.0,4.0,35.0,17.0,5.0,82.0,330.0,,6.0,257.0,9.0,10.0,73.0,425.0,,,,2.0,18.0,,34.0,47.0,26.0,39.0,0.0,2.0
LaLiga Santander,https://www.laliga.com/en-ES/player/dmitrovic,1988,dmitrovic,Marko Dmitrović,Dmitrovic,Marko,Dmitrovic,male,1992-01-24T00:00:00+00:00,Subotica,94.0,194.0,False,,https://instagram.com/markodmitrovic/,RS,Sevilla FC,SEV,1905-10-14T00:00:00+0000,https://assets.laliga.com/assets/2019/06/07/medium/sevilla.png,1.0,Goalkeeper,https://assets.laliga.com/squad/2021/t179/p94618/512x556/p94618_t179_2021_1_001_000.png,Ramón Sánchez-Pizjuán,https://assets.laliga.com/assets/2021/01/20/medium/5a52ab192cd4e4b1cc3e3a752d99c4e8.png,1.0,,1.0,6.0,,,0.0,,,,4.0,4.0,,,,,,1.0,,1.0,,73.0,,,6.0,55.0,5.0,,1.0,,5.0,4.0,1.0,,,,,,,,,0.0,75.0,,,,,53.0,,148.0,,,,,,,,,,1.0,,,54.0,,,71.0,,15.0,1.0,9.0,5.0,5.0,,,,,6.0,,,,,,,,,11.0,,27.0,123.0,15.0,144.0,132.0,,,38.0,,,,540.0,,4.0,,,39.0,197.0,,,159.0,,,38.0,249.0,,,,,21.0,,38.0,28.0,10.0,,0.0,1.0
LaLiga Santander,https://www.laliga.com/en-ES/player/braithwaite,8271,braithwaite,Martin Braithwaite,Braithwaite,Martin,Braithwaite,male,1991-06-05T00:00:00+00:00,Esbjerg,73.0,177.0,True,https://twitter.com/MartinBraith,https://instagram.com/braithwaite_no1/,DK,FC Barcelona,BAR,1899-11-29T00:00:00+0000,https://assets.laliga.com/assets/2019/06/07/medium/barcelona.png,12.0,Forward,https://assets.laliga.com/squad/2021/t178/p68690/512x556/p68690_t178_2021_1_001_000.png,Camp Nou,https://assets.laliga.com/assets/2019/06/17/medium/0623ce55ec3ee4e439ed6d24fe2ba77b.png,9.0,6.0,3.0,4.0,1.0,,0.0,17.0,3.0,,,,,,3.0,,,25.0,17.0,8.0,7.0,6.0,2.0,,4.0,,,1.0,,2.0,4.0,3.0,1.0,2.0,,16.0,11.0,5.0,,1.0,,2.0,50.0,1.0,1.0,,,6.0,2.0,52.0,,,,,,,,,,,3.0,2.0,7.0,,1.0,25.0,,,,,,,,,1.0,3.0,3.0,,2.0,1.0,,,,2.0,5.0,,2.0,1.0,42.0,26.0,18.0,43.0,,1.0,38.0,,,,237.0,6.0,1.0,5.0,2.0,27.0,54.0,,4.0,44.0,1.0,12.0,10.0,92.0,,2.0,2.0,1.0,,1.0,,10.0,2.0,10.0,1.0,
LaLiga Santander,https://www.laliga.com/en-ES/player/valjent,8737,valjent,Martin Valjent,Valjent,Martin,Valjent,male,1995-12-11T00:00:00+00:00,Dubnica nad Vahom,70.0,187.0,True,,,SK,RCD Mallorca,MLL,1916-03-06T00:00:00+0000,https://assets.laliga.com/assets/2019/06/07/medium/mallorca.png,24.0,Defender,https://assets.laliga.com/squad/2021/t181/p170116/512x556/p170116_t181_2021_1_001_000.png,Visit Mallorca Estadi,https://assets.laliga.com/assets/2019/08/07/medium/6f67f604b5025b10ef0dc14d700586ae.png,94.0,34.0,60.0,36.0,,,0.0,80.0,7.0,26.0,,9.0,3.0,,4.0,,,176.0,74.0,102.0,37.0,586.0,11.0,,36.0,,,,,,59.0,50.0,9.0,,,82.0,40.0,42.0,2.0,,,0.0,37.0,31.0,6.0,1.0,,432.0,1.0,1286.0,,,2.0,,,,,,5.0,,17.0,8.0,165.0,,,265.0,,,,,,,,,2.0,1.0,36.0,,2.0,,,,,4.0,20.0,24.0,,126.0,1045.0,306.0,801.0,981.0,12.0,19.0,38.0,,,6.0,3182.0,5.0,171.0,26.0,8.0,281.0,1363.0,,3.0,1107.0,31.0,10.0,256.0,1731.0,,3.0,3.0,2.0,69.0,,151.0,180.0,79.0,105.0,0.0,4.0
LaLiga Santander,https://www.laliga.com/en-ES/player/martin,5881,martin,Martín Aguirregabiria,Martin,Martín,Aguirregabiria,male,1996-05-10T00:00:00+00:00,Vitoria,69.0,178.0,False,,,ES,Deportivo Alavés,ALA,1921-01-23T00:00:00+0000,https://assets.laliga.com/assets/2020/09/01/medium/27002754a98bf535807fe49a24cc63ea.png,21.0,Defender,https://assets.laliga.com/squad/2021/t173/p246162/512x556/p246162_t173_2021_1_001_000.png,Mendizorroza,https://assets.laliga.com/assets/2019/06/17/medium/6b906780ba96aa6689192fb9afcaac6b.png,58.0,27.0,31.0,24.0,1.0,,0.0,53.0,1.0,3.0,,2.0,,1.0,6.0,,,182.0,81.0,101.0,33.0,295.0,11.0,,24.0,,,1.0,,,31.0,27.0,4.0,,,124.0,54.0,70.0,2.0,,,0.0,19.0,25.0,13.0,,,201.0,1.0,565.0,,,1.0,,,,,,1.0,,33.0,17.0,79.0,,,23.0,,,,,,,,,3.0,,17.0,,6.0,7.0,,14.0,14.0,14.0,15.0,7.0,,33.0,385.0,225.0,180.0,358.0,12.0,22.0,38.0,,30.0,142.0,1617.0,13.0,33.0,24.0,22.0,281.0,572.0,,3.0,391.0,34.0,11.0,181.0,1013.0,,31.0,31.0,5.0,30.0,,53.0,146.0,66.0,128.0,0.0,4.0
LaLiga Santander,https://www.laliga.com/en-ES/player/martin-calderon,22833,martin-calderon,Martín Calderón,Martín,Martín,Calderón,male,1999-03-01T00:00:00+00:00,Jerez de la Frontera,78.0,183.0,False,,,ES,CD Mirandés,MIR,1927-05-03T00:00:00+0000,https://assets.laliga.com/assets/2019/06/07/medium/mirandes.png,16.0,Midfielder,https://assets.laliga.com/squad/2021/t5741/p227170/512x556/p227170_t5741_2021_1_001_000.png,Estadio Municipal de Anduva,https://assets.laliga.com/assets/2019/08/07/medium/09494ec693d409f51c9dac40661ceb95.png,5.0,,5.0,6.0,1.0,2.0,0.0,28.0,2.0,,,,,10.0,2.0,,,16.0,4.0,12.0,7.0,63.0,,,6.0,,,2.0,,,7.0,7.0,,,,11.0,4.0,7.0,,,,0.0,10.0,4.0,5.0,,,73.0,,225.0,,,,,,,,,3.0,,1.0,,21.0,,,67.0,,,,,,,,,3.0,3.0,3.0,,2.0,3.0,4.0,6.0,1.0,1.0,4.0,1.0,,27.0,196.0,100.0,108.0,175.0,4.0,1.0,42.0,,,,294.0,2.0,1.0,1.0,1.0,44.0,231.0,,6.0,202.0,5.0,1.0,29.0,277.0,6.0,11.0,3.0,1.0,4.0,,13.0,35.0,5.0,16.0,0.0,1.0
LaLiga Santander,https://www.laliga.com/en-ES/player/martin-caceres,7528,martin-caceres,Martín Cáceres,Martin Caceres,Martín,Cáceres,male,1987-04-07T00:00:00+00:00,Montevideo,78.0,180.0,False,,,UY,Levante UD,LEV,1909-09-07T00:00:00+0000,https://assets.laliga.com/assets/2019/06/07/medium/levante.png,7.0,Defender,https://assets.laliga.com/squad/2021/t855/p43693/512x556/p43693_t855_2021_1_001_000.png,Estadio Ciutat de València,https://assets.laliga.com/assets/2021/07/21/medium/ae79ef9d1c26baf8602706ba1acef94b.png,20.0,13.0,7.0,10.0,,,0.0,18.0,,2.0,,1.0,,,,,,43.0,25.0,18.0,6.0,143.0,4.0,,10.0,,,,,,13.0,9.0,4.0,,,23.0,12.0,11.0,,,,0.0,18.0,11.0,3.0,,,49.0,,335.0,,,,,,,,,,,6.0,,43.0,,,134.0,,,,,,,,,,,9.0,,7.0,1.0,,1.0,1.0,1.0,3.0,1.0,,24.0,274.0,118.0,165.0,258.0,,2.0,38.0,,1.0,4.0,669.0,1.0,15.0,8.0,8.0,71.0,344.0,,,282.0,2.0,4.0,62.0,409.0,,3.0,3.0,,11.0,,31.0,41.0,24.0,31.0,0.0,2.0
LaLiga Santander,https://www.laliga.com/en-ES/player/merquelanz,8678,merquelanz,Martín Merquelanz,Merquelanz,Martín,Merquelanz,male,1995-06-12T00:00:00+00:00,Irún,72.0,176.0,False,https://twitter.com/martyyyn95,,ES,Rayo Vallecano,RAY,1924-05-20T00:00:00+0000,https://assets.laliga.com/assets/2019/06/07/medium/rayo.png,17.0,Forward,https://assets.laliga.com/squad/2021/t184/p201177/512x556/p201177_t184_2021_1_001_000.png,Estadio de Vallecas,https://assets.laliga.com/assets/2019/08/12/medium/b86a37d70be8931c079066cc8c48817f.png,7.0,4.0,3.0,4.0,,1.0,0.0,15.0,,,,,,5.0,1.0,,,30.0,20.0,10.0,4.0,16.0,,,4.0,,,,,,1.0,1.0,,,,23.0,16.0,7.0,,,,0.0,48.0,,7.0,,,17.0,,54.0,,,,,,,,,,,7.0,2.0,7.0,,,9.0,,,,,,,,,2.0,,3.0,,3.0,1.0,4.0,6.0,2.0,3.0,3.0,,2.0,1.0,41.0,32.0,16.0,41.0,1.0,1.0,38.0,,,,176.0,10.0,1.0,2.0,2.0,37.0,57.0,,2.0,42.0,2.0,2.0,15.0,103.0,1.0,6.0,4.0,7.0,2.0,1.0,3.0,17.0,4.0,12.0,0.0,
LaLiga Santander,https://www.laliga.com/en-ES/player/montoya,9,montoya,Martín Montoya,Montoya,Martín,Montoya,male,1991-04-14T00:00:00+00:00,Viladecans,73.0,175.0,False,https://twitter.com/2MONTOYA,https://instagram.com/mmontoya_21/,ES,Real Betis,BET,1907-09-12T00:00:00+0000,https://assets.laliga.com/assets/2019/06/07/medium/betis.png,2.0,Defender,https://assets.laliga.com/squad/2021/t185/p86153/512x556/p86153_t185_2021_1_001_000.png,Estadio Benito Villamarín,https://assets.laliga.com/assets/2019/06/17/medium/f211dabccff68741a75d175307d78f59.png,16.0,6.0,10.0,6.0,1.0,,0.0,37.0,1.0,,,,,,2.0,,,67.0,27.0,40.0,21.0,97.0,1.0,,6.0,,,1.0,,,8.0,8.0,,,,51.0,21.0,30.0,1.0,,,0.0,59.0,11.0,2.0,,,117.0,,261.0,,,,,,,,,1.0,,10.0,6.0,27.0,,,15.0,,,,,,,,,2.0,2.0,6.0,,1.0,,,1.0,1.0,,10.0,1.0,,9.0,215.0,128.0,93.0,211.0,8.0,12.0,38.0,,8.0,30.0,519.0,3.0,17.0,8.0,10.0,76.0,266.0,,4.0,220.0,20.0,15.0,46.0,411.0,,12.0,12.0,1.0,5.0,,12.0,41.0,17.0,34.0,0.0,2.0
LaLiga Santander,https://www.laliga.com/en-ES/player/zubimendi,9783,zubimendi,Martín Zubimendi,Zubimendi,Martín,Zubimendi,male,1999-02-02T00:00:00+00:00,San Sebastián,74.0,180.0,False,,,ES,Real Sociedad,RSO,1909-09-07T00:00:00+0000,https://assets.laliga.com/assets/2019/06/07/medium/real-sociedad.png,3.0,Midfielder,https://assets.laliga.com/squad/2021/t188/p481655/512x556/p481655_t188_2021_1_001_000.png,Reale Arena,https://assets.laliga.com/assets/2019/10/03/medium/b20727f80d7b4c9d5ad18acec9b663c5.png,87.0,24.0,63.0,36.0,,,1.0,200.0,2.0,13.0,,12.0,,,2.0,,,251.0,98.0,153.0,96.0,470.0,25.0,,36.0,,,1.0,,2.0,30.0,27.0,3.0,2.0,,164.0,74.0,90.0,1.0,1.0,,1.0,45.0,49.0,14.0,,,363.0,3.0,1428.0,,,,,,,,,2.0,,31.0,17.0,139.0,,1.0,419.0,,,,,,,,,9.0,9.0,26.0,,1.0,10.0,,,,17.0,51.0,6.0,5.0,76.0,1220.0,598.0,646.0,1168.0,27.0,25.0,38.0,2.0,,1.0,2585.0,19.0,48.0,34.0,21.0,261.0,1452.0,,18.0,1244.0,52.0,31.0,208.0,1807.0,,2.0,2.0,7.0,25.0,,61.0,143.0,67.0,147.0,2.0,4.0
LaLiga Santander,https://www.laliga.com/en-ES/player/matheus-cunha,9200,matheus-cunha,Matheus Santos Carneiro Da Cunha,Cunha,Matheus,Santos Carneiro Da Cunha,male,1999-05-27T00:00:00+00:00,João Pessoa,76.0,184.0,False,,,BR,Atlético de Madrid,ATM,1903-04-26T00:00:00+0000,https://assets.laliga.com/assets/2019/06/07/medium/atletico.png,19.0,Forward,https://assets.laliga.com/squad/2021/t175/p430871/512x556/p430871_t175_2021_1_001_000.png,Wanda Metropolitano,https://assets.laliga.com/assets/2019/06/17/medium/935f92c15c4d3442ef3f6d843beba0e1.png,95.0,74.0,21.0,29.0,4.0,,3.0,51.0,7.0,2.0,,,,,7.0,,,199.0,126.0,73.0,46.0,51.0,11.0,2.0,29.0,,,4.0,,6.0,14.0,12.0,2.0,6.0,,104.0,52.0,52.0,2.0,,2.0,3.0,100.0,6.0,4.0,,1.0,57.0,1.0,196.0,,,1.0,,,,,,4.0,,23.0,16.0,44.0,,5.0,47.0,,,,,,,,,15.0,15.0,8.0,,8.0,21.0,,3.0,3.0,7.0,20.0,,9.0,3.0,136.0,97.0,52.0,143.0,7.0,12.0,38.0,5.0,,2.0,1052.0,17.0,9.0,22.0,26.0,119.0,206.0,,30.0,146.0,19.0,66.0,60.0,427.0,,4.0,4.0,5.0,,,4.0,52.0,12.0,56.0,1.0,3.0
LaLiga Santander,https://www.laliga.com/en-ES/player/mathew-ryan,1885,mathew-ryan,Mathew Ryan,Ryan,Mathew,Ryan,male,1992-04-08T00:00:00+00:00,Plumpton,82.0,184.0,False,,,AU,Real Sociedad,RSO,1909-09-07T00:00:00+0000,https://assets.laliga.com/assets/2019/06/07/medium/real-sociedad.png,13.0,Goalkeeper,https://assets.laliga.com/squad/2021/t188/p131897/512x556/p131897_t188_2021_1_001_000.png,Reale Arena,https://assets.laliga.com/assets/2019/10/03/medium/b20727f80d7b4c9d5ad18acec9b663c5.png,1.0,,1.0,3.0,,,0.0,,,,2.0,1.0,,,,,1.0,1.0,,1.0,,63.0,,,3.0,25.0,8.0,,,,5.0,5.0,,,,,,,,,,0.0,68.0,,,,,16.0,,49.0,,,,1.0,,,,,1.0,3.0,,,29.0,,,14.0,,10.0,,8.0,2.0,3.0,,,,,3.0,,,,,,,,,6.0,,17.0,31.0,12.0,41.0,36.0,,,38.0,,,,270.0,,5.0,,,40.0,93.0,,,53.0,,,40.0,125.0,,,,,15.0,,40.0,30.0,10.0,,0.0,
LaLiga Santander,https://www.laliga.com/en-ES/player/olivera,6235,olivera,Mathías Olivera,Olivera,Mathías,Olivera,male,1997-10-31T00:00:00+00:00,Montevideo,78.0,184.0,False,,,UY,Getafe CF,GET,1983-03-30T00:00:00+0000,https://assets.laliga.com/assets/2019/06/07/medium/getafe.png,17.0,Defender,https://assets.laliga.com/squad/2021/t1450/p214966/512x556/p214966_t1450_2021_1_001_000.png,Coliseum Alfonso Pérez,https://assets.laliga.com/assets/2019/06/17/medium/b881ba5a6846e7ccdbc3a6a75a2c5e69.png,224.0,113.0,111.0,32.0,2.0,,0.0,189.0,5.0,4.0,,13.0,,,13.0,,,521.0,258.0,263.0,79.0,445.0,32.0,,32.0,,,3.0,,1.0,28.0,27.0,1.0,1.0,,297.0,145.0,152.0,1.0,1.0,1.0,1.0,53.0,55.0,28.0,,,61.0,3.0,1032.0,,,,,,,,,2.0,,83.0,41.0,195.0,,,357.0,,,,,,,,,12.0,7.0,32.0,,4.0,,,12.0,12.0,27.0,46.0,10.0,3.0,33.0,736.0,461.0,306.0,722.0,32.0,47.0,38.0,,61.0,250.0,2807.0,65.0,55.0,55.0,46.0,547.0,1052.0,,19.0,755.0,79.0,67.0,297.0,1991.0,,51.0,50.0,27.0,39.0,1.0,54.0,256.0,92.0,243.0,1.0,10.0
LaLiga Santander,https://www.laliga.com/en-ES/player/matt-miazga,4332,matt-miazga,Matt Miazga,Miazga,Matt,Miazga,male,1995-07-19T00:00:00+00:00,Clifton,84.0,191.0,False,,,US,Deportivo Alavés,ALA,1921-01-23T00:00:00+0000,https://assets.laliga.com/assets/2020/09/01/medium/27002754a98bf535807fe49a24cc63ea.png,4.0,Defender,https://assets.laliga.com/squad/2021/t173/p163793/512x556/p163793_t173_2021_1_001_000.png,Mendizorroza,https://assets.laliga.com/assets/2019/06/17/medium/6b906780ba96aa6689192fb9afcaac6b.png,40.0,8.0,32.0,11.0,,,0.0,35.0,1.0,12.0,,3.0,,,1.0,,,60.0,19.0,41.0,9.0,141.0,1.0,,11.0,,,,,,15.0,13.0,2.0,,,20.0,11.0,9.0,,,,0.0,36.0,11.0,2.0,,,84.0,,303.0,,,,,,,,,2.0,,3.0,2.0,35.0,,,59.0,,,,,,,,,3.0,3.0,9.0,,,2.0,,,,,5.0,6.0,,34.0,229.0,62.0,180.0,208.0,,7.0,38.0,,,2.0,831.0,,52.0,6.0,2.0,82.0,319.0,,6.0,242.0,7.0,11.0,77.0,431.0,,,,,20.0,,36.0,44.0,33.0,41.0,0.0,2.0
LaLiga Santander,https://www.laliga.com/en-ES/player/matthew-hoppe,18024,matthew-hoppe,Matthew Hoppe,Hoppe,Matthew,Hoppe,male,2001-03-13T00:00:00+00:00,Yorba Linda,80.0,191.0,False,,,US,RCD Mallorca,MLL,1916-03-06T00:00:00+0000,https://assets.laliga.com/assets/2019/06/07/medium/mallorca.png,11.0,Forward,https://assets.laliga.com/squad/2021/t181/p426384/512x556/p426384_t181_2021_1_001_000.png,Visit Mallorca Estadi,https://assets.laliga.com/assets/2019/08/07/medium/6f67f604b5025b10ef0dc14d700586ae.png,13.0,11.0,2.0,5.0,,,0.0,12.0,1.0,,,,,,,,,28.0,24.0,4.0,6.0,7.0,2.0,,5.0,,,1.0,,,5.0,4.0,1.0,,,15.0,13.0,2.0,,,,0.0,18.0,,2.0,,,5.0,2.0,29.0,,,,,,,,,,,2.0,,6.0,,,10.0,,,,,,,,,1.0,,1.0,,1.0,4.0,,,,,3.0,,6.0,,19.0,12.0,12.0,24.0,1.0,,38.0,,,,129.0,7.0,,4.0,1.0,20.0,34.0,,1.0,24.0,1.0,4.0,10.0,51.0,,,,3.0,,2.0,,8.0,2.0,10.0,0.0,
LaLiga Santander,https://www.laliga.com/en-ES/player/matias-arezo,25579,matias-arezo,Matías Arezo,M. Arezo,Matías,Arezo,male,2002-11-21T00:00:00+00:00,,74.0,178.0,False,,,UY,Granada CF,GRA,1931-01-01T00:00:00+0000,https://assets.laliga.com/assets/2019/06/07/medium/granada.png,14.0,Forward,https://assets.laliga.com/squad/2021/t5683/p477177/512x556/p477177_t5683_2021_1_001_000.png,Nuevo Los Cármenes,https://assets.laliga.com/assets/2019/08/07/medium/4de53714b029bf44d86c53bd0d6835d3.png,12.0,5.0,7.0,8.0,,,0.0,6.0,1.0,,,,,,2.0,,,34.0,19.0,15.0,5.0,12.0,2.0,,8.0,,,,,,5.0,5.0,,,,22.0,14.0,8.0,,,,0.0,65.0,1.0,6.0,,,5.0,,31.0,,,,,,,,,1.0,,2.0,1.0,3.0,,,10.0,,,,,,,,,1.0,3.0,1.0,,1.0,7.0,,,,2.0,1.0,,,,16.0,13.0,4.0,17.0,2.0,3.0,38.0,,,1.0,156.0,6.0,1.0,3.0,1.0,35.0,33.0,,4.0,17.0,5.0,8.0,16.0,75.0,,4.0,4.0,3.0,,,1.0,18.0,2.0,15.0,0.0,1.0
LaLiga Santander,https://www.laliga.com/en-ES/player/matias-dituro,20682,matias-dituro,Matías Dituro,Dituro,Matías,Dituro,male,1987-05-08T00:00:00+00:00,Santa Fe,86.0,191.0,False,,,AR,RC Celta,CEL,1923-08-23T00:00:00+0000,https://assets.laliga.com/assets/2019/06/07/medium/celta.png,1.0,Goalkeeper,https://assets.laliga.com/squad/2021/t176/p98448/512x556/p98448_t176_2021_1_001_000.png,Estadio ABANCA Balaídos,https://assets.laliga.com/assets/2019/06/17/medium/0aef263ef366bd0b81369408adb27cd6.png,8.0,,8.0,38.0,,,0.0,,,,31.0,14.0,,,1.0,,5.0,10.0,,10.0,,932.0,,,38.0,281.0,133.0,,2.0,,43.0,38.0,5.0,,,2.0,,2.0,1.0,,,0.0,59.0,,1.0,,,229.0,,808.0,,,,8.0,,4.0,,,4.0,18.0,3.0,,355.0,,,167.0,4.0,96.0,4.0,66.0,29.0,32.0,,,1.0,,38.0,,,,,,,,,82.0,1.0,362.0,542.0,221.0,578.0,437.0,,,38.0,,,,3420.0,,28.0,1.0,2.0,541.0,1328.0,,1.0,799.0,,,529.0,1637.0,,,,,201.0,,520.0,450.0,79.0,9.0,0.0,1.0
LaLiga Santander,https://www.laliga.com/en-ES/player/m-arambarri,6229,m-arambarri,Mauro Arambarri,M. Arambarri,Mauro,Arambarri,male,1995-09-30T00:00:00+00:00,Tropezón,74.0,175.0,False,https://twitter.com/MArambarri8,https://instagram.com/mauroarambarri8/,UY,Getafe CF,GET,1983-03-30T00:00:00+0000,https://assets.laliga.com/assets/2019/06/07/medium/getafe.png,18.0,Midfielder,https://assets.laliga.com/squad/2021/t1450/p171222/512x556/p171222_t1450_2021_1_001_000.png,Coliseum Alfonso Pérez,https://assets.laliga.com/assets/2019/06/17/medium/b881ba5a6846e7ccdbc3a6a75a2c5e69.png,54.0,26.0,28.0,31.0,4.0,2.0,0.0,159.0,8.0,5.0,,12.0,,66.0,10.0,,,345.0,176.0,169.0,70.0,360.0,29.0,,31.0,,,5.0,,,27.0,26.0,1.0,,,291.0,150.0,141.0,3.0,,2.0,0.0,38.0,32.0,40.0,,,260.0,,1079.0,,,1.0,,,,,,1.0,,59.0,30.0,182.0,,,364.0,,,,,,,,,21.0,8.0,31.0,,4.0,,25.0,44.0,7.0,32.0,36.0,16.0,,125.0,851.0,513.0,418.0,762.0,25.0,37.0,38.0,,,2.0,2667.0,54.0,13.0,51.0,48.0,431.0,1143.0,,29.0,887.0,62.0,17.0,256.0,1689.0,38.0,72.0,18.0,18.0,33.0,,78.0,271.0,57.0,178.0,0.0,13.0
LaLiga Santander,https://www.laliga.com/en-ES/player/gonalons,2310,gonalons,Maxime Gonalons,Gonalons,Maxime,Gonalons,male,1989-03-10T00:00:00+00:00,Vénissieux,76.0,187.0,True,,,FR,Granada CF,GRA,1931-01-01T00:00:00+0000,https://assets.laliga.com/assets/2019/06/07/medium/granada.png,4.0,Midfielder,https://assets.laliga.com/squad/2021/t5683/p59963/512x556/p59963_t5683_2021_1_001_000.png,Nuevo Los Cármenes,https://assets.laliga.com/assets/2019/08/07/medium/4de53714b029bf44d86c53bd0d6835d3.png,50.0,16.0,34.0,25.0,,,0.0,83.0,4.0,10.0,,1.0,,,3.0,,,214.0,93.0,121.0,40.0,200.0,19.0,,25.0,,1.0,2.0,,,25.0,23.0,2.0,,,164.0,77.0,87.0,1.0,,,0.0,26.0,18.0,11.0,,,168.0,,632.0,,,,,,,,,3.0,,35.0,23.0,110.0,,,200.0,,,,,,,,,5.0,2.0,20.0,,11.0,5.0,,,,14.0,25.0,2.0,5.0,45.0,533.0,246.0,304.0,505.0,15.0,28.0,38.0,,,,1555.0,24.0,28.0,29.0,31.0,145.0,651.0,,7.0,550.0,43.0,7.0,101.0,905.0,,6.0,6.0,7.0,4.0,,24.0,75.0,32.0,77.0,0.0,6.0
LaLiga Santander,https://www.laliga.com/en-ES/player/m-gomez,6200,m-gomez,Maximiliano Gómez,M. Gómez,Maximiliano,Gómez,male,1996-08-14T00:00:00+00:00,Paysandú,91.0,186.0,True,https://twitter.com/gomez_maxi9,https://instagram.com/maxi_gomez9/,UY,Valencia CF,VAL,1919-03-18T00:00:00+0000,https://assets.laliga.com/assets/2019/06/07/medium/valencia.png,9.0,Forward,https://assets.laliga.com/squad/2021/t191/p215206/512x556/p215206_t191_2021_1_001_000.png,Camp de Mestalla,https://assets.laliga.com/assets/2019/06/17/medium/984682326cdbb55f5034778b7690a795.png,156.0,71.0,85.0,29.0,1.0,6.0,3.0,83.0,14.0,1.0,,4.0,,,7.0,,,297.0,150.0,147.0,40.0,103.0,10.0,1.0,29.0,,,1.0,,5.0,28.0,22.0,6.0,5.0,,141.0,79.0,62.0,1.0,1.0,1.0,2.0,28.0,3.0,17.0,,,88.0,10.0,373.0,1.0,,,,,,,,4.0,,12.0,4.0,48.0,1.0,3.0,112.0,,,,,,,,,15.0,14.0,21.0,,11.0,8.0,,4.0,4.0,5.0,19.0,,12.0,8.0,237.0,204.0,50.0,242.0,2.0,3.0,38.0,2.0,2.0,,1960.0,32.0,22.0,49.0,55.0,249.0,386.0,1.0,29.0,250.0,5.0,81.0,136.0,673.0,,15.0,15.0,13.0,3.0,9.0,10.0,130.0,21.0,126.0,3.0,5.0
LaLiga Santander,https://www.laliga.com/en-ES/player/memphis-depay,2628,memphis-depay,Memphis Depay,Memphis,Memphis,Depay,male,1994-02-13T00:00:00+00:00,Moordrecht,78.0,176.0,False,,,NL,FC Barcelona,BAR,1899-11-29T00:00:00+0000,https://assets.laliga.com/assets/2019/06/07/medium/barcelona.png,9.0,Forward,https://assets.laliga.com/squad/2021/t178/p106824/512x556/p106824_t178_2021_1_001_000.png,Camp Nou,https://assets.laliga.com/assets/2019/06/17/medium/0623ce55ec3ee4e439ed6d24fe2ba77b.png,25.0,15.0,10.0,28.0,2.0,6.0,4.0,271.0,9.0,1.0,,3.0,,89.0,21.0,,,216.0,107.0,109.0,62.0,154.0,7.0,3.0,28.0,,,2.0,,12.0,21.0,18.0,3.0,11.0,1.0,191.0,92.0,99.0,4.0,1.0,1.0,8.0,66.0,3.0,43.0,,1.0,150.0,13.0,735.0,,,,,,,5.0,4.0,,,24.0,8.0,52.0,,10.0,234.0,,,,,,,,,18.0,34.0,20.0,,5.0,8.0,22.0,37.0,12.0,45.0,32.0,1.0,33.0,17.0,595.0,552.0,149.0,647.0,6.0,4.0,38.0,2.0,,4.0,1847.0,63.0,4.0,23.0,44.0,392.0,809.0,,52.0,664.0,10.0,140.0,145.0,1309.0,36.0,88.0,37.0,29.0,,11.0,10.0,209.0,24.0,135.0,6.0,3.0
LaLiga Santander,https://www.laliga.com/en-ES/player/malsa,8590,malsa,Mickaël Malsa,Malsa,Mickaël,Malsa,male,1995-10-12T00:00:00+00:00,Paris,69.0,178.0,True,,,MQ,Levante UD,LEV,1909-09-07T00:00:00+0000,https://assets.laliga.com/assets/2019/06/07/medium/levante.png,12.0,Midfielder,https://assets.laliga.com/squad/2021/t855/p174279/512x556/p174279_t855_2021_1_001_000.png,Estadio Ciutat de València,https://assets.laliga.com/assets/2021/07/21/medium/ae79ef9d1c26baf8602706ba1acef94b.png,31.0,20.0,11.0,26.0,1.0,,1.0,76.0,6.0,8.0,,,,,2.0,,,147.0,78.0,69.0,35.0,190.0,18.0,,26.0,,,2.0,,1.0,32.0,24.0,8.0,1.0,,116.0,58.0,58.0,,,1.0,0.0,96.0,18.0,8.0,,,126.0,,524.0,,,,,,,,,2.0,,18.0,12.0,99.0,,1.0,143.0,,,,,,,,,5.0,2.0,11.0,,8.0,15.0,,,,7.0,21.0,5.0,3.0,30.0,421.0,193.0,239.0,402.0,20.0,17.0,38.0,4.0,,2.0,1135.0,12.0,12.0,19.0,15.0,136.0,535.0,,7.0,432.0,37.0,12.0,103.0,718.0,,,,1.0,11.0,,37.0,74.0,29.0,66.0,0.0,7.0
LaLiga Santander,https://www.laliga.com/en-ES/player/baeza,14849,baeza,Miguel Baeza,M. Baeza,Miguel,Baeza,male,2000-03-27T00:00:00+00:00,Córdoba,67.0,177.0,False,,,ES,SD Ponferradina,PON,,https://assets.laliga.com/assets/2021/06/24/medium/20f0382ea9163a771b3e01bbe7cf78b7.png,16.0,Midfielder,https://assets.laliga.com/squad/2021/t3090/p437803/512x556/p437803_t3090_2021_1_001_000.png,El Toralín,https://assets.laliga.com/assets/2019/08/07/medium/ab61e987dbd10315ca190b05e714dbd4.png,20.0,15.0,5.0,13.0,,,0.0,46.0,1.0,,,,,3.0,,,,42.0,26.0,16.0,13.0,46.0,,,13.0,,,,,,8.0,8.0,,,,22.0,11.0,11.0,,,,0.0,10.0,4.0,7.0,,,46.0,1.0,156.0,,,,,,,,,1.0,,10.0,4.0,21.0,,,24.0,,,,,,,,,,3.0,5.0,,5.0,8.0,1.0,2.0,1.0,2.0,8.0,1.0,4.0,8.0,119.0,77.0,50.0,117.0,2.0,2.0,42.0,1.0,,2.0,419.0,6.0,4.0,3.0,5.0,61.0,162.0,,3.0,125.0,4.0,10.0,37.0,227.0,2.0,3.0,,4.0,1.0,1.0,4.0,26.0,14.0,33.0,0.0,
LaLiga Santander,https://www.laliga.com/en-ES/player/miguel-2,8706,miguel-2,Miguel De la Fuente,Miguel,Miguel,De la Fuente,male,1999-09-03T00:00:00+00:00,Tudela de Duero,77.0,180.0,False,,,ES,Deportivo Alavés,ALA,1921-01-23T00:00:00+0000,https://assets.laliga.com/assets/2020/09/01/medium/27002754a98bf535807fe49a24cc63ea.png,24.0,Forward,https://assets.laliga.com/squad/2021/t173/p442157/512x556/p442157_t173_2021_1_001_000.png,Mendizorroza,https://assets.laliga.com/assets/2019/06/17/medium/6b906780ba96aa6689192fb9afcaac6b.png,55.0,41.0,14.0,22.0,1.0,,0.0,48.0,7.0,,,,,,9.0,,,150.0,96.0,54.0,23.0,26.0,9.0,1.0,22.0,,,1.0,,1.0,13.0,12.0,1.0,1.0,,95.0,55.0,40.0,1.0,,1.0,1.0,97.0,1.0,4.0,,1.0,38.0,5.0,143.0,,,,,,,,,1.0,,16.0,6.0,32.0,,,40.0,,,,,,,,,11.0,4.0,10.0,,9.0,12.0,,1.0,1.0,13.0,8.0,1.0,3.0,3.0,92.0,66.0,36.0,98.0,4.0,3.0,38.0,,,1.0,826.0,24.0,7.0,19.0,20.0,121.0,152.0,,15.0,101.0,7.0,47.0,51.0,319.0,,5.0,5.0,12.0,4.0,2.0,4.0,48.0,8.0,47.0,0.0,2.0
LaLiga Santander,https://www.laliga.com/en-ES/player/miguel-3,12474,miguel-3,Miguel Gutiérrez,Gutierrez,Miguel,Gutiérrez,male,2001-07-27T00:00:00+00:00,Madrid,68.0,180.0,False,,,ES,Real Madrid,RMA,1902-03-06T00:00:00+0000,https://assets.laliga.com/assets/2019/06/07/medium/real-madrid.png,35.0,Defender,https://assets.laliga.com/squad/2021/t186/p248498/512x556/p248498_t186_2021_1_001_000.png,Estadio Santiago Bernabéu,https://assets.laliga.com/assets/2019/06/08/medium/e6695a8184f41deea3ad87dd9c12ab1f.png,4.0,2.0,2.0,3.0,1.0,,0.0,27.0,,,,,,,1.0,,,35.0,12.0,23.0,7.0,50.0,2.0,,3.0,,,1.0,,,3.0,2.0,1.0,,,31.0,10.0,21.0,,,,0.0,75.0,2.0,2.0,,,14.0,,147.0,,,,,,,,,,,3.0,,14.0,,,60.0,,,,,,,,,,,3.0,,2.0,,,2.0,2.0,6.0,4.0,,,13.0,138.0,63.0,81.0,129.0,2.0,5.0,38.0,,1.0,21.0,262.0,5.0,2.0,3.0,8.0,23.0,151.0,,,142.0,7.0,3.0,9.0,220.0,,7.0,7.0,3.0,3.0,,3.0,12.0,4.0,6.0,0.0,1.0
LaLiga Santander,https://www.laliga.com/en-ES/player/miguel-angel-brau,25856,miguel-angel-brau,Miguel Ángel Brau,Brau,Miguel Ángel,Brau,male,2001-12-27T00:00:00+00:00,Cartagena,,,False,,,ES,Granada CF,GRA,1931-01-01T00:00:00+0000,https://assets.laliga.com/assets/2019/06/07/medium/granada.png,36.0,Defender,,Nuevo Los Cármenes,https://assets.laliga.com/assets/2019/08/07/medium/4de53714b029bf44d86c53bd0d6835d3.png,,,,,,,,,,,,,,,,,,,,,,,,,,,,,,,,,,,,,,,,,,,,,,,,,,,,,,,,,,,,,,,,,,,,,,,,,,,,,,,,,,,,,,,,,,,,,,,38.0,,,,,,,,,,,,,,,,,,,,,,,,,,,,,
LaLiga Santander,https://www.laliga.com/en-ES/player/m-morro,8730,m-morro,Miguel Ángel Morro,M. Morro,Miguel Ángel,Morro,male,2000-09-11T00:00:00+00:00,Alcalá de Henares,,193.0,False,,,ES,CF Fuenlabrada,FUE,1975-06-05T00:00:00+0000,https://assets.laliga.com/assets/2019/06/07/medium/fuenlabrada.png,38.0,Goalkeeper,https://assets.laliga.com/squad/2021/t7104/p462680/512x556/p462680_t7104_2021_1_001_000.png,Estadio Fernando Torres,https://assets.laliga.com/assets/2019/08/07/medium/529175d4a9b251db1de8faf7ac1a985d.png,3.0,1.0,2.0,13.0,,,0.0,,,,7.0,4.0,,,,,4.0,3.0,1.0,2.0,,298.0,,,13.0,90.0,63.0,,,,22.0,22.0,,,,,,,,,,0.0,10.0,,,,,21.0,,114.0,,,,2.0,,,,,2.0,11.0,,,101.0,,,23.0,,48.0,2.0,28.0,20.0,15.0,,,,,13.0,,,,,,,,,24.0,,114.0,57.0,102.0,56.0,44.0,,,42.0,,,,1170.0,,17.0,,,188.0,342.0,,,158.0,,,184.0,453.0,,,,,57.0,,183.0,166.0,18.0,1.0,0.0,
LaLiga Santander,https://www.laliga.com/en-ES/player/miguelito,25482,miguelito,Miguel Martín García,Miguelito,Miguel,Martín García,male,2001-01-12T00:00:00+00:00,,,,False,,,ES,RCD Mallorca,MLL,1916-03-06T00:00:00+0000,https://assets.laliga.com/assets/2019/06/07/medium/mallorca.png,36.0,Defender,,Visit Mallorca Estadi,https://assets.laliga.com/assets/2019/08/07/medium/6f67f604b5025b10ef0dc14d700586ae.png,,,,,,,,,,,,,,,,,,,,,,,,,,,,,,,,,,,,,,,,,,,,,,,,,,,,,,,,,,,,,,,,,,,,,,,,,,,,,,,,,,,,,,,,,,,,,,,38.0,,,,,,,,,,,,,,,,,,,,,,,,,,,,,
LaLiga Santander,https://www.laliga.com/en-ES/player/m-llambrich,4115,m-llambrich,Miguel Llambrich,M. Llambrich,Miguel,Llambrich,male,1996-01-18T00:00:00+00:00,Benidorm,68.0,170.0,False,,,ES,RCD Espanyol de Barcelona,ESP,1900-10-23T00:00:00+0000,https://assets.laliga.com/assets/2019/06/07/medium/espanyol.png,2.0,Defender,https://assets.laliga.com/squad/2021/t177/p220162/512x556/p220162_t177_2021_1_001_000.png,RCDE Stadium,https://assets.laliga.com/assets/2019/06/17/medium/306cc02af120e092849ddf38954bcb3e.png,2.0,2.0,,2.0,,,0.0,6.0,,,,,,,,,,8.0,3.0,5.0,,9.0,,,2.0,,,,,,2.0,2.0,,,,6.0,1.0,5.0,,,,0.0,53.0,,,,,21.0,,38.0,,,,,,,,,,,3.0,1.0,6.0,,,2.0,,,,,,,,,,,1.0,,1.0,1.0,,,,2.0,,,,,28.0,14.0,14.0,28.0,,2.0,38.0,,2.0,6.0,70.0,1.0,3.0,,1.0,16.0,38.0,,,28.0,2.0,,10.0,62.0,,1.0,1.0,1.0,4.0,,4.0,5.0,6.0,6.0,0.0,
LaLiga Santander,https://www.laliga.com/en-ES/player/mika-marmol,25264,mika-marmol,Mika Màrmol,Mika Marmol,Mika,Mármol,male,2001-07-03T00:00:00+00:00,,,,False,,,ES,FC Barcelona,BAR,1899-11-29T00:00:00+0000,https://assets.laliga.com/assets/2019/06/07/medium/barcelona.png,41.0,Defender,,Camp Nou,https://assets.laliga.com/assets/2019/06/17/medium/0623ce55ec3ee4e439ed6d24fe2ba77b.png,,,,1.0,,,0.0,3.0,,,,,,,,,,,,,,2.0,,,1.0,,,,,,,,,,,,,,,,,0.0,100.0,,,,,,,5.0,,,,,,,,,,,,,1.0,,,,,,,,,,,,,,,,,1.0,,,,,,,,,4.0,1.0,3.0,4.0,,,38.0,,,,1.0,,,,,1.0,5.0,,,4.0,,,1.0,5.0,,,,,,,,1.0,,1.0,0.0,
LaLiga Santander,https://www.laliga.com/en-ES/player/balenziaga,390,balenziaga,Mikel Balenziaga,Balenziaga,Mikel,Balenziaga,male,1988-02-29T00:00:00+00:00,Zumárraga,76.0,177.0,False,,,ES,Athletic Club,ATH,1898-12-31T00:00:00+0000,https://assets.laliga.com/assets/2019/06/07/medium/athletic.png,24.0,Defender,https://assets.laliga.com/squad/2021/t174/p56680/512x556/p56680_t174_2021_1_001_000.png,Estadio San Mamés,https://assets.laliga.com/assets/2019/06/17/medium/f020571f7c260516dfab3b9dc5df6348.png,51.0,18.0,33.0,26.0,,,0.0,126.0,2.0,4.0,,8.0,,,7.0,,,157.0,73.0,84.0,44.0,305.0,9.0,,26.0,,,,,,23.0,22.0,1.0,,,106.0,55.0,51.0,2.0,,,0.0,42.0,21.0,8.0,,,46.0,1.0,743.0,,,,,,,,,1.0,,46.0,23.0,125.0,,,286.0,,,,,,,,,3.0,2.0,23.0,,4.0,3.0,,7.0,7.0,6.0,20.0,10.0,,33.0,573.0,308.0,291.0,559.0,9.0,24.0,38.0,,31.0,166.0,2026.0,18.0,71.0,21.0,12.0,280.0,763.0,,5.0,592.0,33.0,10.0,171.0,1272.0,,44.0,44.0,6.0,48.0,,67.0,147.0,68.0,104.0,0.0,2.0
LaLiga Santander,https://www.laliga.com/en-ES/player/merino,1592,merino,Mikel Merino,Merino,Mikel,Merino,male,1996-06-22T00:00:00+00:00,Pamplona,83.0,188.0,False,https://twitter.com/mikelmerino1,https://instagram.com/mikelmerino/,ES,Real Sociedad,RSO,1909-09-07T00:00:00+0000,https://assets.laliga.com/assets/2019/06/07/medium/real-sociedad.png,8.0,Midfielder,https://assets.laliga.com/squad/2021/t188/p195384/512x556/p195384_t188_2021_1_001_000.png,Reale Arena,https://assets.laliga.com/assets/2019/10/03/medium/b20727f80d7b4c9d5ad18acec9b663c5.png,197.0,84.0,113.0,34.0,1.0,,3.0,272.0,12.0,10.0,,14.0,,,11.0,,,532.0,257.0,275.0,86.0,660.0,37.0,2.0,34.0,,,2.0,,3.0,24.0,20.0,4.0,3.0,,335.0,173.0,162.0,2.0,,2.0,0.0,55.0,21.0,29.0,2.0,2.0,395.0,4.0,1701.0,,,1.0,,,,,,5.0,,75.0,40.0,287.0,,1.0,401.0,,,,,,,,,18.0,15.0,33.0,,7.0,1.0,,7.0,7.0,28.0,40.0,1.0,21.0,80.0,1317.0,742.0,606.0,1261.0,33.0,38.0,38.0,13.0,,3.0,2894.0,75.0,56.0,60.0,67.0,540.0,1728.0,,33.0,1341.0,71.0,91.0,387.0,2309.0,,16.0,16.0,19.0,14.0,2.0,78.0,325.0,78.0,309.0,1.0,8.0
LaLiga Santander,https://www.laliga.com/en-ES/player/oyarzabal,3861,oyarzabal,Mikel Oyarzabal,Oyarzabal,Mikel,Oyarzabal,male,1997-04-21T00:00:00+00:00,Eibar,78.0,181.0,False,https://twitter.com/mikeloyar11,https://instagram.com/mikeloyar11/,ES,Real Sociedad,RSO,1909-09-07T00:00:00+0000,https://assets.laliga.com/assets/2019/06/07/medium/real-sociedad.png,10.0,Forward,https://assets.laliga.com/squad/2021/t188/p219000/512x556/p219000_t188_2021_1_001_000.png,Reale Arena,https://assets.laliga.com/assets/2019/10/03/medium/b20727f80d7b4c9d5ad18acec9b663c5.png,57.0,35.0,22.0,22.0,3.0,5.0,5.0,148.0,13.0,2.0,,5.0,,57.0,29.0,,,200.0,112.0,88.0,48.0,126.0,10.0,,22.0,,,3.0,,9.0,22.0,19.0,3.0,8.0,1.0,143.0,77.0,66.0,1.0,2.0,,4.0,58.0,10.0,36.0,,6.0,102.0,5.0,492.0,,,,,,,5.0,4.0,2.0,,48.0,16.0,86.0,,1.0,135.0,,,,,,,,1.0,11.0,18.0,19.0,1.0,7.0,3.0,14.0,26.0,7.0,22.0,18.0,2.0,9.0,13.0,369.0,281.0,127.0,369.0,8.0,10.0,38.0,2.0,2.0,8.0,1673.0,50.0,14.0,14.0,26.0,310.0,511.0,1.0,29.0,382.0,18.0,84.0,129.0,912.0,39.0,84.0,31.0,21.0,1.0,2.0,13.0,184.0,29.0,116.0,5.0,
LaLiga Santander,https://www.laliga.com/en-ES/player/vesga,2019,vesga,Mikel Vesga,Vesga,Mikel,Vesga,male,1993-04-08T00:00:00+00:00,Vitoria,83.0,191.0,False,,,ES,Athletic Club,ATH,1898-12-31T00:00:00+0000,https://assets.laliga.com/assets/2019/06/07/medium/athletic.png,6.0,Midfielder,https://assets.laliga.com/squad/2021/t174/p197326/512x556/p197326_t174_2021_1_001_000.png,Estadio San Mamés,https://assets.laliga.com/assets/2019/06/17/medium/f020571f7c260516dfab3b9dc5df6348.png,62.0,22.0,40.0,32.0,,,1.0,82.0,3.0,5.0,,1.0,,,2.0,,,182.0,90.0,92.0,36.0,261.0,23.0,,32.0,,,,,2.0,16.0,15.0,1.0,1.0,1.0,120.0,68.0,52.0,2.0,1.0,,1.0,86.0,20.0,12.0,,1.0,153.0,,697.0,,,1.0,,,,,,2.0,,32.0,11.0,98.0,1.0,,209.0,,,,,,,,,7.0,4.0,17.0,,12.0,15.0,,3.0,3.0,9.0,25.0,6.0,3.0,45.0,540.0,330.0,221.0,503.0,13.0,14.0,38.0,1.0,,,1355.0,16.0,33.0,34.0,17.0,204.0,705.0,1.0,11.0,548.0,27.0,18.0,157.0,926.0,,9.0,9.0,6.0,14.0,,42.0,121.0,45.0,115.0,1.0,4.0
LaLiga Santander,https://www.laliga.com/en-ES/player/milutin-osmajic,12253,milutin-osmajic,Milutin Osmajic,Osmajic,Milutin,Osmajic,male,1999-07-25T00:00:00+00:00,,,186.0,False,,,ME,,,,,,,,,,,,,,,,,,,,,,,,,,,,,,,,,,,,,,,,,,,,,,,,,,,,,,,,,,,,,,,,,,,,,,,,,,,,,,,,,,,,,,,,,,,,,,,,,,,,,,,,,,,,,,,,,,,,,,,,,,,,,,,,,,,,,
LaLiga Santander,https://www.laliga.com/en-ES/player/pjanic,2506,pjanic,Miralem Pjanic,Pjanic,Miralem,Pjanic,male,1990-04-02T00:00:00+00:00,Zvornik,72.0,178.0,False,,,BA,,,,,,,,,,,,,,,,,,,,,,,,,,,,,,,,,,,,,,,,,,,,,,,,,,,,,,,,,,,,,,,,,,,,,,,,,,,,,,,,,,,,,,,,,,,,,,,,,,,,,,,,,,,,,,,,,,,,,,,,,,,,,,,,,,,,,
LaLiga Santander,https://www.laliga.com/en-ES/player/moi-gomez,92,moi-gomez,Moisés Gómez Bardonado,Moi Gómez,Moisés,Gómez Bardonado,male,1994-06-23T00:00:00+00:00,Valencia,71.0,176.0,False,https://twitter.com/moigomez7,,ES,Villarreal CF,VIL,1923-03-10T00:00:00+0000,https://assets.laliga.com/assets/2019/06/07/medium/villarreal.png,23.0,Midfielder,https://assets.laliga.com/squad/2021/t449/p109243/512x556/p109243_t449_2021_1_001_000.png,Estadio de la Cerámica,https://assets.laliga.com/assets/2019/10/03/medium/ac940b8f6681d614e337d20d5bf7f0a8.png,25.0,14.0,11.0,29.0,1.0,,2.0,153.0,5.0,,,1.0,,24.0,6.0,,,124.0,74.0,50.0,36.0,146.0,14.0,,29.0,,,2.0,,2.0,14.0,12.0,2.0,2.0,,99.0,60.0,39.0,,,,0.0,80.0,6.0,17.0,,1.0,129.0,1.0,542.0,,,,,,,,,1.0,,22.0,5.0,76.0,,1.0,129.0,,,,,,,2.0,,3.0,5.0,13.0,,9.0,16.0,5.0,11.0,6.0,13.0,19.0,,8.0,20.0,446.0,308.0,164.0,441.0,8.0,7.0,38.0,4.0,1.0,2.0,1277.0,27.0,5.0,22.0,11.0,162.0,557.0,,8.0,461.0,15.0,29.0,96.0,744.0,10.0,22.0,11.0,9.0,6.0,2.0,12.0,91.0,27.0,84.0,0.0,2.0
LaLiga Santander,https://www.laliga.com/en-ES/player/monchu,7357,monchu,Ramón Rodríguez Jiménez,Monchu,Ramón,Rodríguez Jiménez,male,1999-09-13T00:00:00+00:00,Palma de Mallorca,68.0,173.0,False,,,ES,Real Valladolid CF,VLL,1928-03-20T00:00:00+0000,https://assets.laliga.com/assets/2019/06/07/medium/valladolid.png,8.0,Midfielder,,Estadio Municipal José Zorrilla,https://assets.laliga.com/assets/2019/06/17/medium/5dfdde2dab7cf9814c6f008591a3a4b5.png,12.0,6.0,6.0,15.0,4.0,6.0,1.0,61.0,7.0,,,,,19.0,3.0,,,96.0,40.0,56.0,16.0,107.0,11.0,,15.0,,,4.0,,2.0,9.0,8.0,1.0,,2.0,84.0,34.0,50.0,1.0,,,1.0,10.0,4.0,14.0,,,92.0,,365.0,,,,,,,,,1.0,,6.0,3.0,52.0,,2.0,138.0,,,,,,,,1.0,2.0,3.0,6.0,1.0,4.0,9.0,6.0,15.0,1.0,10.0,10.0,,3.0,34.0,323.0,175.0,194.0,320.0,8.0,15.0,42.0,3.0,,,704.0,8.0,2.0,19.0,17.0,91.0,398.0,1.0,5.0,354.0,23.0,2.0,44.0,540.0,13.0,25.0,3.0,7.0,,,8.0,59.0,10.0,36.0,1.0,
LaLiga Santander,https://www.laliga.com/en-ES/player/diakhaby,4872,diakhaby,Mouctar Diakhaby,Diakhaby,Mouctar,Diakhaby,male,1996-12-19T00:00:00+00:00,Vendôme,78.0,189.0,False,https://twitter.com/Diakhaby_5,https://instagram.com/mouctar_dkh/,GN,Valencia CF,VAL,1919-03-18T00:00:00+0000,https://assets.laliga.com/assets/2019/06/07/medium/valencia.png,12.0,Defender,https://assets.laliga.com/squad/2021/t191/p208135/512x556/p208135_t191_2021_1_001_000.png,Camp de Mestalla,https://assets.laliga.com/assets/2019/06/17/medium/984682326cdbb55f5034778b7690a795.png,64.0,31.0,33.0,29.0,1.0,,0.0,48.0,2.0,17.0,,5.0,,,3.0,,,171.0,74.0,97.0,57.0,321.0,12.0,,29.0,6.0,,1.0,,,35.0,31.0,4.0,,,107.0,43.0,64.0,1.0,,,0.0,100.0,30.0,3.0,1.0,,188.0,1.0,683.0,,2.0,1.0,,,,,,4.0,,17.0,12.0,144.0,,,163.0,,,,,,,,,4.0,2.0,21.0,,4.0,8.0,,1.0,1.0,13.0,31.0,20.0,,72.0,505.0,183.0,356.0,466.0,11.0,24.0,38.0,,,1.0,1945.0,10.0,83.0,26.0,16.0,212.0,720.0,,6.0,538.0,35.0,21.0,182.0,1017.0,,4.0,4.0,6.0,61.0,,109.0,138.0,48.0,73.0,0.0,11.0
LaLiga Santander,https://www.laliga.com/en-ES/player/munir,1097,munir,Munir El-Haddadi,Munir,Munir,El-Haddadi,male,1995-09-01T00:00:00+00:00,Madrid,69.0,175.0,False,https://twitter.com/Munirhaddadi,,MA,Sevilla FC,SEV,1905-10-14T00:00:00+0000,https://assets.laliga.com/assets/2019/06/07/medium/sevilla.png,11.0,Forward,https://assets.laliga.com/squad/2021/t179/p170864/512x556/p170864_t179_2021_1_001_000.png,Ramón Sánchez-Pizjuán,https://assets.laliga.com/assets/2021/01/20/medium/5a52ab192cd4e4b1cc3e3a752d99c4e8.png,24.0,16.0,8.0,16.0,,,0.0,36.0,3.0,1.0,,,,,1.0,,,75.0,44.0,31.0,15.0,29.0,5.0,,16.0,,,,,2.0,6.0,5.0,1.0,1.0,1.0,51.0,28.0,23.0,,,,2.0,47.0,5.0,7.0,,2.0,24.0,3.0,124.0,,,,,,,,,,,11.0,6.0,23.0,,,35.0,,,,,,,,,2.0,7.0,4.0,,4.0,12.0,,2.0,2.0,2.0,8.0,1.0,4.0,3.0,98.0,72.0,28.0,95.0,4.0,4.0,38.0,,,2.0,468.0,15.0,2.0,7.0,13.0,63.0,124.0,,9.0,98.0,8.0,17.0,26.0,227.0,,4.0,4.0,6.0,,,,21.0,9.0,26.0,2.0,3.0
LaLiga Santander,https://www.laliga.com/en-ES/player/myrto-uzuni,15713,myrto-uzuni,Myrto Uzuni,Uzuni,Myrto,Uzuni,male,1995-05-31T00:00:00+00:00,,,,False,,,AL,Granada CF,GRA,1931-01-01T00:00:00+0000,https://assets.laliga.com/assets/2019/06/07/medium/granada.png,24.0,Midfielder,https://assets.laliga.com/squad/2021/t5683/p174816/512x556/p174816_t5683_2021_1_001_000.png,Nuevo Los Cármenes,https://assets.laliga.com/assets/2019/08/07/medium/4de53714b029bf44d86c53bd0d6835d3.png,20.0,14.0,6.0,15.0,1.0,,1.0,44.0,,1.0,,,,3.0,2.0,,,84.0,50.0,34.0,17.0,57.0,5.0,,15.0,,,1.0,,1.0,19.0,18.0,1.0,1.0,,64.0,36.0,28.0,1.0,,1.0,0.0,20.0,10.0,6.0,,1.0,40.0,8.0,186.0,,,1.0,,,,,,4.0,,24.0,12.0,55.0,,,47.0,,,,,,,,,9.0,2.0,9.0,,7.0,6.0,2.0,4.0,2.0,9.0,6.0,1.0,4.0,6.0,133.0,93.0,45.0,128.0,3.0,4.0,38.0,,4.0,7.0,857.0,22.0,7.0,13.0,12.0,125.0,188.0,,11.0,134.0,7.0,31.0,54.0,369.0,1.0,11.0,10.0,13.0,4.0,,7.0,48.0,17.0,47.0,0.0,4.0
LaLiga Santander,https://www.laliga.com/en-ES/player/fekir,5383,fekir,Nabil Fekir,Fekir,Nabil,Fekir,male,1993-07-18T00:00:00+00:00,Lyon,72.0,173.0,True,,,FR,Real Betis,BET,1907-09-12T00:00:00+0000,https://assets.laliga.com/assets/2019/06/07/medium/betis.png,8.0,Forward,https://assets.laliga.com/squad/2021/t185/p166552/512x556/p166552_t185_2021_1_001_000.png,Estadio Benito Villamarín,https://assets.laliga.com/assets/2019/06/17/medium/f211dabccff68741a75d175307d78f59.png,74.0,48.0,26.0,34.0,7.0,11.0,4.0,261.0,29.0,,,2.0,,133.0,35.0,,,506.0,263.0,243.0,104.0,377.0,39.0,,34.0,,,8.0,,6.0,32.0,29.0,3.0,4.0,2.0,432.0,215.0,217.0,,,5.0,2.0,77.0,7.0,76.0,,5.0,358.0,9.0,1224.0,,,,,,,,,2.0,,45.0,14.0,106.0,,1.0,322.0,,,,,,,2.0,1.0,23.0,32.0,33.0,1.0,17.0,1.0,36.0,60.0,17.0,82.0,41.0,1.0,34.0,45.0,1050.0,935.0,264.0,1094.0,14.0,29.0,38.0,9.0,,8.0,2807.0,122.0,4.0,65.0,92.0,529.0,1318.0,1.0,55.0,1139.0,43.0,138.0,179.0,2134.0,69.0,113.0,38.0,41.0,,3.0,17.0,261.0,31.0,162.0,0.0,7.0
LaLiga Santander,https://www.laliga.com/en-ES/player/nacho,60,nacho,Jose Ignacio Fernandez Iglesias,Nacho,Jose Ignacio,Fernandez Iglesias,male,1990-01-18T00:00:00+00:00,Madrid,76.0,180.0,True,https://twitter.com/nachofi1990,https://instagram.com/nachofdez90,ES,Real Madrid,RMA,1902-03-06T00:00:00+0000,https://assets.laliga.com/assets/2019/06/07/medium/real-madrid.png,6.0,Defender,https://assets.laliga.com/squad/2021/t186/p88477/512x556/p88477_t186_2021_1_001_000.png,Estadio Santiago Bernabéu,https://assets.laliga.com/assets/2019/06/08/medium/e6695a8184f41deea3ad87dd9c12ab1f.png,47.0,19.0,28.0,28.0,,,3.0,85.0,3.0,15.0,,4.0,,,2.0,,,108.0,47.0,61.0,34.0,344.0,11.0,,28.0,10.0,,,,3.0,19.0,17.0,2.0,3.0,,61.0,28.0,33.0,,,,0.0,46.0,34.0,8.0,1.0,,260.0,,959.0,,,,,,,,,2.0,,13.0,7.0,95.0,,3.0,303.0,,,,,,,,,3.0,4.0,17.0,,3.0,11.0,,2.0,2.0,2.0,25.0,3.0,,31.0,891.0,315.0,610.0,892.0,4.0,14.0,38.0,,5.0,37.0,1549.0,3.0,49.0,15.0,13.0,95.0,992.0,,7.0,923.0,18.0,13.0,69.0,1224.0,,9.0,9.0,2.0,15.0,,23.0,41.0,37.0,46.0,2.0,7.0
LaLiga Santander,https://www.laliga.com/en-ES/player/nacho-quintana,24684,nacho-quintana,Ignacio Quintana Navarro,N. Quintana,Ignacio,Quintana Navarro,male,2001-02-23T00:00:00+00:00,Seseña,,178.0,False,,,ES,Sevilla FC,SEV,1905-10-14T00:00:00+0000,https://assets.laliga.com/assets/2019/06/07/medium/sevilla.png,43.0,Midfielder,https://assets.laliga.com/squad/2021/t179/p493084/512x556/p493084_t179_2021_1_001_000.png,Ramón Sánchez-Pizjuán,https://assets.laliga.com/assets/2021/01/20/medium/5a52ab192cd4e4b1cc3e3a752d99c4e8.png,,,,,,,,,,,,,,,,,,,,,,,,,,,,,,,,,,,,,,,,,,,,,,,,,,,,,,,,,,,,,,,,,,,,,,,,,,,,,,,,,,,,,,,,,,,,,,,38.0,,,,,,,,,,,,,,,,,,,,,,,,,,,,,
LaLiga Santander,https://www.laliga.com/en-ES/player/nacho-vidal,6014,nacho-vidal,Ignacio Vidal Miralles,Nacho Vidal,Ignacio,Vidal Miralles,male,1995-01-24T00:00:00+00:00,Campello,75.0,180.0,False,,,ES,CA Osasuna,OSA,1920-11-17T00:00:00+0000,https://assets.laliga.com/assets/2019/06/07/medium/osasuna.png,2.0,Defender,https://assets.laliga.com/squad/2021/t450/p230598/512x556/p230598_t450_2021_1_001_000.png,Estadio El Sadar,https://assets.laliga.com/assets/2021/01/20/medium/c1b35f03ff875a4a12c7dcbd477d964a.png,106.0,35.0,71.0,35.0,1.0,,0.0,150.0,9.0,14.0,,10.0,,,9.0,,,361.0,153.0,208.0,56.0,532.0,37.0,1.0,35.0,,,1.0,,,40.0,37.0,3.0,,,255.0,118.0,137.0,1.0,,,0.0,38.0,58.0,20.0,,,335.0,3.0,1072.0,,,2.0,,,,,,4.0,,58.0,18.0,170.0,,,71.0,,,,,,,1.0,,11.0,1.0,33.0,,6.0,2.0,,11.0,10.0,23.0,31.0,14.0,,73.0,757.0,427.0,356.0,699.0,36.0,47.0,38.0,1.0,62.0,286.0,2906.0,34.0,71.0,48.0,33.0,530.0,1088.0,,12.0,772.0,83.0,34.0,316.0,2015.0,,60.0,60.0,25.0,55.0,,94.0,267.0,109.0,222.0,0.0,9.0
LaLiga Santander,https://www.laliga.com/en-ES/player/nahuel-tenaglia,25476,nahuel-tenaglia,Nahuel Tenaglia,N. Tenaglia,Nahuel,Tenaglia,male,1996-02-21T00:00:00+00:00,Saladillo,73.0,180.0,False,,,AR,Deportivo Alavés,ALA,1921-01-23T00:00:00+0000,https://assets.laliga.com/assets/2020/09/01/medium/27002754a98bf535807fe49a24cc63ea.png,2.0,Defender,https://assets.laliga.com/squad/2021/t173/p432855/512x556/p432855_t173_2021_1_001_000.png,Mendizorroza,https://assets.laliga.com/assets/2019/06/17/medium/6b906780ba96aa6689192fb9afcaac6b.png,42.0,19.0,23.0,14.0,,,0.0,38.0,2.0,2.0,,2.0,,,3.0,,,130.0,50.0,80.0,32.0,210.0,8.0,,14.0,,,,,,21.0,18.0,3.0,,,88.0,31.0,57.0,,,,0.0,56.0,26.0,3.0,,,84.0,,345.0,,,1.0,,,,,,4.0,,22.0,8.0,67.0,,,15.0,,,,,,,,,3.0,1.0,12.0,,2.0,2.0,,3.0,3.0,7.0,18.0,12.0,,25.0,207.0,111.0,100.0,183.0,15.0,27.0,38.0,,20.0,94.0,1072.0,10.0,35.0,8.0,8.0,206.0,347.0,,4.0,208.0,42.0,7.0,139.0,668.0,,21.0,21.0,4.0,28.0,,56.0,113.0,47.0,83.0,0.0,2.0
LaLiga Santander,https://www.laliga.com/en-ES/player/nehuen,8630,nehuen,Nehuen Pérez,Nehuen,Nehuen,Pérez,male,2000-06-24T00:00:00+00:00,Hurlingham,75.0,185.0,False,,,AR,Udinese,UDI,,https://assets.laliga.com/assets/2021/03/11/medium/ec77edd47bf54a7be9e1d2851fd183a8.png,2.0,Defender,,Dacia Arena,,66.0,36.0,30.0,20.0,1.0,,0.0,64.0,3.0,9.0,,2.0,1.0,,4.0,,,175.0,87.0,88.0,58.0,307.0,20.0,,20.0,4.0,,1.0,,,32.0,31.0,1.0,,,109.0,51.0,58.0,,,,0.0,23.0,21.0,5.0,,,139.0,,628.0,,,1.0,,,,,,1.0,,28.0,18.0,104.0,,,153.0,,,,,,,,,6.0,1.0,19.0,,4.0,1.0,,,,7.0,22.0,5.0,,50.0,486.0,188.0,328.0,466.0,23.0,21.0,38.0,,29.0,77.0,1695.0,12.0,43.0,30.0,9.0,208.0,663.0,,7.0,516.0,44.0,21.0,147.0,999.0,,2.0,2.0,8.0,24.0,,64.0,88.0,61.0,83.0,0.0,6.0
LaLiga Santander,https://www.laliga.com/en-ES/player/gudelj,3242,gudelj,Nemanja Gudelj,Gudelj,Nemanja,Gudelj,male,1991-11-16T00:00:00+00:00,Belgrade,81.0,187.0,False,,,RS,Sevilla FC,SEV,1905-10-14T00:00:00+0000,https://assets.laliga.com/assets/2019/06/07/medium/sevilla.png,6.0,Midfielder,https://assets.laliga.com/squad/2021/t179/p72154/512x556/p72154_t179_2021_1_001_000.png,Ramón Sánchez-Pizjuán,https://assets.laliga.com/assets/2021/01/20/medium/5a52ab192cd4e4b1cc3e3a752d99c4e8.png,37.0,8.0,29.0,21.0,,1.0,0.0,77.0,,9.0,,4.0,,,,,,82.0,28.0,54.0,33.0,187.0,11.0,,21.0,,,,,,9.0,7.0,2.0,,,45.0,20.0,25.0,,,,0.0,100.0,22.0,2.0,,,228.0,,655.0,,,,,,,,,,,11.0,5.0,73.0,,,179.0,,,,,,,,,3.0,1.0,9.0,,4.0,12.0,,,,,18.0,2.0,,22.0,584.0,166.0,433.0,577.0,9.0,7.0,38.0,,,3.0,1040.0,2.0,36.0,15.0,9.0,82.0,671.0,,4.0,599.0,16.0,3.0,72.0,806.0,,,,,11.0,,26.0,34.0,38.0,46.0,0.0,5.0
LaLiga Santander,https://www.laliga.com/en-ES/player/maksimovic,2548,maksimovic,Nemanja Maksimovic,Maksimovic,Nemanja,Maksimovic,male,1995-01-26T00:00:00+00:00,Banja Koviljaca,78.0,189.0,True,,https://instagram.com/nemanjamaksimovic6/,RS,Getafe CF,GET,1983-03-30T00:00:00+0000,https://assets.laliga.com/assets/2019/06/07/medium/getafe.png,20.0,Midfielder,https://assets.laliga.com/squad/2021/t1450/p198499/512x556/p198499_t1450_2021_1_001_000.png,Coliseum Alfonso Pérez,https://assets.laliga.com/assets/2019/06/17/medium/b881ba5a6846e7ccdbc3a6a75a2c5e69.png,89.0,42.0,47.0,35.0,1.0,,0.0,176.0,9.0,13.0,,8.0,,1.0,8.0,,,228.0,102.0,126.0,81.0,254.0,6.0,,35.0,,,1.0,,1.0,37.0,36.0,1.0,1.0,,139.0,60.0,79.0,1.0,,,1.0,27.0,71.0,18.0,,,178.0,,823.0,,,,,,,,,2.0,,41.0,29.0,143.0,,1.0,226.0,,,,,,,,,17.0,5.0,34.0,,8.0,1.0,,2.0,2.0,10.0,42.0,7.0,5.0,31.0,637.0,346.0,304.0,617.0,24.0,32.0,38.0,1.0,,11.0,2943.0,17.0,33.0,13.0,13.0,248.0,834.0,,22.0,648.0,56.0,61.0,186.0,1247.0,,11.0,11.0,6.0,25.0,,40.0,147.0,50.0,146.0,1.0,4.0
LaLiga Santander,https://www.laliga.com/en-ES/player/radoja,1546,radoja,Nemanja Radoja,Radoja,Nemanja,Radoja,male,1993-02-06T00:00:00+00:00,Novi Sad,77.0,186.0,False,,,RS,Levante UD,LEV,1909-09-07T00:00:00+0000,https://assets.laliga.com/assets/2019/06/07/medium/levante.png,5.0,Midfielder,https://assets.laliga.com/squad/2021/t855/p100263/512x556/p100263_t855_2021_1_001_000.png,Estadio Ciutat de València,https://assets.laliga.com/assets/2021/07/21/medium/ae79ef9d1c26baf8602706ba1acef94b.png,31.0,13.0,18.0,19.0,,,0.0,76.0,2.0,9.0,,2.0,,,3.0,,,133.0,66.0,67.0,44.0,125.0,13.0,1.0,19.0,,,,,,27.0,26.0,1.0,,,102.0,53.0,49.0,,,,0.0,21.0,22.0,7.0,,,114.0,,446.0,,,1.0,,,,,,2.0,,21.0,7.0,80.0,,,139.0,,,,,,,1.0,,2.0,1.0,17.0,,12.0,2.0,,1.0,1.0,11.0,25.0,2.0,9.0,20.0,375.0,156.0,227.0,362.0,17.0,8.0,38.0,,,1.0,1222.0,25.0,15.0,16.0,13.0,124.0,454.0,,3.0,382.0,25.0,10.0,72.0,648.0,,4.0,4.0,5.0,6.0,,14.0,47.0,29.0,58.0,0.0,3.0
LaLiga Santander,https://www.laliga.com/en-ES/player/neto,2681,neto,Norberto Murara Neto,Neto,Norberto,Murara Neto,male,1989-07-19T00:00:00+00:00,Araxá,84.0,190.0,True,https://twitter.com/Neto_Murara,https://instagram.com/netoomurara/,BR,FC Barcelona,BAR,1899-11-29T00:00:00+0000,https://assets.laliga.com/assets/2019/06/07/medium/barcelona.png,13.0,Goalkeeper,https://assets.laliga.com/squad/2021/t178/p69752/512x556/p69752_t178_2021_1_001_000.png,Camp Nou,https://assets.laliga.com/assets/2019/06/17/medium/0623ce55ec3ee4e439ed6d24fe2ba77b.png,,,,3.0,,,0.0,,,,,,,,1.0,,,,,,,58.0,,,3.0,38.0,4.0,,,,4.0,3.0,1.0,,,,,,,,,0.0,60.0,,1.0,,,37.0,,82.0,,,,,,,,,,1.0,,,26.0,,,17.0,,10.0,,4.0,6.0,1.0,,,,,3.0,,,,,,,,,3.0,,32.0,62.0,10.0,79.0,57.0,,,38.0,,,,270.0,,3.0,,,24.0,112.0,,,89.0,,,23.0,144.0,,,,,4.0,,18.0,15.0,8.0,5.0,0.0,
LaLiga Santander,https://www.laliga.com/en-ES/player/nicolas-gonzalez-1,22799,nicolas-gonzalez-1,Nicolás González Iglesias,Nico,Nicolás,González Iglesias,male,2002-01-03T00:00:00+00:00,,85.0,188.0,False,,,ES,FC Barcelona,BAR,1899-11-29T00:00:00+0000,https://assets.laliga.com/assets/2019/06/07/medium/barcelona.png,14.0,Midfielder,https://assets.laliga.com/squad/2021/t178/p465694/512x556/p465694_t178_2021_1_001_000.png,Camp Nou,https://assets.laliga.com/assets/2019/06/17/medium/0623ce55ec3ee4e439ed6d24fe2ba77b.png,18.0,13.0,5.0,27.0,,,1.0,129.0,6.0,,,1.0,,,7.0,,,181.0,92.0,89.0,38.0,150.0,27.0,,27.0,,,1.0,,2.0,10.0,9.0,1.0,2.0,,163.0,79.0,84.0,2.0,,,1.0,100.0,6.0,12.0,,,199.0,1.0,663.0,,,,,,,,,1.0,,22.0,12.0,66.0,,2.0,195.0,,,,,,,,,7.0,4.0,12.0,,10.0,15.0,,2.0,2.0,34.0,18.0,,17.0,12.0,596.0,416.0,192.0,594.0,11.0,20.0,38.0,3.0,,3.0,1109.0,28.0,12.0,37.0,19.0,141.0,673.0,,11.0,606.0,31.0,28.0,67.0,907.0,,5.0,5.0,9.0,2.0,1.0,7.0,55.0,17.0,60.0,1.0,6.0
LaLiga Santander,https://www.laliga.com/en-ES/player/williams-jr,16889,williams-jr,Nicholas Williams,Williams Jr,Nicholas,Williams,male,2002-02-17T00:00:00+00:00,Pamplona,,,False,,,ES,Athletic Club,ATH,1898-12-31T00:00:00+0000,https://assets.laliga.com/assets/2019/06/07/medium/athletic.png,30.0,Forward,https://assets.laliga.com/squad/2021/t174/p523654/512x556/p523654_t174_2021_1_001_000.png,Estadio San Mamés,https://assets.laliga.com/assets/2019/06/17/medium/f020571f7c260516dfab3b9dc5df6348.png,21.0,11.0,10.0,34.0,,,0.0,142.0,13.0,2.0,,,,4.0,19.0,,,225.0,128.0,97.0,39.0,73.0,12.0,1.0,34.0,,,,,,15.0,14.0,1.0,,,204.0,117.0,87.0,2.0,,,0.0,96.0,5.0,16.0,,,129.0,10.0,386.0,,,,,,,,,1.0,,32.0,16.0,85.0,,,45.0,,,,,,,,,10.0,10.0,11.0,,10.0,23.0,,7.0,7.0,44.0,14.0,1.0,10.0,6.0,301.0,227.0,84.0,298.0,10.0,10.0,38.0,1.0,,4.0,1325.0,74.0,8.0,24.0,23.0,263.0,389.0,,20.0,304.0,20.0,90.0,85.0,782.0,1.0,51.0,50.0,46.0,5.0,4.0,9.0,111.0,25.0,76.0,0.0,4.0
LaLiga Santander,https://www.laliga.com/en-ES/player/n-jackson,15071,n-jackson,Nicolas Jackson,N.jackson,Nicolas,Jackson,male,2001-06-20T00:00:00+00:00,,,186.0,False,,,SN,Villarreal CF,VIL,1923-03-10T00:00:00+0000,https://assets.laliga.com/assets/2019/06/07/medium/villarreal.png,26.0,Forward,,Estadio de la Cerámica,https://assets.laliga.com/assets/2019/10/03/medium/ac940b8f6681d614e337d20d5bf7f0a8.png,19.0,6.0,13.0,9.0,,,0.0,20.0,2.0,,,,,,1.0,,,40.0,16.0,24.0,7.0,6.0,1.0,1.0,9.0,,,,,,3.0,3.0,,,,21.0,10.0,11.0,,,,0.0,100.0,1.0,3.0,,,9.0,1.0,48.0,,,,,,,,,,,3.0,,6.0,,,15.0,,,,,,,,,2.0,1.0,,,,9.0,,,,4.0,2.0,,4.0,,36.0,29.0,9.0,38.0,2.0,,38.0,,,,158.0,8.0,1.0,2.0,5.0,30.0,50.0,,3.0,38.0,2.0,18.0,12.0,93.0,,1.0,1.0,2.0,,1.0,1.0,12.0,1.0,11.0,0.0,1.0
LaLiga Santander,https://www.laliga.com/en-ES/player/nico-m-r,12140,nico-m-r,Nicolás Melamed,Nico M.r.,Nicolás,Melamed,male,2001-04-11T00:00:00+00:00,Castelldefels,,173.0,False,,,ES,RCD Espanyol de Barcelona,ESP,1900-10-23T00:00:00+0000,https://assets.laliga.com/assets/2019/06/07/medium/espanyol.png,21.0,Forward,https://assets.laliga.com/squad/2021/t177/p488401/512x556/p488401_t177_2021_1_001_000.png,RCDE Stadium,https://assets.laliga.com/assets/2019/06/17/medium/306cc02af120e092849ddf38954bcb3e.png,46.0,36.0,10.0,31.0,,,0.0,109.0,7.0,2.0,,,,7.0,5.0,,,202.0,119.0,83.0,33.0,95.0,15.0,,31.0,,,,,2.0,14.0,14.0,,1.0,1.0,156.0,83.0,73.0,,,,2.0,35.0,7.0,13.0,,,65.0,3.0,407.0,,,,,,,,,,,14.0,12.0,49.0,1.0,2.0,143.0,,,,,,,,,9.0,4.0,7.0,,7.0,24.0,2.0,6.0,3.0,23.0,18.0,,4.0,18.0,356.0,238.0,129.0,343.0,9.0,6.0,38.0,1.0,2.0,1.0,1098.0,34.0,3.0,26.0,36.0,135.0,412.0,1.0,13.0,361.0,15.0,35.0,51.0,648.0,3.0,10.0,7.0,16.0,3.0,,9.0,46.0,15.0,42.0,0.0,3.0
LaLiga Santander,https://www.laliga.com/en-ES/player/nicolas-serrano,22798,nicolas-serrano,Nicolás Serrano,Nico Serrano,Nicolás,Serrano,male,2003-03-05T00:00:00+00:00,Pamplona,,,False,,,ES,Athletic Club,ATH,1898-12-31T00:00:00+0000,https://assets.laliga.com/assets/2019/06/07/medium/athletic.png,33.0,Forward,https://assets.laliga.com/squad/2021/t174/p494929/512x556/p494929_t174_2021_1_001_000.png,Estadio San Mamés,https://assets.laliga.com/assets/2019/06/17/medium/f020571f7c260516dfab3b9dc5df6348.png,9.0,8.0,1.0,14.0,,,1.0,27.0,3.0,1.0,,,,5.0,3.0,,,48.0,28.0,20.0,11.0,19.0,5.0,,14.0,,,,,1.0,6.0,6.0,,1.0,,39.0,20.0,19.0,,,,0.0,96.0,2.0,3.0,,1.0,20.0,1.0,100.0,,,,,,,,,,,12.0,4.0,26.0,,,37.0,,,,,,,,,2.0,4.0,3.0,,2.0,11.0,1.0,4.0,3.0,4.0,6.0,,,1.0,78.0,53.0,31.0,79.0,3.0,6.0,38.0,,,2.0,308.0,5.0,1.0,8.0,6.0,64.0,103.0,,6.0,80.0,9.0,11.0,23.0,199.0,4.0,18.0,13.0,3.0,1.0,,4.0,35.0,6.0,19.0,1.0,
LaLiga Santander,https://www.laliga.com/en-ES/player/nikita-iosifov,15178,nikita-iosifov,Nikita Iosifov,Nikita,Nikita,Iosifov,male,2001-04-11T00:00:00+00:00,Tambov,,,False,,,RU,Villarreal CF,VIL,1923-03-10T00:00:00+0000,https://assets.laliga.com/assets/2019/06/07/medium/villarreal.png,28.0,Midfielder,https://assets.laliga.com/squad/2021/t449/p465168/512x556/p465168_t449_2021_1_001_000.png,Estadio de la Cerámica,https://assets.laliga.com/assets/2019/10/03/medium/ac940b8f6681d614e337d20d5bf7f0a8.png,,,,1.0,,,0.0,1.0,,,,,,,,,,1.0,,1.0,,1.0,,,1.0,,,,,,,,,,,1.0,,1.0,,,,0.0,100.0,,,,,,,2.0,,,,,,,,,,,,,,,,,,,,,,,,,,,,,,1.0,,,,1.0,,,,,2.0,2.0,,2.0,,,38.0,,,,1.0,,,,,2.0,2.0,,,2.0,,1.0,,5.0,,2.0,2.0,,,,,2.0,,,0.0,
LaLiga Santander,https://www.laliga.com/en-ES/player/maras,12723,maras,Nikola Maras,Maras,Nikola,Maras,male,1995-12-19T00:00:00+00:00,Belgrad,79.0,189.0,False,,,RS,Rayo Vallecano,RAY,1924-05-20T00:00:00+0000,https://assets.laliga.com/assets/2019/06/07/medium/rayo.png,2.0,Defender,https://assets.laliga.com/squad/2021/t184/p175642/512x556/p175642_t184_2021_1_001_000.png,Estadio de Vallecas,https://assets.laliga.com/assets/2019/08/12/medium/b86a37d70be8931c079066cc8c48817f.png,57.0,27.0,30.0,16.0,,,0.0,29.0,,13.0,,3.0,,,,,,90.0,43.0,47.0,10.0,179.0,5.0,,16.0,,,,,,18.0,15.0,3.0,,,33.0,16.0,17.0,1.0,,,0.0,23.0,15.0,3.0,,,148.0,,441.0,,,,,,,,,2.0,,6.0,4.0,37.0,,,99.0,,,,,,,,,1.0,,11.0,,2.0,5.0,,,,1.0,6.0,5.0,,21.0,359.0,97.0,272.0,348.0,4.0,9.0,38.0,,,1.0,1041.0,,50.0,11.0,4.0,92.0,455.0,,1.0,369.0,13.0,10.0,86.0,580.0,,,,,14.0,,35.0,57.0,29.0,51.0,0.0,4.0
LaLiga Santander,https://www.laliga.com/en-ES/player/vukcevic,3499,vukcevic,Nikola Vukcevic,Vukcevic,Nikola,Vukcevic,male,1991-12-13T00:00:00+00:00,Podgorica,76.0,184.0,False,,,ME,Levante UD,LEV,1909-09-07T00:00:00+0000,https://assets.laliga.com/assets/2019/06/07/medium/levante.png,17.0,Midfielder,https://assets.laliga.com/squad/2021/t855/p96093/512x556/p96093_t855_2021_1_001_000.png,Estadio Ciutat de València,https://assets.laliga.com/assets/2021/07/21/medium/ae79ef9d1c26baf8602706ba1acef94b.png,8.0,2.0,6.0,6.0,,,0.0,11.0,,,,,,,,,,17.0,6.0,11.0,5.0,22.0,2.0,,6.0,,,,,,3.0,2.0,1.0,,,9.0,4.0,5.0,,,,0.0,46.0,2.0,2.0,,,17.0,,72.0,,,,,,,,,,,5.0,2.0,13.0,,,23.0,,,,,,,,,1.0,,,,,6.0,,,,1.0,3.0,,1.0,,59.0,27.0,33.0,60.0,1.0,2.0,38.0,,,,113.0,,1.0,4.0,1.0,15.0,73.0,,1.0,60.0,3.0,,13.0,93.0,,,,,2.0,,4.0,7.0,6.0,9.0,0.0,1.0
LaLiga Santander,https://www.laliga.com/en-ES/player/njegos-petrovic,12576,njegos-petrovic,Njegos Petrovic,Nj. Petrovic,Njegos,Petrovic,male,1999-07-18T00:00:00+00:00,Krupanj,,185.0,False,,,RS,Granada CF,GRA,1931-01-01T00:00:00+0000,https://assets.laliga.com/assets/2019/06/07/medium/granada.png,18.0,Midfielder,https://assets.laliga.com/squad/2021/t5683/p241645/512x556/p241645_t5683_2021_1_001_000.png,Nuevo Los Cármenes,https://assets.laliga.com/assets/2019/08/07/medium/4de53714b029bf44d86c53bd0d6835d3.png,32.0,20.0,12.0,15.0,,,0.0,49.0,3.0,4.0,,1.0,,,1.0,,,107.0,49.0,58.0,23.0,120.0,8.0,,15.0,,,1.0,,,23.0,21.0,2.0,,,75.0,29.0,46.0,,,,0.0,77.0,9.0,2.0,,,79.0,1.0,327.0,,,,,,,,,3.0,,22.0,12.0,57.0,,,82.0,,,,,,,,,3.0,2.0,10.0,,5.0,5.0,,,,10.0,15.0,3.0,1.0,14.0,262.0,131.0,133.0,250.0,13.0,11.0,38.0,1.0,,2.0,917.0,12.0,11.0,11.0,14.0,99.0,330.0,,5.0,264.0,24.0,7.0,66.0,482.0,,5.0,5.0,6.0,2.0,,6.0,52.0,19.0,60.0,0.0,5.0
LaLiga Santander,https://www.laliga.com/en-ES/player/nolito,604,nolito,Manuel Agudo Durán,Nolito,Manuel,Agudo Durán,male,1986-10-15T00:00:00+00:00,Sanlúcar de Barrameda,65.0,175.0,False,,https://instagram.com/nolitoo10,ES,RC Celta,CEL,1923-08-23T00:00:00+0000,https://assets.laliga.com/assets/2019/06/07/medium/celta.png,9.0,Forward,https://assets.laliga.com/squad/2021/t176/p86173/512x556/p86173_t176_2021_1_001_000.png,Estadio ABANCA Balaídos,https://assets.laliga.com/assets/2019/06/17/medium/0aef263ef366bd0b81369408adb27cd6.png,25.0,13.0,12.0,32.0,,1.0,0.0,99.0,4.0,1.0,,,,5.0,6.0,,,155.0,94.0,61.0,33.0,159.0,13.0,,32.0,,,,,2.0,20.0,15.0,5.0,2.0,,130.0,81.0,49.0,4.0,1.0,,2.0,25.0,9.0,15.0,,1.0,42.0,6.0,521.0,,,1.0,,,,,,3.0,,32.0,19.0,75.0,,,228.0,,,,,,,,,7.0,9.0,15.0,,14.0,17.0,,2.0,2.0,13.0,15.0,1.0,8.0,26.0,405.0,263.0,151.0,386.0,10.0,15.0,38.0,5.0,1.0,4.0,1382.0,30.0,2.0,21.0,11.0,193.0,528.0,,16.0,412.0,25.0,42.0,116.0,764.0,4.0,16.0,11.0,9.0,6.0,1.0,16.0,114.0,18.0,100.0,0.0,1.0
LaLiga Santander,https://www.laliga.com/en-ES/player/djouahra,9224,djouahra,Näis Djouahra,Djouahra,Näis,Djouahra,male,1999-11-23T00:00:00+00:00,Bourgoin-Jallieu,67.0,171.0,False,,,FR,R. Sociedad B,RSOB,1909-09-07T00:00:00+0000,https://assets.laliga.com/assets/2019/06/07/medium/real-sociedad.png,21.0,Midfielder,https://assets.laliga.com/squad/2021/t3567/p466464/512x556/p466464_t3567_2021_1_001_000.png,Zubieta,,18.0,16.0,2.0,19.0,,1.0,0.0,55.0,2.0,3.0,,,,26.0,11.0,,,136.0,82.0,54.0,12.0,75.0,4.0,,19.0,,,,,,15.0,14.0,1.0,,,118.0,66.0,52.0,2.0,,2.0,0.0,10.0,7.0,21.0,,,75.0,1.0,234.0,,,,,,,,,,,17.0,9.0,38.0,,,44.0,,,,,,,1.0,,7.0,3.0,11.0,,9.0,8.0,5.0,18.0,9.0,30.0,6.0,1.0,1.0,4.0,171.0,151.0,47.0,176.0,4.0,10.0,42.0,,3.0,11.0,1009.0,48.0,6.0,8.0,8.0,204.0,249.0,,10.0,180.0,14.0,14.0,69.0,530.0,15.0,58.0,39.0,35.0,6.0,1.0,12.0,110.0,17.0,57.0,0.0,
LaLiga Santander,https://www.laliga.com/en-ES/player/nestor-4,8048,nestor-4,Néstor Araújo,Nestor,Néstor,Araújo,male,1991-08-29T00:00:00+00:00,Guadalajara,87.0,188.0,True,https://twitter.com/Nestor_14Araujo,https://instagram.com/nestoraraujo14/,MX,RC Celta,CEL,1923-08-23T00:00:00+0000,https://assets.laliga.com/assets/2019/06/07/medium/celta.png,4.0,Defender,https://assets.laliga.com/squad/2021/t176/p100868/512x556/p100868_t176_2021_1_001_000.png,Estadio ABANCA Balaídos,https://assets.laliga.com/assets/2019/06/17/medium/0aef263ef366bd0b81369408adb27cd6.png,114.0,50.0,64.0,34.0,,,0.0,145.0,1.0,10.0,,9.0,1.0,,4.0,,,186.0,86.0,100.0,47.0,462.0,6.0,,34.0,,,,,,30.0,27.0,3.0,,,72.0,36.0,36.0,,,,0.0,45.0,27.0,2.0,1.0,,445.0,,1506.0,,1.0,,,,,,,2.0,,15.0,7.0,160.0,,,492.0,,,,,,,,,6.0,1.0,29.0,,5.0,5.0,,1.0,1.0,5.0,20.0,9.0,,88.0,1289.0,329.0,994.0,1234.0,8.0,14.0,38.0,,,3.0,2617.0,7.0,102.0,19.0,10.0,247.0,1544.0,,7.0,1322.0,22.0,14.0,222.0,1813.0,,2.0,2.0,3.0,46.0,,105.0,154.0,70.0,117.0,0.0,4.0
LaLiga Santander,https://www.laliga.com/en-ES/player/oier,3,oier,Oier Olazábal,Oier,Oier,Olazábal,male,1989-09-14T00:00:00+00:00,Irún,86.0,190.0,False,,https://instagram.com/oierolazabal,ES,RCD Espanyol de Barcelona,ESP,1900-10-23T00:00:00+0000,https://assets.laliga.com/assets/2019/06/07/medium/espanyol.png,1.0,Goalkeeper,https://assets.laliga.com/squad/2021/t177/p49442/512x556/p49442_t177_2021_1_001_000.png,RCDE Stadium,https://assets.laliga.com/assets/2019/06/17/medium/306cc02af120e092849ddf38954bcb3e.png,1.0,,1.0,2.0,,,0.0,,,,1.0,,,,,,2.0,1.0,,1.0,,32.0,,,2.0,10.0,5.0,,,,1.0,1.0,,,,,,,,,,0.0,85.0,,,,,2.0,,15.0,,,,1.0,,,,,1.0,,,,15.0,,,4.0,,8.0,,6.0,2.0,2.0,,,,,1.0,,,1.0,,,,,,3.0,,9.0,10.0,6.0,13.0,10.0,,,38.0,,,,135.0,,,,,19.0,38.0,,,19.0,,,19.0,54.0,,,,,6.0,,19.0,17.0,2.0,,0.0,
LaLiga Santander,https://www.laliga.com/en-ES/player/oier-1,447,oier-1,Oier Sanjurjo,Oier,Oier,Sanjurjo,male,1986-05-25T00:00:00+00:00,Estella,72.0,178.0,False,,,ES,CA Osasuna,OSA,1920-11-17T00:00:00+0000,https://assets.laliga.com/assets/2019/06/07/medium/osasuna.png,6.0,Midfielder,https://assets.laliga.com/squad/2021/t450/p56916/512x556/p56916_t450_2021_1_001_000.png,Estadio El Sadar,https://assets.laliga.com/assets/2021/01/20/medium/c1b35f03ff875a4a12c7dcbd477d964a.png,37.0,16.0,21.0,25.0,,,0.0,38.0,1.0,3.0,,,,,3.0,,,95.0,56.0,39.0,25.0,107.0,8.0,,25.0,,,,,1.0,15.0,13.0,2.0,1.0,,58.0,40.0,18.0,,1.0,,1.0,17.0,1.0,2.0,,,82.0,2.0,309.0,,,,,,,,,1.0,,12.0,5.0,54.0,,,82.0,,,,,,,,,7.0,1.0,8.0,,7.0,17.0,,2.0,2.0,2.0,10.0,1.0,4.0,17.0,223.0,140.0,85.0,206.0,4.0,6.0,38.0,,,3.0,750.0,6.0,9.0,17.0,6.0,111.0,309.0,,8.0,223.0,10.0,9.0,86.0,401.0,,9.0,9.0,1.0,10.0,,17.0,74.0,21.0,69.0,0.0,3.0
LaLiga Santander,https://www.laliga.com/en-ES/player/zarraga,14847,zarraga,Oier Zarraga,Zarraga,Oier,Zarraga,male,1999-01-04T00:00:00+00:00,Getxo,76.0,175.0,False,,,ES,Athletic Club,ATH,1898-12-31T00:00:00+0000,https://assets.laliga.com/assets/2019/06/07/medium/athletic.png,19.0,Midfielder,https://assets.laliga.com/squad/2021/t174/p245018/512x556/p245018_t174_2021_1_001_000.png,Estadio San Mamés,https://assets.laliga.com/assets/2019/06/17/medium/f020571f7c260516dfab3b9dc5df6348.png,24.0,14.0,10.0,31.0,,,0.0,41.0,5.0,10.0,,,,,3.0,,,107.0,68.0,39.0,34.0,184.0,11.0,1.0,31.0,,,,,1.0,13.0,13.0,,1.0,,83.0,54.0,29.0,,,,1.0,91.0,19.0,5.0,,,146.0,1.0,465.0,,,,,,,1.0,1.0,1.0,,16.0,7.0,60.0,,1.0,98.0,,,,,,,,,9.0,4.0,8.0,,5.0,23.0,,2.0,2.0,4.0,18.0,7.0,3.0,19.0,372.0,274.0,103.0,356.0,8.0,5.0,38.0,1.0,,1.0,1151.0,13.0,9.0,16.0,12.0,146.0,469.0,,13.0,375.0,13.0,21.0,94.0,650.0,,17.0,17.0,4.0,16.0,,26.0,81.0,30.0,68.0,0.0,5.0
LaLiga Santander,https://www.laliga.com/en-ES/player/o-sancet-1,12609,o-sancet-1,Oihan Sancet,O. Sancet,Oihan,Sancet,male,2000-04-25T00:00:00+00:00,Pamplona,73.0,188.0,False,,,ES,Athletic Club,ATH,1898-12-31T00:00:00+0000,https://assets.laliga.com/assets/2019/06/07/medium/athletic.png,8.0,Midfielder,https://assets.laliga.com/squad/2021/t174/p439772/512x556/p439772_t174_2021_1_001_000.png,Estadio San Mamés,https://assets.laliga.com/assets/2019/06/17/medium/f020571f7c260516dfab3b9dc5df6348.png,48.0,31.0,17.0,27.0,2.0,,3.0,105.0,6.0,,,,,1.0,8.0,,,199.0,120.0,79.0,46.0,115.0,9.0,,27.0,,,4.0,,6.0,17.0,16.0,1.0,6.0,,151.0,89.0,62.0,5.0,1.0,1.0,3.0,47.0,5.0,23.0,,,94.0,5.0,427.0,,,,,,,,,2.0,,8.0,2.0,48.0,,5.0,122.0,,,,,,,,,10.0,14.0,16.0,,16.0,11.0,,3.0,3.0,23.0,17.0,1.0,19.0,13.0,332.0,272.0,72.0,328.0,5.0,7.0,38.0,10.0,,3.0,1424.0,59.0,12.0,20.0,27.0,227.0,436.0,,24.0,341.0,12.0,72.0,95.0,725.0,,7.0,7.0,14.0,,,4.0,90.0,12.0,91.0,1.0,2.0
LaLiga Santander,https://www.laliga.com/en-ES/player/okay,8582,okay,Okay Yokuslu,Okay,Okay,Yokuslu,male,1994-03-09T00:00:00+00:00,Izmir,79.0,190.0,True,https://twitter.com/Okayokuslu,https://instagram.com/okayokuslu/,TR,Getafe CF,GET,1983-03-30T00:00:00+0000,https://assets.laliga.com/assets/2019/06/07/medium/getafe.png,19.0,Midfielder,https://assets.laliga.com/squad/2021/t1450/p101394/512x556/p101394_t1450_2021_1_001_000.png,Coliseum Alfonso Pérez,https://assets.laliga.com/assets/2019/06/17/medium/b881ba5a6846e7ccdbc3a6a75a2c5e69.png,17.0,7.0,10.0,11.0,,,,12.0,,5.0,,3.0,,,,,,45.0,16.0,29.0,10.0,65.0,3.0,,11.0,,,,,,4.0,4.0,,,,28.0,9.0,19.0,,,,,10.0,5.0,,,,54.0,,192.0,,,,,,,,,,,3.0,2.0,35.0,,,64.0,,,,,,,,,3.0,1.0,5.0,,2.0,6.0,,,,5.0,5.0,1.0,1.0,12.0,152.0,40.0,115.0,143.0,1.0,8.0,38.0,,,,463.0,3.0,17.0,6.0,5.0,48.0,195.0,,4.0,155.0,9.0,3.0,40.0,263.0,,,,,2.0,,17.0,28.0,12.0,23.0,,1.0
LaLiga Santander,https://www.laliga.com/en-ES/player/omar-alderete,12180,omar-alderete,Omar Alderete,Omar Alderete,Omar,Alderete,male,1996-12-26T00:00:00+00:00,Asunción,77.0,188.0,False,,,PY,Valencia CF,VAL,1919-03-18T00:00:00+0000,https://assets.laliga.com/assets/2019/06/07/medium/valencia.png,15.0,Defender,https://assets.laliga.com/squad/2021/t191/p201895/512x556/p201895_t191_2021_1_001_000.png,Camp de Mestalla,https://assets.laliga.com/assets/2019/06/17/medium/984682326cdbb55f5034778b7690a795.png,111.0,42.0,69.0,29.0,,,1.0,51.0,1.0,18.0,,7.0,,,1.0,,,245.0,103.0,142.0,65.0,571.0,21.0,,29.0,3.0,,,,2.0,34.0,27.0,7.0,2.0,,134.0,61.0,73.0,1.0,2.0,,1.0,31.0,35.0,4.0,1.0,,97.0,,895.0,,,2.0,,,,,,3.0,,18.0,12.0,158.0,,,231.0,,,,,,,,,12.0,5.0,28.0,,8.0,1.0,,,,13.0,36.0,21.0,,118.0,543.0,240.0,338.0,460.0,19.0,34.0,38.0,,,2.0,2411.0,5.0,150.0,42.0,7.0,406.0,950.0,,17.0,578.0,53.0,26.0,372.0,1334.0,,4.0,4.0,1.0,68.0,,218.0,292.0,84.0,154.0,0.0,15.0
LaLiga Santander,https://www.laliga.com/en-ES/player/omar-faraj,25379,omar-faraj,Omar Faraj,Faraj,Omar,Faraj,male,2002-03-09T00:00:00+00:00,,,,False,,,SE,Levante UD,LEV,1909-09-07T00:00:00+0000,https://assets.laliga.com/assets/2019/06/07/medium/levante.png,40.0,Forward,,Estadio Ciutat de València,https://assets.laliga.com/assets/2021/07/21/medium/ae79ef9d1c26baf8602706ba1acef94b.png,1.0,1.0,,1.0,,,0.0,,,,,,,,,,,3.0,2.0,1.0,,2.0,1.0,,1.0,,,,,,,,,,,2.0,1.0,1.0,,,,0.0,23.0,,,,,,,2.0,,,,,,,,,,,,,3.0,,,,,,,,,,,,,,,,,1.0,,,,,,,,,,,,,1.0,,38.0,,,,3.0,,,1.0,,3.0,2.0,,,,1.0,,2.0,5.0,,,,,,,,,2.0,2.0,0.0,
LaLiga Santander,https://www.laliga.com/en-ES/player/mascarell,1000,mascarell,Omar Mascarell,Mascarell,Omar,Mascarell,male,1993-02-02T00:00:00+00:00,Santa Cruz de Tenerife,76.0,181.0,False,https://twitter.com/Omascarell,https://instagram.com/omarmascarell,ES,Elche CF,ELC,1923-03-01T00:00:00+0000,https://assets.laliga.com/assets/2019/06/07/medium/elche.png,21.0,Midfielder,https://assets.laliga.com/squad/2021/t954/p107594/512x556/p107594_t954_2021_1_001_000.png,Estadio Martínez Valero,https://assets.laliga.com/assets/2019/08/12/medium/150e2d322086b631feb7ec0016b982f6.png,83.0,40.0,43.0,32.0,,,0.0,195.0,5.0,14.0,,5.0,1.0,,5.0,,,248.0,126.0,122.0,63.0,352.0,27.0,,32.0,,,,,,39.0,36.0,3.0,,,165.0,86.0,79.0,,,,0.0,39.0,48.0,7.0,,,399.0,,1184.0,,,,,,,,,6.0,,44.0,28.0,172.0,,,281.0,,,,,,,,,6.0,1.0,30.0,,15.0,2.0,,1.0,1.0,12.0,31.0,13.0,4.0,85.0,1007.0,450.0,599.0,963.0,20.0,26.0,38.0,2.0,,2.0,2504.0,14.0,47.0,37.0,22.0,219.0,1227.0,,7.0,1048.0,46.0,7.0,179.0,1564.0,,4.0,4.0,4.0,32.0,,66.0,122.0,61.0,113.0,0.0,6.0
LaLiga Santander,https://www.laliga.com/en-ES/player/orbelin-pineda,25510,orbelin-pineda,Orbelín Pineda,Orbelin,Orbelín,Pineda,male,1996-03-24T00:00:00+00:00,Coyuca de Catalán,60.0,168.0,False,,,MX,RC Celta,CEL,1923-08-23T00:00:00+0000,https://assets.laliga.com/assets/2019/06/07/medium/celta.png,18.0,Midfielder,,Estadio ABANCA Balaídos,https://assets.laliga.com/assets/2019/06/17/medium/0aef263ef366bd0b81369408adb27cd6.png,4.0,3.0,1.0,7.0,,,0.0,8.0,1.0,,,,,,1.0,,,20.0,10.0,10.0,3.0,21.0,1.0,,7.0,,,,,,1.0,1.0,,,,16.0,7.0,9.0,,,,0.0,42.0,,1.0,,,13.0,,63.0,,,,,,,,,,,2.0,,12.0,,,23.0,,,,,,,,,3.0,1.0,,,,7.0,,,,1.0,2.0,,1.0,4.0,55.0,37.0,20.0,53.0,3.0,1.0,38.0,,,,94.0,4.0,1.0,2.0,4.0,15.0,65.0,,4.0,57.0,4.0,5.0,8.0,91.0,,,,1.0,,,,6.0,2.0,8.0,0.0,
LaLiga Santander,https://www.laliga.com/en-ES/player/oscar-medina,25352,oscar-medina,Oscar Medina,Oscar,Oscar,Medina,male,2004-01-19T00:00:00+00:00,,,,False,,,ES,Deportivo Alavés,ALA,1921-01-23T00:00:00+0000,https://assets.laliga.com/assets/2020/09/01/medium/27002754a98bf535807fe49a24cc63ea.png,32.0,Goalkeeper,,Mendizorroza,https://assets.laliga.com/assets/2019/06/17/medium/6b906780ba96aa6689192fb9afcaac6b.png,,,,,,,,,,,,,,,,,,,,,,,,,,,,,,,,,,,,,,,,,,,,,,,,,,,,,,,,,,,,,,,,,,,,,,,,,,,,,,,,,,,,,,,,,,,,,,,38.0,,,,,,,,,,,,,,,,,,,,,,,,,,,,,
LaLiga Santander,https://www.laliga.com/en-ES/player/o-dembele,4814,o-dembele,Ousmane Dembélé,O. Dembélé,Ousmane,Dembélé,male,1997-05-15T00:00:00+00:00,Vernon,67.0,178.0,True,,,FR,FC Barcelona,BAR,1899-11-29T00:00:00+0000,https://assets.laliga.com/assets/2019/06/07/medium/barcelona.png,7.0,Forward,https://assets.laliga.com/squad/2021/t178/p219438/512x556/p219438_t178_2021_1_001_000.png,Camp Nou,https://assets.laliga.com/assets/2019/06/17/medium/0623ce55ec3ee4e439ed6d24fe2ba77b.png,9.0,5.0,4.0,21.0,12.0,1.0,0.0,154.0,9.0,,,2.0,,47.0,25.0,,,193.0,89.0,104.0,23.0,132.0,6.0,,21.0,,,13.0,,1.0,14.0,14.0,,1.0,,184.0,84.0,100.0,1.0,,2.0,1.0,63.0,8.0,32.0,,1.0,322.0,4.0,654.0,,,,,,,,,2.0,,33.0,8.0,63.0,,,58.0,,,,,,,1.0,,29.0,8.0,15.0,,8.0,6.0,11.0,29.0,17.0,59.0,12.0,1.0,,24.0,553.0,480.0,111.0,538.0,8.0,16.0,38.0,11.0,1.0,10.0,1411.0,59.0,2.0,11.0,17.0,333.0,666.0,,37.0,562.0,24.0,91.0,104.0,1123.0,29.0,115.0,83.0,31.0,1.0,,10.0,201.0,18.0,94.0,0.0,3.0
LaLiga Santander,https://www.laliga.com/en-ES/player/idrissi,13046,idrissi,Oussama Idrissi,Idrissi,Oussama,Idrissi,male,1996-02-26T00:00:00+00:00,Bergen op Zoom,78.0,175.0,False,,,MA,Cádiz CF,CAD,1910-09-10T00:00:00+0000,https://assets.laliga.com/assets/2019/06/07/medium/cadiz.png,11.0,Forward,https://assets.laliga.com/squad/2021/t1737/p219194/512x556/p219194_t1737_2021_1_001_000.png,Estadio Nuevo Mirandilla,https://assets.laliga.com/assets/2019/08/12/medium/ec810605f774c1a9a3ed75de01826124.png,8.0,8.0,,12.0,1.0,,,82.0,4.0,,,1.0,,23.0,13.0,,,97.0,63.0,34.0,14.0,59.0,6.0,,12.0,,,1.0,,1.0,10.0,8.0,2.0,1.0,,89.0,55.0,34.0,1.0,,1.0,,10.0,3.0,20.0,,,20.0,2.0,317.0,,,,,,,,,2.0,,21.0,8.0,48.0,,1.0,166.0,,,,,,,,,9.0,8.0,11.0,,8.0,1.0,5.0,12.0,6.0,23.0,8.0,,3.0,16.0,257.0,176.0,103.0,251.0,4.0,4.0,38.0,,,14.0,908.0,35.0,3.0,10.0,3.0,150.0,327.0,,17.0,267.0,8.0,45.0,60.0,533.0,11.0,33.0,19.0,19.0,1.0,,6.0,86.0,7.0,54.0,,2.0
LaLiga Santander,https://www.laliga.com/en-ES/player/pablo-barrios-rivas,25683,pablo-barrios-rivas,Pablo Barrios Rivas,Pablo Barrios Rivas,Pablo,Barrios Rivas,male,2003-06-15T00:00:00+00:00,,,,False,,,ES,,,,,,,,,,,,,,,,,,,,,,,,,,,,,,,,,,,,,,,,,,,,,,,,,,,,,,,,,,,,,,,,,,,,,,,,,,,,,,,,,,,,,,,,,,,,,,,,,,,,,,,,,,,,,,,,,,,,,,,,,,,,,,,,,,,,,
LaLiga Santander,https://www.laliga.com/en-ES/player/pablo-cunat,18830,pablo-cunat,Pablo Cuñat,Pablo,Pablo,Cuñat,male,2002-04-28T00:00:00+00:00,,,,False,,,ES,Levante UD,LEV,1909-09-07T00:00:00+0000,https://assets.laliga.com/assets/2019/06/07/medium/levante.png,37.0,Goalkeeper,https://assets.laliga.com/squad/2021/t855/p523865/512x556/p523865_t855_2021_1_001_000.png,Estadio Ciutat de València,https://assets.laliga.com/assets/2021/07/21/medium/ae79ef9d1c26baf8602706ba1acef94b.png,,,,,,,,,,,,,,,,,,,,,,,,,,,,,,,,,,,,,,,,,,,,,,,,,,,,,,,,,,,,,,,,,,,,,,,,,,,,,,,,,,,,,,,,,,,,,,,38.0,,,,,,,,,,,,,,,,,,,,,,,,,,,,,
LaLiga Santander,https://www.laliga.com/en-ES/player/pablo-galvez,23348,pablo-galvez,Pablo Gálvez,Galvez,Pablo,Gálvez,male,2001-10-30T00:00:00+00:00,,,,False,,,ES,RCD Mallorca,MLL,1916-03-06T00:00:00+0000,https://assets.laliga.com/assets/2019/06/07/medium/mallorca.png,27.0,Forward,https://assets.laliga.com/squad/2021/t181/p547043/512x556/p547043_t181_2021_1_001_000.png,Visit Mallorca Estadi,https://assets.laliga.com/assets/2019/08/07/medium/6f67f604b5025b10ef0dc14d700586ae.png,,,,,,,,,,,,,,,,,,,,,,,,,,,,,,,,,,,,,,,,,,,,,,,,,,,,,,,,,,,,,,,,,,,,,,,,,,,,,,,,,,,,,,,,,,,,,,,38.0,,,,,,,,,,,,,,,,,,,,,,,,,,,,,
LaLiga Santander,https://www.laliga.com/en-ES/player/maffeo,2580,maffeo,Pablo Maffeo,Maffeo,Pablo,Maffeo,male,1997-07-12T00:00:00+00:00,Sant Joan Despí,70.0,172.0,False,,,ES,RCD Mallorca,MLL,1916-03-06T00:00:00+0000,https://assets.laliga.com/assets/2019/06/07/medium/mallorca.png,15.0,Defender,https://assets.laliga.com/squad/2021/t181/p170154/512x556/p170154_t181_2021_1_001_000.png,Visit Mallorca Estadi,https://assets.laliga.com/assets/2019/08/07/medium/6f67f604b5025b10ef0dc14d700586ae.png,118.0,57.0,61.0,35.0,3.0,,0.0,162.0,7.0,13.0,,6.0,,1.0,14.0,,,455.0,204.0,251.0,79.0,393.0,12.0,3.0,35.0,,,3.0,,1.0,47.0,42.0,5.0,1.0,,337.0,147.0,190.0,1.0,1.0,2.0,1.0,45.0,46.0,25.0,,,314.0,3.0,906.0,,,,,,,,,5.0,,48.0,17.0,170.0,,,48.0,,,,,,,1.0,,15.0,7.0,35.0,,9.0,,1.0,28.0,27.0,49.0,29.0,12.0,1.0,31.0,635.0,353.0,321.0,615.0,37.0,47.0,38.0,1.0,80.0,214.0,2950.0,85.0,60.0,32.0,59.0,580.0,917.0,,22.0,646.0,84.0,52.0,271.0,1913.0,,81.0,81.0,30.0,58.0,1.0,97.0,258.0,94.0,174.0,0.0,10.0
LaLiga Santander,https://www.laliga.com/en-ES/player/p-martinez,7533,p-martinez,Pablo Martínez,P. Martinez,Pablo,Martínez,male,1998-02-22T00:00:00+00:00,Madrid,74.0,182.0,False,,,ES,SD Huesca,HUE,1960-03-29T00:00:00+0000,https://assets.laliga.com/assets/2019/06/07/medium/huesca.png,16.0,Midfielder,,El Alcoraz,https://assets.laliga.com/assets/2019/08/12/medium/7f2417a1294943387e499185f8c1d565.png,26.0,15.0,11.0,17.0,,4.0,0.0,70.0,6.0,2.0,,,,9.0,2.0,,,116.0,70.0,46.0,20.0,140.0,12.0,,17.0,,,,,1.0,15.0,13.0,2.0,1.0,,90.0,55.0,35.0,,,1.0,1.0,10.0,12.0,10.0,,1.0,99.0,4.0,375.0,,,,,,,,,,,19.0,10.0,63.0,,,85.0,,,,,,,,,13.0,6.0,10.0,,7.0,7.0,3.0,6.0,3.0,12.0,6.0,1.0,2.0,24.0,284.0,181.0,124.0,275.0,8.0,8.0,42.0,,,2.0,923.0,15.0,9.0,23.0,7.0,140.0,394.0,,19.0,299.0,16.0,16.0,95.0,565.0,4.0,11.0,6.0,6.0,13.0,,38.0,86.0,20.0,57.0,0.0,4.0
LaLiga Santander,https://www.laliga.com/en-ES/player/piatti,724,piatti,Pablo Piatti,P. Piatti,Pablo,Piatti,male,1989-03-31T00:00:00+00:00,Córdoba,63.0,163.0,True,https://twitter.com/p_piatti,,AR,Elche CF,ELC,1923-03-01T00:00:00+0000,https://assets.laliga.com/assets/2019/06/07/medium/elche.png,20.0,Forward,https://assets.laliga.com/squad/2021/t954/p51271/512x556/p51271_t954_2021_1_001_000.png,Estadio Martínez Valero,https://assets.laliga.com/assets/2019/08/12/medium/150e2d322086b631feb7ec0016b982f6.png,14.0,7.0,7.0,10.0,,,0.0,30.0,1.0,1.0,,,,,1.0,,,52.0,26.0,26.0,9.0,15.0,6.0,,10.0,,,,,,6.0,6.0,,,,38.0,19.0,19.0,1.0,,1.0,0.0,19.0,2.0,4.0,,,27.0,1.0,95.0,,,,,,,,,,,7.0,4.0,17.0,,,25.0,,,,,,,,,1.0,2.0,3.0,,3.0,7.0,,,,2.0,3.0,,4.0,2.0,72.0,55.0,19.0,72.0,5.0,4.0,38.0,,,1.0,307.0,7.0,2.0,8.0,8.0,44.0,97.0,,3.0,74.0,9.0,5.0,23.0,156.0,,3.0,3.0,3.0,,,,15.0,11.0,23.0,0.0,
LaLiga Santander,https://www.laliga.com/en-ES/player/pablo-picon,25274,pablo-picon,Pablo Picón,Picon,Pablo,Picón,male,2000-02-01T00:00:00+00:00,Valencia,,,False,,,ES,Levante UD,LEV,1909-09-07T00:00:00+0000,https://assets.laliga.com/assets/2019/06/07/medium/levante.png,26.0,Goalkeeper,,Estadio Ciutat de València,https://assets.laliga.com/assets/2021/07/21/medium/ae79ef9d1c26baf8602706ba1acef94b.png,,,,,,,,,,,,,,,,,,,,,,,,,,,,,,,,,,,,,,,,,,,,,,,,,,,,,,,,,,,,,,,,,,,,,,,,,,,,,,,,,,,,,,,,,,,,,,,38.0,,,,,,,,,,,,,,,,,,,,,,,,,,,,,
LaLiga Santander,https://www.laliga.com/en-ES/player/pablo-3,14638,pablo-3,Pablo Pérez,Pablo P.,Pablo,Pérez,male,2001-08-18T00:00:00+00:00,Madrid,,174.0,False,,,ES,Sevilla FC,SEV,1905-10-14T00:00:00+0000,https://assets.laliga.com/assets/2019/06/07/medium/sevilla.png,26.0,Defender,https://assets.laliga.com/squad/2021/t179/p504804/512x556/p504804_t179_2021_1_001_000.png,Ramón Sánchez-Pizjuán,https://assets.laliga.com/assets/2021/01/20/medium/5a52ab192cd4e4b1cc3e3a752d99c4e8.png,,,,,,,,,,,,,,,,,,,,,,,,,,,,,,,,,,,,,,,,,,,,,,,,,,,,,,,,,,,,,,,,,,,,,,,,,,,,,,,,,,,,,,,,,,,,,,,38.0,,,,,,,,,,,,,,,,,,,,,,,,,,,,,
LaLiga Santander,https://www.laliga.com/en-ES/player/paco-alcacer,726,paco-alcacer,Francisco Alcácer,Paco Alcácer,Francisco,Alcácer,male,1993-08-30T00:00:00+00:00,Torrent,72.0,175.0,True,https://twitter.com/paco_alcacer,https://instagram.com/Paco93alcácer,ES,Villarreal CF,VIL,1923-03-10T00:00:00+0000,https://assets.laliga.com/assets/2019/06/07/medium/villarreal.png,9.0,Forward,https://assets.laliga.com/squad/2021/t449/p86876/512x556/p86876_t449_2021_1_001_000.png,Estadio de la Cerámica,https://assets.laliga.com/assets/2019/10/03/medium/ac940b8f6681d614e337d20d5bf7f0a8.png,35.0,25.0,10.0,18.0,3.0,1.0,1.0,50.0,3.0,,,,,,1.0,,,75.0,44.0,31.0,23.0,39.0,1.0,,18.0,,,3.0,,1.0,11.0,11.0,,1.0,,40.0,19.0,21.0,1.0,,1.0,0.0,55.0,6.0,4.0,,1.0,39.0,8.0,150.0,,,,,,,,,1.0,,12.0,7.0,28.0,,,42.0,,,,,,,,,8.0,7.0,10.0,,10.0,8.0,,,,5.0,9.0,,7.0,3.0,101.0,78.0,43.0,118.0,6.0,3.0,38.0,2.0,,2.0,790.0,12.0,1.0,5.0,7.0,83.0,170.0,,15.0,121.0,9.0,41.0,49.0,276.0,,1.0,1.0,5.0,1.0,1.0,2.0,42.0,8.0,47.0,0.0,1.0
LaLiga Santander,https://www.laliga.com/en-ES/player/alejandro-gomez,6522,alejandro-gomez,Alejandro Gómez,Papu Gomez,Alejandro,Gómez,male,1988-02-15T00:00:00+00:00,Buenos Aires,68.0,167.0,False,,,AR,Sevilla FC,SEV,1905-10-14T00:00:00+0000,https://assets.laliga.com/assets/2019/06/07/medium/sevilla.png,24.0,Midfielder,https://assets.laliga.com/squad/2021/t179/p55776/512x556/p55776_t179_2021_1_001_000.png,Ramón Sánchez-Pizjuán,https://assets.laliga.com/assets/2021/01/20/medium/5a52ab192cd4e4b1cc3e3a752d99c4e8.png,30.0,20.0,10.0,29.0,1.0,,0.0,209.0,10.0,2.0,,3.0,,16.0,8.0,,,224.0,119.0,105.0,32.0,201.0,11.0,,29.0,,,1.0,,5.0,11.0,10.0,1.0,4.0,1.0,194.0,99.0,95.0,1.0,,,5.0,81.0,7.0,22.0,,1.0,187.0,1.0,880.0,,,,,,,,,1.0,,19.0,13.0,80.0,,4.0,299.0,,,,,,,1.0,,12.0,12.0,19.0,,13.0,10.0,5.0,20.0,14.0,28.0,11.0,2.0,13.0,56.0,783.0,487.0,330.0,741.0,8.0,11.0,38.0,3.0,,15.0,1787.0,54.0,9.0,21.0,48.0,232.0,896.0,,24.0,797.0,19.0,47.0,99.0,1268.0,9.0,37.0,25.0,26.0,2.0,,25.0,114.0,22.0,74.0,1.0,4.0
LaLiga Santander,https://www.laliga.com/en-ES/player/pathe-ciss,12767,pathe-ciss,Pathé Ciss,Pathé Ciss,Pathé,Ciss,male,1994-03-16T00:00:00+00:00,Dakar,71.0,183.0,False,,,SN,Rayo Vallecano,RAY,1924-05-20T00:00:00+0000,https://assets.laliga.com/assets/2019/06/07/medium/rayo.png,21.0,Midfielder,https://assets.laliga.com/squad/2021/t184/p441175/512x556/p441175_t184_2021_1_001_000.png,Estadio de Vallecas,https://assets.laliga.com/assets/2019/08/12/medium/b86a37d70be8931c079066cc8c48817f.png,57.0,23.0,34.0,31.0,1.0,2.0,1.0,75.0,6.0,6.0,,1.0,,,2.0,,,151.0,67.0,84.0,36.0,176.0,10.0,,31.0,,,1.0,,2.0,15.0,13.0,2.0,2.0,,94.0,44.0,50.0,4.0,2.0,1.0,1.0,56.0,30.0,3.0,,,130.0,1.0,510.0,,1.0,1.0,,,,,,2.0,,17.0,10.0,103.0,,,139.0,,,,,,,,,8.0,5.0,11.0,,10.0,20.0,,,,10.0,20.0,2.0,1.0,51.0,423.0,198.0,235.0,382.0,16.0,15.0,38.0,2.0,,2.0,1085.0,16.0,27.0,19.0,9.0,116.0,520.0,,13.0,433.0,31.0,6.0,87.0,730.0,,,,5.0,4.0,,19.0,55.0,32.0,68.0,0.0,5.0
LaLiga Santander,https://www.laliga.com/en-ES/player/pau-martinez,24406,pau-martinez,Pau Martínez,Pau M.,Pau,Martínez,male,2000-11-10T00:00:00+00:00,Blanes,,,False,,,ES,CA Osasuna,OSA,1920-11-17T00:00:00+0000,https://assets.laliga.com/assets/2019/06/07/medium/osasuna.png,37.0,Forward,,Estadio El Sadar,https://assets.laliga.com/assets/2021/01/20/medium/c1b35f03ff875a4a12c7dcbd477d964a.png,,,,,,,,,,,,,,,,,,,,,,,,,,,,,,,,,,,,,,,,,,,,,,,,,,,,,,,,,,,,,,,,,,,,,,,,,,,,,,,,,,,,,,,,,,,,,,,38.0,,,,,,,,,,,,,,,,,,,,,,,,,,,,,
LaLiga Santander,https://www.laliga.com/en-ES/player/pau,5843,pau,Pau Torres,Pau,Pau,Torres,male,1997-01-16T00:00:00+00:00,Villarreal,80.0,191.0,False,,,ES,Villarreal CF,VIL,1923-03-10T00:00:00+0000,https://assets.laliga.com/assets/2019/06/07/medium/villarreal.png,4.0,Defender,https://assets.laliga.com/squad/2021/t449/p244954/512x556/p244954_t449_2021_1_001_000.png,Estadio de la Cerámica,https://assets.laliga.com/assets/2019/10/03/medium/ac940b8f6681d614e337d20d5bf7f0a8.png,97.0,39.0,58.0,33.0,1.0,,2.0,134.0,4.0,23.0,,11.0,,,6.0,,,199.0,68.0,131.0,34.0,806.0,8.0,,33.0,6.0,,1.0,,5.0,33.0,30.0,3.0,5.0,,102.0,29.0,73.0,,2.0,1.0,3.0,65.0,19.0,8.0,,3.0,227.0,,1888.0,,,,,,,,,4.0,,24.0,9.0,191.0,,,812.0,,,,,,,,,11.0,9.0,33.0,,3.0,,,1.0,1.0,25.0,17.0,10.0,,139.0,1613.0,587.0,1111.0,1558.0,13.0,19.0,38.0,3.0,,2.0,2856.0,8.0,103.0,14.0,16.0,326.0,1979.0,,20.0,1697.0,32.0,35.0,282.0,2322.0,,4.0,4.0,3.0,47.0,,141.0,188.0,98.0,141.0,1.0,5.0
LaLiga Santander,https://www.laliga.com/en-ES/player/paul,9653,paul,Paul Akouokou,Paul,Paul,Akouokou,male,1997-12-20T00:00:00+00:00,Abidjan,,190.0,False,,,CI,Real Betis,BET,1907-09-12T00:00:00+0000,https://assets.laliga.com/assets/2019/06/07/medium/betis.png,4.0,Midfielder,https://assets.laliga.com/squad/2021/t185/p475177/512x556/p475177_t185_2021_1_001_000.png,Estadio Benito Villamarín,https://assets.laliga.com/assets/2019/06/17/medium/f211dabccff68741a75d175307d78f59.png,8.0,2.0,6.0,8.0,,,0.0,47.0,,,,2.0,,,,,,54.0,26.0,28.0,15.0,101.0,7.0,,8.0,,,,,,3.0,3.0,,,,46.0,24.0,22.0,,,,0.0,26.0,11.0,3.0,,,95.0,,319.0,,,,,,,,,,,10.0,6.0,42.0,,,80.0,,,,,,,,,2.0,,6.0,1.0,3.0,2.0,,1.0,1.0,6.0,7.0,1.0,3.0,13.0,279.0,149.0,135.0,270.0,5.0,9.0,38.0,,,,517.0,7.0,6.0,13.0,2.0,50.0,323.0,1.0,2.0,283.0,14.0,3.0,40.0,396.0,,,,2.0,5.0,,10.0,27.0,13.0,30.0,0.0,2.0
LaLiga Santander,https://www.laliga.com/en-ES/player/pedri,12636,pedri,Pedro González López,Pedri,Pedro,González López,male,2002-11-25T00:00:00+00:00,Tenerife,60.0,174.0,False,,,ES,FC Barcelona,BAR,1899-11-29T00:00:00+0000,https://assets.laliga.com/assets/2019/06/07/medium/barcelona.png,16.0,Midfielder,https://assets.laliga.com/squad/2021/t178/p490541/512x556/p490541_t178_2021_1_001_000.png,Camp Nou,https://assets.laliga.com/assets/2019/06/17/medium/0623ce55ec3ee4e439ed6d24fe2ba77b.png,7.0,3.0,4.0,12.0,,,2.0,141.0,3.0,,,2.0,,17.0,3.0,,,94.0,38.0,56.0,24.0,133.0,1.0,,12.0,,,1.0,,3.0,9.0,7.0,2.0,2.0,1.0,87.0,35.0,52.0,,,,1.0,63.0,5.0,14.0,,,154.0,,574.0,,,,,,,,,1.0,,31.0,13.0,63.0,,3.0,151.0,,,,,,,,,4.0,5.0,10.0,,6.0,2.0,5.0,7.0,1.0,15.0,10.0,,10.0,36.0,496.0,349.0,159.0,465.0,8.0,12.0,38.0,5.0,,5.0,888.0,21.0,5.0,1.0,17.0,129.0,579.0,,9.0,501.0,20.0,23.0,78.0,753.0,8.0,11.0,2.0,4.0,1.0,,6.0,76.0,13.0,72.0,1.0,
LaLiga Santander,https://www.laliga.com/en-ES/player/pedro-aleman,24193,pedro-aleman,Pedro Alemañ,P. Alemañ,Pedro,Alemañ,male,2002-03-21T00:00:00+00:00,Elche,,182.0,False,,,ES,Valencia CF,VAL,1919-03-18T00:00:00+0000,https://assets.laliga.com/assets/2019/06/07/medium/valencia.png,26.0,Midfielder,,Camp de Mestalla,https://assets.laliga.com/assets/2019/06/17/medium/984682326cdbb55f5034778b7690a795.png,,,,,,,,,,,,,,,,,,,,,,,,,,,,,,,,,,,,,,,,,,,,,,,,,,,,,,,,,,,,,,,,,,,,,,,,,,,,,,,,,,,,,,,,,,,,,,,38.0,,,,,,,,,,,,,,,,,,,,,,,,,,,,,
LaLiga Santander,https://www.laliga.com/en-ES/player/pedro-benito,24124,pedro-benito,Pedro Benito,Pedro Benito,Pedro,Benito,male,2000-03-27T00:00:00+00:00,,,,False,,,ES,,,,,,,,,,,,,,,,,,,,,,,,,,,,,,,,,,,,,,,,,,,,,,,,,,,,,,,,,,,,,,,,,,,,,,,,,,,,,,,,,,,,,,,,,,,,,,,,,,,,,,,,,,,,,,,,,,,,,,,,,,,,,,,,,,,,,
LaLiga Santander,https://www.laliga.com/en-ES/player/r-bigas,180,r-bigas,Pedro Bigas,R.p. Bigas,Pedro,Bigas,male,1990-05-15T00:00:00+00:00,Palma de Mallorca,83.0,181.0,False,https://twitter.com/Bigas28,,ES,Elche CF,ELC,1923-03-01T00:00:00+0000,https://assets.laliga.com/assets/2019/06/07/medium/elche.png,6.0,Defender,https://assets.laliga.com/squad/2021/t954/p91393/512x556/p91393_t954_2021_1_001_000.png,Estadio Martínez Valero,https://assets.laliga.com/assets/2019/08/12/medium/150e2d322086b631feb7ec0016b982f6.png,47.0,11.0,36.0,19.0,,1.0,0.0,37.0,3.0,16.0,,2.0,1.0,,3.0,,,114.0,42.0,72.0,36.0,370.0,9.0,,19.0,,,,,1.0,26.0,24.0,2.0,1.0,,67.0,31.0,36.0,,1.0,,1.0,50.0,18.0,5.0,,,201.0,,886.0,,,,,,,,,2.0,,8.0,5.0,73.0,,,317.0,,,,,,,,,6.0,3.0,19.0,,6.0,,,1.0,1.0,2.0,20.0,8.0,,53.0,770.0,254.0,551.0,751.0,14.0,10.0,38.0,1.0,,1.0,1555.0,4.0,76.0,16.0,11.0,144.0,925.0,,9.0,804.0,24.0,11.0,121.0,1141.0,,1.0,1.0,4.0,33.0,,65.0,85.0,37.0,56.0,0.0,6.0
LaLiga Santander,https://www.laliga.com/en-ES/player/pedro-ortiz,23363,pedro-ortiz,Pedro Ortiz,P. Ortiz,Pedro,Ortiz,male,2000-08-19T00:00:00+00:00,Palma de Mallorca,,184.0,False,,,ES,Sevilla FC,SEV,1905-10-14T00:00:00+0000,https://assets.laliga.com/assets/2019/06/07/medium/sevilla.png,34.0,Defender,https://assets.laliga.com/squad/2021/t179/p546002/512x556/p546002_t179_2021_1_001_000.png,Ramón Sánchez-Pizjuán,https://assets.laliga.com/assets/2021/01/20/medium/5a52ab192cd4e4b1cc3e3a752d99c4e8.png,,,,1.0,,,0.0,1.0,,,,,,,,,,1.0,1.0,,,4.0,1.0,,1.0,,,,,,,,,,,1.0,1.0,,,,,0.0,100.0,,1.0,,,6.0,,14.0,,,,,,,,,,,,,1.0,,,3.0,,,,,,,,,,1.0,,,,1.0,,,,,,,1.0,2.0,14.0,9.0,5.0,12.0,,,38.0,1.0,,,6.0,,1.0,1.0,,,14.0,,1.0,14.0,,1.0,,16.0,,,,,,,,,,,0.0,
LaLiga Santander,https://www.laliga.com/en-ES/player/pepe-2,13531,pepe-2,José Sanchez,Pepe,José,Sanchez,male,2000-03-02T00:00:00+00:00,Linares,63.0,185.0,False,,,ES,Granada CF,GRA,1931-01-01T00:00:00+0000,https://assets.laliga.com/assets/2019/06/07/medium/granada.png,27.0,Defender,https://assets.laliga.com/squad/2021/t5683/p500697/512x556/p500697_t5683_2021_1_001_000.png,Nuevo Los Cármenes,https://assets.laliga.com/assets/2019/08/07/medium/4de53714b029bf44d86c53bd0d6835d3.png,,,,,,,,,,,,,,,,,,,,,,,,,,,,,,,,,,,,,,,,,,,,,,,,,,,,,,,,,,,,,,,,,,,,,,,,,,,,,,,,,,,,,,,,,,,,,,,38.0,,,,,,,,,,,,,,,,,,,,,,,,,,,,,
LaLiga Santander,https://www.laliga.com/en-ES/player/pepelu,4110,pepelu,José García,Pepelu,José,García,male,1998-08-11T00:00:00+00:00,Dénia,73.0,185.0,False,,,ES,Levante UD,LEV,1909-09-07T00:00:00+0000,https://assets.laliga.com/assets/2019/06/07/medium/levante.png,8.0,Midfielder,https://assets.laliga.com/squad/2021/t855/p220191/512x556/p220191_t855_2021_1_001_000.png,Estadio Ciutat de València,https://assets.laliga.com/assets/2021/07/21/medium/ae79ef9d1c26baf8602706ba1acef94b.png,45.0,14.0,31.0,29.0,,2.0,0.0,166.0,7.0,5.0,,2.0,,38.0,5.0,,,211.0,101.0,110.0,61.0,405.0,27.0,,29.0,,,,,,39.0,35.0,4.0,,,166.0,87.0,79.0,2.0,,,0.0,97.0,38.0,26.0,,,335.0,,1180.0,,,,,,,,,4.0,,33.0,19.0,149.0,,,302.0,,,,,,,,,5.0,2.0,23.0,,9.0,6.0,17.0,23.0,5.0,13.0,37.0,3.0,6.0,75.0,956.0,507.0,496.0,905.0,19.0,27.0,38.0,2.0,,2.0,2016.0,17.0,29.0,47.0,20.0,309.0,1208.0,,7.0,980.0,46.0,13.0,228.0,1542.0,20.0,35.0,10.0,7.0,26.0,1.0,71.0,204.0,59.0,157.0,0.0,9.0
LaLiga Santander,https://www.laliga.com/en-ES/player/pere-joan,14677,pere-joan,Pere Joan García,Pere Joan,Pere Joan,García,male,2002-03-22T00:00:00+00:00,Mallorca,,188.0,False,,,ES,RCD Mallorca,MLL,1916-03-06T00:00:00+0000,https://assets.laliga.com/assets/2019/06/07/medium/mallorca.png,33.0,Goalkeeper,https://assets.laliga.com/squad/2021/t181/p495631/512x556/p495631_t181_2021_1_001_000.png,Visit Mallorca Estadi,https://assets.laliga.com/assets/2019/08/07/medium/6f67f604b5025b10ef0dc14d700586ae.png,,,,,,,,,,,,,,,,,,,,,,,,,,,,,,,,,,,,,,,,,,,,,,,,,,,,,,,,,,,,,,,,,,,,,,,,,,,,,,,,,,,,,,,,,,,,,,,38.0,,,,,,,,,,,,,,,,,,,,,,,,,,,,,
LaLiga Santander,https://www.laliga.com/en-ES/player/pere-milla,1687,pere-milla,Pere Milla,Pere Milla,Pere,Milla,male,1992-09-23T00:00:00+00:00,Lérida,72.0,184.0,False,https://twitter.com/PereMilla7,https://instagram.com/peremilla7,ES,Elche CF,ELC,1923-03-01T00:00:00+0000,https://assets.laliga.com/assets/2019/06/07/medium/elche.png,10.0,Forward,https://assets.laliga.com/squad/2021/t954/p175090/512x556/p175090_t954_2021_1_001_000.png,Estadio Martínez Valero,https://assets.laliga.com/assets/2019/08/12/medium/150e2d322086b631feb7ec0016b982f6.png,75.0,43.0,32.0,32.0,3.0,,4.0,128.0,6.0,1.0,,2.0,,1.0,10.0,,,260.0,143.0,117.0,52.0,153.0,8.0,,32.0,,,3.0,,8.0,24.0,24.0,,7.0,1.0,185.0,100.0,85.0,3.0,3.0,1.0,4.0,46.0,5.0,9.0,,4.0,118.0,9.0,481.0,,,1.0,,,,,,3.0,,31.0,20.0,104.0,,1.0,90.0,,,,,,,,,9.0,14.0,17.0,,9.0,15.0,,4.0,4.0,16.0,24.0,,5.0,14.0,346.0,211.0,147.0,340.0,5.0,15.0,38.0,3.0,,9.0,1638.0,50.0,19.0,17.0,50.0,254.0,489.0,,23.0,354.0,20.0,47.0,135.0,830.0,1.0,9.0,8.0,17.0,7.0,2.0,23.0,109.0,35.0,112.0,2.0,5.0
LaLiga Santander,https://www.laliga.com/en-ES/player/pere-pons,554,pere-pons,Pere Pons,Pere Pons,Pere,Pons,male,1993-02-20T00:00:00+00:00,Sant Martí Vell,70.0,177.0,False,https://twitter.com/ppons17,,ES,Deportivo Alavés,ALA,1921-01-23T00:00:00+0000,https://assets.laliga.com/assets/2020/09/01/medium/27002754a98bf535807fe49a24cc63ea.png,20.0,Midfielder,https://assets.laliga.com/squad/2021/t173/p131411/512x556/p131411_t173_2021_1_001_000.png,Mendizorroza,https://assets.laliga.com/assets/2019/06/17/medium/6b906780ba96aa6689192fb9afcaac6b.png,51.0,34.0,17.0,27.0,,,1.0,90.0,2.0,1.0,,,,,1.0,,,150.0,86.0,64.0,31.0,123.0,14.0,,27.0,,,,,1.0,26.0,22.0,4.0,1.0,,99.0,52.0,47.0,,,,0.0,22.0,6.0,12.0,,1.0,87.0,2.0,343.0,,,,,,,,,1.0,,19.0,9.0,64.0,,,60.0,,,,,,,,,9.0,4.0,17.0,,17.0,10.0,,2.0,2.0,4.0,19.0,1.0,7.0,10.0,246.0,131.0,134.0,253.0,8.0,18.0,38.0,,,2.0,1375.0,14.0,11.0,25.0,17.0,158.0,360.0,,13.0,263.0,26.0,28.0,97.0,545.0,,6.0,6.0,4.0,4.0,3.0,11.0,76.0,27.0,86.0,0.0,2.0
LaLiga Santander,https://www.laliga.com/en-ES/player/nolaskoain,7567,nolaskoain,Peru Nolaskoain,Nolaskoain,Peru,Nolaskoain,male,1998-10-25T00:00:00+00:00,Zumaia,81.0,186.0,False,,,ES,SD Amorebieta,AMO,1925-01-01T00:00:00+0000,https://assets.laliga.com/assets/2021/06/24/medium/7dcec1604142a8f60f876e4c7e839da7.png,17.0,Defender,https://assets.laliga.com/squad/2021/t6498/p242831/512x556/p242831_t6498_2021_1_001_000.png,Instalaciones de Lezama Campo 2,https://assets.laliga.com/assets/2021/06/24/medium/7ecd26586cde141f526bbc1e4c632592.png,51.0,20.0,31.0,17.0,,,0.0,30.0,1.0,9.0,,4.0,,,1.0,,,117.0,47.0,70.0,26.0,310.0,4.0,1.0,17.0,,,,,1.0,25.0,20.0,5.0,1.0,,66.0,27.0,39.0,,,,1.0,10.0,16.0,2.0,,,163.0,3.0,652.0,,,,,,,1.0,1.0,3.0,,13.0,5.0,127.0,,1.0,186.0,,,,,,,,,8.0,3.0,16.0,,2.0,1.0,,,,5.0,12.0,16.0,1.0,69.0,501.0,201.0,327.0,459.0,9.0,9.0,42.0,1.0,,3.0,1437.0,8.0,65.0,8.0,16.0,183.0,689.0,,11.0,528.0,18.0,24.0,161.0,883.0,,1.0,,5.0,42.0,,77.0,113.0,49.0,84.0,0.0,4.0
LaLiga Santander,https://www.laliga.com/en-ES/player/estupinan,5979,estupinan,Pervis Estupiñán,Estupiñán,Pervis,Estupiñán,male,1998-01-21T00:00:00+00:00,Esmeraldas,73.0,175.0,False,https://twitter.com/pervisEstupinan,,EC,Villarreal CF,VIL,1923-03-10T00:00:00+0000,https://assets.laliga.com/assets/2019/06/07/medium/villarreal.png,12.0,Defender,https://assets.laliga.com/squad/2021/t449/p204214/512x556/p204214_t449_2021_1_001_000.png,Estadio de la Cerámica,https://assets.laliga.com/assets/2019/10/03/medium/ac940b8f6681d614e337d20d5bf7f0a8.png,43.0,20.0,23.0,28.0,1.0,,0.0,186.0,3.0,5.0,,4.0,,1.0,9.0,,,168.0,81.0,87.0,33.0,250.0,13.0,,28.0,,,1.0,,,17.0,14.0,3.0,,,125.0,61.0,64.0,1.0,,,0.0,98.0,25.0,12.0,,,19.0,11.0,812.0,,,1.0,,,,,,3.0,,40.0,8.0,126.0,,,370.0,,,,,,,,,7.0,4.0,17.0,,10.0,11.0,,14.0,14.0,17.0,16.0,4.0,1.0,21.0,659.0,371.0,315.0,651.0,14.0,22.0,38.0,,27.0,134.0,1574.0,32.0,22.0,24.0,11.0,302.0,825.0,,11.0,672.0,36.0,31.0,153.0,1319.0,,59.0,59.0,18.0,15.0,,28.0,157.0,55.0,125.0,0.0,3.0
LaLiga Santander,https://www.laliga.com/en-ES/player/peter,25313,peter,Peter Federico Gonzalez Carmona,Peter,Peter Federico,Gonzalez Carmona,male,2002-07-25T00:00:00+00:00,,,,False,,,ES,Real Madrid,RMA,1902-03-06T00:00:00+0000,https://assets.laliga.com/assets/2019/06/07/medium/real-madrid.png,44.0,Midfielder,,Estadio Santiago Bernabéu,https://assets.laliga.com/assets/2019/06/08/medium/e6695a8184f41deea3ad87dd9c12ab1f.png,1.0,1.0,,3.0,,,0.0,6.0,,,,,,,,,,5.0,2.0,3.0,2.0,3.0,,,3.0,,,,,,,,,,,4.0,1.0,3.0,,,,0.0,100.0,1.0,2.0,,,5.0,,16.0,,,,,,,,,,,1.0,,3.0,,,2.0,,,,,,,,,1.0,1.0,,,,3.0,,,,1.0,,,,1.0,13.0,8.0,5.0,12.0,,,38.0,,,1.0,24.0,1.0,,,2.0,6.0,16.0,,2.0,13.0,,3.0,3.0,29.0,,1.0,1.0,,1.0,,1.0,2.0,2.0,2.0,0.0,
LaLiga Santander,https://www.laliga.com/en-ES/player/coutinho,3468,coutinho,Philippe Coutinho Correia,Coutinho,Philippe,Coutinho Correia,male,1992-06-12T00:00:00+00:00,Rio de Janeiro,68.0,172.0,True,https://twitter.com/Phil_Coutinho,https://instagram.com/phil.coutinho/,BR,A Villa,AVL,,https://assets.laliga.com/assets/2021/03/11/medium/6cc06773e2d8649601fbaa2cf304e774.png,23.0,Midfielder,,Villa Park,,22.0,17.0,5.0,19.0,3.0,6.0,2.0,143.0,9.0,1.0,,,,6.0,6.0,,,145.0,82.0,63.0,43.0,182.0,6.0,,19.0,,,3.0,,5.0,17.0,15.0,2.0,5.0,,123.0,65.0,58.0,,,,3.0,100.0,7.0,22.0,,,137.0,4.0,605.0,,,,,,,,,,,19.0,10.0,53.0,,5.0,167.0,,,,,,,,,18.0,16.0,16.0,,11.0,3.0,1.0,4.0,3.0,21.0,20.0,,12.0,27.0,501.0,374.0,154.0,497.0,5.0,12.0,38.0,3.0,,3.0,1339.0,42.0,4.0,8.0,20.0,202.0,629.0,,34.0,524.0,17.0,51.0,105.0,882.0,5.0,14.0,7.0,22.0,2.0,1.0,12.0,105.0,14.0,93.0,1.0,
LaLiga Santander,https://www.laliga.com/en-ES/player/pierre-emerick-aubameyang,3750,pierre-emerick-aubameyang,Pierre-Emerick Aubameyang,Aubameyang,Pierre-Emerick,Aubameyang,male,1989-06-18T00:00:00+00:00,Laval,80.0,187.0,False,,,GA,FC Barcelona,BAR,1899-11-29T00:00:00+0000,https://assets.laliga.com/assets/2019/06/07/medium/barcelona.png,25.0,Forward,https://assets.laliga.com/squad/2021/t178/p54694/512x556/p54694_t178_2021_1_001_000.png,Camp Nou,https://assets.laliga.com/assets/2019/06/17/medium/0623ce55ec3ee4e439ed6d24fe2ba77b.png,20.0,13.0,7.0,17.0,1.0,,7.0,102.0,6.0,1.0,,,,,3.0,,,54.0,34.0,20.0,31.0,29.0,5.0,,17.0,,,1.0,,11.0,10.0,10.0,,10.0,1.0,34.0,21.0,13.0,1.0,3.0,,4.0,63.0,2.0,7.0,,3.0,51.0,7.0,213.0,1.0,,,,,,,,2.0,,15.0,8.0,17.0,,4.0,51.0,,,,,,,,,11.0,20.0,13.0,,13.0,4.0,,,,4.0,18.0,,18.0,5.0,156.0,106.0,70.0,171.0,,2.0,38.0,2.0,,,1092.0,10.0,3.0,7.0,7.0,101.0,233.0,,31.0,176.0,2.0,65.0,57.0,364.0,,5.0,5.0,2.0,,5.0,1.0,54.0,8.0,56.0,4.0,
LaLiga Santander,https://www.laliga.com/en-ES/player/portu,1247,portu,Cristian Portugués Manzanera,Portu,Cristian,Portugués Manzanera,male,1992-05-21T00:00:00+00:00,Murcia,66.0,167.0,False,https://twitter.com/cportu92,,ES,Real Sociedad,RSO,1909-09-07T00:00:00+0000,https://assets.laliga.com/assets/2019/06/07/medium/real-sociedad.png,7.0,Midfielder,https://assets.laliga.com/squad/2021/t188/p88550/512x556/p88550_t188_2021_1_001_000.png,Reale Arena,https://assets.laliga.com/assets/2019/10/03/medium/b20727f80d7b4c9d5ad18acec9b663c5.png,51.0,37.0,14.0,37.0,1.0,,0.0,130.0,9.0,3.0,,1.0,,7.0,20.0,,,163.0,99.0,64.0,45.0,107.0,10.0,1.0,37.0,,,2.0,,1.0,16.0,14.0,2.0,1.0,,112.0,62.0,50.0,1.0,,1.0,1.0,22.0,7.0,16.0,,,134.0,11.0,430.0,,,,,,,1.0,1.0,3.0,,36.0,18.0,62.0,,1.0,69.0,,,,,,,,,6.0,10.0,17.0,,16.0,20.0,1.0,7.0,7.0,9.0,22.0,2.0,9.0,5.0,328.0,250.0,95.0,333.0,9.0,7.0,38.0,3.0,1.0,8.0,1586.0,28.0,7.0,19.0,25.0,196.0,440.0,,16.0,338.0,16.0,89.0,102.0,708.0,3.0,28.0,25.0,9.0,2.0,2.0,5.0,104.0,26.0,97.0,0.0,5.0
LaLiga Santander,https://www.laliga.com/en-ES/player/quini-1,993,quini-1,Joaquín José Marín Ruiz,Quini,Joaquín José,Marín Ruiz,male,1989-09-24T00:00:00+00:00,Córdoba,74.0,178.0,False,https://twitter.com/Quini17,,ES,Granada CF,GRA,1931-01-01T00:00:00+0000,https://assets.laliga.com/assets/2019/06/07/medium/granada.png,17.0,Defender,https://assets.laliga.com/squad/2021/t5683/p106671/512x556/p106671_t5683_2021_1_001_000.png,Nuevo Los Cármenes,https://assets.laliga.com/assets/2019/08/07/medium/4de53714b029bf44d86c53bd0d6835d3.png,61.0,34.0,27.0,32.0,1.0,,0.0,123.0,2.0,10.0,,5.0,,,18.0,,,271.0,142.0,129.0,53.0,317.0,22.0,,32.0,,,1.0,,,41.0,36.0,5.0,,,210.0,108.0,102.0,4.0,,,0.0,61.0,36.0,17.0,1.0,,191.0,1.0,667.0,,,,,,,,,3.0,,45.0,18.0,135.0,,,41.0,,,,,,,,,13.0,2.0,27.0,,8.0,5.0,,8.0,8.0,17.0,23.0,17.0,1.0,41.0,465.0,219.0,257.0,427.0,39.0,34.0,38.0,1.0,36.0,187.0,2304.0,36.0,52.0,39.0,13.0,384.0,672.0,,15.0,468.0,73.0,26.0,204.0,1337.0,,64.0,64.0,16.0,63.0,,95.0,194.0,74.0,109.0,0.0,11.0
LaLiga Santander,https://www.laliga.com/en-ES/player/falcao,3712,falcao,Radamel Falcao,Falcao,Radamel,Falcao,male,1986-02-10T00:00:00+00:00,Santa Marta,72.0,177.0,False,,,CO,Rayo Vallecano,RAY,1924-05-20T00:00:00+0000,https://assets.laliga.com/assets/2019/06/07/medium/rayo.png,3.0,Forward,https://assets.laliga.com/squad/2021/t184/p48847/512x556/p48847_t184_2021_1_001_000.png,Estadio de Vallecas,https://assets.laliga.com/assets/2019/08/12/medium/b86a37d70be8931c079066cc8c48817f.png,61.0,34.0,27.0,22.0,,2.0,2.0,60.0,5.0,1.0,,,,,7.0,,,121.0,71.0,50.0,14.0,26.0,5.0,,22.0,,,,,6.0,12.0,11.0,1.0,6.0,,60.0,37.0,23.0,,2.0,1.0,4.0,91.0,2.0,5.0,,2.0,38.0,15.0,154.0,,,,,,,,,1.0,,8.0,3.0,17.0,,2.0,43.0,,,,,,,,,13.0,15.0,8.0,,7.0,14.0,,2.0,2.0,3.0,6.0,,11.0,2.0,117.0,84.0,48.0,128.0,1.0,1.0,38.0,,,,831.0,18.0,11.0,17.0,18.0,90.0,167.0,,28.0,130.0,2.0,41.0,37.0,316.0,,2.0,2.0,7.0,,7.0,1.0,30.0,9.0,36.0,3.0,1.0
LaLiga Santander,https://www.laliga.com/en-ES/player/rafa-marin,25316,rafa-marin,Rafael Marín Zamora,Rafa Marin,Rafael,Marín Zamora,male,2002-05-19T00:00:00+00:00,Guadajoz,,190.0,False,,,ES,Real Madrid,RMA,1902-03-06T00:00:00+0000,https://assets.laliga.com/assets/2019/06/07/medium/real-madrid.png,41.0,Defender,,Estadio Santiago Bernabéu,https://assets.laliga.com/assets/2019/06/08/medium/e6695a8184f41deea3ad87dd9c12ab1f.png,,,,,,,,,,,,,,,,,,,,,,,,,,,,,,,,,,,,,,,,,,,,,,,,,,,,,,,,,,,,,,,,,,,,,,,,,,,,,,,,,,,,,,,,,,,,,,,38.0,,,,,,,,,,,,,,,,,,,,,,,,,,,,,
LaLiga Santander,https://www.laliga.com/en-ES/player/rafa-mir,3960,rafa-mir,Rafael Mir Vicente,Rafa Mir,Rafael,Mir Vicente,male,1997-06-18T00:00:00+00:00,Murcia,86.0,191.0,False,,,ES,Sevilla FC,SEV,1905-10-14T00:00:00+0000,https://assets.laliga.com/assets/2019/06/07/medium/sevilla.png,12.0,Forward,https://assets.laliga.com/squad/2021/t179/p219929/512x556/p219929_t179_2021_1_001_000.png,Ramón Sánchez-Pizjuán,https://assets.laliga.com/assets/2021/01/20/medium/5a52ab192cd4e4b1cc3e3a752d99c4e8.png,111.0,52.0,59.0,34.0,,,3.0,117.0,10.0,3.0,,2.0,,,10.0,,,213.0,121.0,92.0,52.0,59.0,11.0,,34.0,,,,,10.0,23.0,19.0,4.0,10.0,,102.0,69.0,33.0,1.0,2.0,3.0,7.0,86.0,,7.0,,2.0,83.0,23.0,304.0,,,,,,,,,1.0,,18.0,1.0,49.0,,6.0,84.0,,,,,,,,,28.0,24.0,18.0,,9.0,16.0,,2.0,2.0,12.0,18.0,1.0,14.0,5.0,193.0,121.0,113.0,227.0,1.0,3.0,38.0,1.0,,,1801.0,27.0,15.0,32.0,18.0,209.0,343.0,,52.0,232.0,4.0,80.0,111.0,591.0,,7.0,7.0,11.0,1.0,10.0,2.0,91.0,27.0,109.0,4.0,6.0
LaLiga Santander,https://www.laliga.com/en-ES/player/rafinha,596,rafinha,Rafael Alcántara do Nascimento,Rafael,Rafael,Alcántara do Nascimento,male,1993-02-12T00:00:00+00:00,São Paulo,71.0,174.0,True,https://twitter.com/Rafinha,https://instagram.com/Rafinhaaa93,BR,Real Sociedad,RSO,1909-09-07T00:00:00+0000,https://assets.laliga.com/assets/2019/06/07/medium/real-sociedad.png,17.0,Midfielder,https://assets.laliga.com/squad/2021/t188/p92819/512x556/p92819_t188_2021_1_001_000.png,Reale Arena,https://assets.laliga.com/assets/2019/10/03/medium/b20727f80d7b4c9d5ad18acec9b663c5.png,28.0,15.0,13.0,17.0,,1.0,0.0,125.0,3.0,2.0,,,,11.0,3.0,,,199.0,87.0,112.0,43.0,177.0,17.0,,17.0,,,,,1.0,10.0,9.0,1.0,1.0,,171.0,72.0,99.0,1.0,,1.0,1.0,51.0,12.0,9.0,,1.0,184.0,,636.0,,,,,,,,,1.0,,28.0,19.0,90.0,,,166.0,,,,,,,,,9.0,2.0,13.0,,13.0,4.0,1.0,4.0,2.0,18.0,27.0,,11.0,24.0,562.0,361.0,220.0,553.0,16.0,27.0,38.0,2.0,,1.0,1060.0,40.0,3.0,21.0,38.0,162.0,652.0,,11.0,577.0,43.0,20.0,75.0,937.0,9.0,17.0,7.0,18.0,4.0,,10.0,72.0,20.0,65.0,0.0,3.0
LaLiga Santander,https://www.laliga.com/en-ES/player/nteka,11979,nteka,Randy Nteka,Nteka,Randy,Nteka,male,1997-12-06T00:00:00+00:00,Paris,75.0,189.0,False,,,FR,Rayo Vallecano,RAY,1924-05-20T00:00:00+0000,https://assets.laliga.com/assets/2019/06/07/medium/rayo.png,9.0,Midfielder,https://assets.laliga.com/squad/2021/t184/p449300/512x556/p449300_t184_2021_1_001_000.png,Estadio de Vallecas,https://assets.laliga.com/assets/2019/08/12/medium/b86a37d70be8931c079066cc8c48817f.png,131.0,69.0,62.0,34.0,,,1.0,85.0,2.0,1.0,,,,,7.0,,,289.0,164.0,125.0,49.0,125.0,21.0,2.0,34.0,,,,,3.0,20.0,16.0,4.0,2.0,1.0,158.0,95.0,63.0,2.0,,1.0,2.0,22.0,8.0,14.0,,1.0,85.0,3.0,386.0,,,,,,,,,3.0,,34.0,20.0,56.0,,2.0,100.0,,,,,,,,,19.0,8.0,16.0,,16.0,18.0,,1.0,1.0,16.0,23.0,,21.0,4.0,257.0,196.0,71.0,262.0,11.0,13.0,38.0,4.0,,4.0,1461.0,47.0,10.0,41.0,24.0,258.0,395.0,,27.0,266.0,24.0,69.0,129.0,706.0,,8.0,8.0,14.0,3.0,,8.0,121.0,16.0,121.0,1.0,3.0
LaLiga Santander,https://www.laliga.com/en-ES/player/r-albiol,3455,r-albiol,Raúl Albiol,R. Albiol,Raúl,Albiol,male,1985-09-04T00:00:00+00:00,Valencia,74.0,187.0,False,,,ES,Villarreal CF,VIL,1923-03-10T00:00:00+0000,https://assets.laliga.com/assets/2019/06/07/medium/villarreal.png,3.0,Defender,https://assets.laliga.com/squad/2021/t449/p18003/512x556/p18003_t449_2021_1_001_000.png,Estadio de la Cerámica,https://assets.laliga.com/assets/2019/10/03/medium/ac940b8f6681d614e337d20d5bf7f0a8.png,70.0,28.0,42.0,28.0,,,0.0,116.0,,15.0,,11.0,1.0,,2.0,,,138.0,56.0,82.0,33.0,523.0,9.0,,28.0,1.0,,,,,25.0,21.0,4.0,,,68.0,28.0,40.0,,,,0.0,56.0,21.0,4.0,,,606.0,2.0,1499.0,,,,,,,,,3.0,,21.0,9.0,137.0,,,310.0,,,,,,,,,4.0,1.0,28.0,,2.0,,,,,3.0,26.0,18.0,,131.0,1291.0,393.0,945.0,1207.0,11.0,15.0,38.0,,,1.0,2466.0,7.0,124.0,18.0,12.0,235.0,1555.0,,5.0,1338.0,26.0,8.0,217.0,1828.0,,3.0,3.0,1.0,61.0,,114.0,133.0,87.0,103.0,0.0,8.0
LaLiga Santander,https://www.laliga.com/en-ES/player/raul-garcia,572,raul-garcia,Raúl García,Raul Garcia,Raúl,García,male,1986-07-11T00:00:00+00:00,Pamplona,83.0,184.0,False,,,ES,Athletic Club,ATH,1898-12-31T00:00:00+0000,https://assets.laliga.com/assets/2019/06/07/medium/athletic.png,22.0,Midfielder,https://assets.laliga.com/squad/2021/t174/p18498/512x556/p18498_t174_2021_1_001_000.png,Estadio San Mamés,https://assets.laliga.com/assets/2019/06/17/medium/f020571f7c260516dfab3b9dc5df6348.png,128.0,71.0,57.0,35.0,2.0,,3.0,110.0,11.0,4.0,,,,,8.0,,,285.0,160.0,125.0,55.0,249.0,31.0,,35.0,,,2.0,,6.0,17.0,16.0,1.0,6.0,,157.0,89.0,68.0,1.0,1.0,2.0,3.0,78.0,9.0,16.0,,2.0,117.0,12.0,578.0,,,,,,,1.0,,2.0,,40.0,26.0,62.0,,3.0,106.0,,,,,,,,,19.0,14.0,24.0,,23.0,11.0,,2.0,2.0,9.0,27.0,4.0,18.0,19.0,357.0,253.0,110.0,342.0,10.0,17.0,38.0,2.0,,1.0,1812.0,18.0,20.0,49.0,32.0,293.0,582.0,,33.0,361.0,27.0,70.0,221.0,862.0,,18.0,18.0,3.0,3.0,,25.0,201.0,38.0,196.0,1.0,4.0
LaLiga Santander,https://www.laliga.com/en-ES/player/raul-4,12694,raul-4,Raúl García,Raul,Raúl,García,male,2000-11-03T00:00:00+00:00,Olesa de Montserrat,70.0,192.0,False,,,ES,Real Betis,BET,1907-09-12T00:00:00+0000,https://assets.laliga.com/assets/2019/06/07/medium/betis.png,35.0,Forward,https://assets.laliga.com/squad/2021/t185/p490859/512x556/p490859_t185_2021_0_001_000.png,Estadio Benito Villamarín,https://assets.laliga.com/assets/2019/06/17/medium/f211dabccff68741a75d175307d78f59.png,,,,1.0,,,0.0,,,,,,,,,,,,,,,1.0,,,1.0,,,,,,,,,,,,,,,,,0.0,86.0,,,,,,,1.0,,,,,,,,,,,,,,,,,,,,,,,,,,,,,,1.0,,,,,,,,,,,,,,,38.0,,,,1.0,,,,,1.0,1.0,,,,,,1.0,1.0,,,,,,,,1.0,,1.0,0.0,
LaLiga Santander,https://www.laliga.com/en-ES/player/raul-guti,1587,raul-guti,José Raúl Gutiérrez Parejo,Raúl Guti,José Raúl,Gutiérrez Parejo,male,1996-12-30T00:00:00+00:00,Zaragoza,74.0,177.0,False,,,ES,Elche CF,ELC,1923-03-01T00:00:00+0000,https://assets.laliga.com/assets/2019/06/07/medium/elche.png,8.0,Midfielder,https://assets.laliga.com/squad/2021/t954/p195381/512x556/p195381_t954_2021_1_001_000.png,Estadio Martínez Valero,https://assets.laliga.com/assets/2019/08/12/medium/150e2d322086b631feb7ec0016b982f6.png,30.0,18.0,12.0,31.0,,,0.0,127.0,3.0,3.0,,3.0,,1.0,2.0,,,156.0,77.0,79.0,45.0,242.0,7.0,,31.0,,,,,,17.0,15.0,2.0,,,126.0,59.0,67.0,1.0,,,0.0,21.0,25.0,10.0,,,225.0,,767.0,,,,,,,,,1.0,,22.0,6.0,106.0,1.0,,183.0,,,,,,,2.0,,10.0,5.0,17.0,,8.0,14.0,,1.0,1.0,11.0,21.0,1.0,5.0,42.0,645.0,354.0,302.0,613.0,10.0,15.0,38.0,3.0,,3.0,1626.0,25.0,7.0,16.0,34.0,178.0,777.0,1.0,15.0,655.0,25.0,15.0,122.0,1000.0,,8.0,8.0,10.0,14.0,,35.0,88.0,42.0,87.0,0.0,2.0
LaLiga Santander,https://www.laliga.com/en-ES/player/raul-parra,16375,raul-parra,Raúl Parra,Raúl Parra,Raúl,Parra,male,1999-11-26T00:00:00+00:00,,,,False,,,ES,Cádiz CF,CAD,1910-09-10T00:00:00+0000,https://assets.laliga.com/assets/2019/06/07/medium/cadiz.png,36.0,Defender,,Estadio Nuevo Mirandilla,https://assets.laliga.com/assets/2019/08/12/medium/ec810605f774c1a9a3ed75de01826124.png,,,,2.0,,,0.0,2.0,,,,,,,,,,6.0,3.0,3.0,1.0,17.0,,,2.0,,,,,,1.0,1.0,,,,6.0,3.0,3.0,,,,0.0,48.0,,,,,3.0,,24.0,,,,,,,,,,,3.0,,6.0,,,3.0,,,,,,,,,,,1.0,,1.0,1.0,,,,,1.0,,,1.0,13.0,4.0,10.0,13.0,1.0,1.0,38.0,,,6.0,88.0,1.0,5.0,,1.0,14.0,25.0,,,14.0,2.0,,11.0,44.0,,,,1.0,2.0,,4.0,5.0,6.0,7.0,0.0,
LaLiga Santander,https://www.laliga.com/en-ES/player/raul-torrente,15720,raul-torrente,Raúl Torrente,Torrente,Raúl,Torrente,male,2001-09-11T00:00:00+00:00,,,,False,,,ES,Granada CF,GRA,1931-01-01T00:00:00+0000,https://assets.laliga.com/assets/2019/06/07/medium/granada.png,28.0,Defender,https://assets.laliga.com/squad/2021/t5683/p519534/512x556/p519534_t5683_2021_1_001_000.png,Nuevo Los Cármenes,https://assets.laliga.com/assets/2019/08/07/medium/4de53714b029bf44d86c53bd0d6835d3.png,46.0,25.0,21.0,18.0,,,0.0,36.0,2.0,9.0,,2.0,,,1.0,,,125.0,61.0,64.0,38.0,274.0,18.0,1.0,18.0,,,,,,20.0,16.0,4.0,,,79.0,36.0,43.0,1.0,,1.0,0.0,25.0,12.0,4.0,,,96.0,1.0,580.0,,,2.0,,,,,,3.0,,12.0,5.0,67.0,,,192.0,,,,,,,,,2.0,,15.0,,3.0,3.0,,,,1.0,16.0,10.0,,40.0,421.0,107.0,326.0,393.0,10.0,21.0,38.0,1.0,,2.0,1282.0,,68.0,24.0,11.0,173.0,598.0,,2.0,433.0,31.0,6.0,165.0,769.0,,2.0,2.0,,35.0,,90.0,119.0,48.0,75.0,0.0,5.0
LaLiga Santander,https://www.laliga.com/en-ES/player/r-d-t,1070,r-d-t,Raúl de Tomás,R.d.t,Raúl,de Tomás,male,1994-10-17T00:00:00+00:00,Madrid,72.0,180.0,False,https://twitter.com/RaulDeTomas9,https://instagram.com/rauldetomas17/,ES,RCD Espanyol de Barcelona,ESP,1900-10-23T00:00:00+0000,https://assets.laliga.com/assets/2019/06/07/medium/espanyol.png,11.0,Forward,https://assets.laliga.com/squad/2021/t177/p119403/512x556/p119403_t177_2021_1_001_000.png,RCDE Stadium,https://assets.laliga.com/assets/2019/06/17/medium/306cc02af120e092849ddf38954bcb3e.png,72.0,37.0,35.0,34.0,1.0,9.0,5.0,239.0,20.0,3.0,,3.0,,,21.0,,,316.0,162.0,154.0,77.0,106.0,17.0,1.0,34.0,,,3.0,,17.0,44.0,43.0,1.0,16.0,1.0,244.0,125.0,119.0,3.0,2.0,7.0,12.0,66.0,6.0,22.0,,5.0,146.0,31.0,678.0,,,1.0,,,,5.0,5.0,3.0,,27.0,9.0,67.0,1.0,10.0,229.0,,,,,,,,1.0,41.0,45.0,33.0,1.0,12.0,1.0,,5.0,5.0,50.0,39.0,,44.0,61.0,563.0,412.0,197.0,543.0,4.0,11.0,38.0,1.0,1.0,2.0,2923.0,82.0,38.0,35.0,55.0,313.0,720.0,2.0,86.0,604.0,15.0,138.0,116.0,1264.0,,17.0,17.0,22.0,3.0,1.0,23.0,105.0,28.0,93.0,3.0,5.0
LaLiga Santander,https://www.laliga.com/en-ES/player/reinildo,13105,reinildo,Reinildo Isnard Mandava,Reinildo,Reinildo Isnard,Mandava,male,1994-01-21T00:00:00+00:00,Beira,73.0,180.0,False,,,MZ,Atlético de Madrid,ATM,1903-04-26T00:00:00+0000,https://assets.laliga.com/assets/2019/06/07/medium/atletico.png,23.0,Defender,https://assets.laliga.com/squad/2021/t175/p434399/512x556/p434399_t175_2021_1_001_000.png,Wanda Metropolitano,https://assets.laliga.com/assets/2019/06/17/medium/935f92c15c4d3442ef3f6d843beba0e1.png,52.0,29.0,23.0,17.0,,,0.0,60.0,,9.0,,4.0,,,2.0,,,158.0,66.0,92.0,30.0,275.0,16.0,,17.0,,,,,,12.0,10.0,2.0,,,106.0,37.0,69.0,1.0,,,0.0,51.0,21.0,3.0,1.0,,62.0,,567.0,,,1.0,,,,,,3.0,,17.0,9.0,88.0,,,184.0,,,,,,,,,2.0,,15.0,,4.0,2.0,,,,5.0,14.0,6.0,,18.0,473.0,171.0,315.0,468.0,20.0,25.0,38.0,1.0,17.0,73.0,1298.0,7.0,32.0,26.0,20.0,150.0,581.0,,2.0,486.0,45.0,9.0,95.0,879.0,,16.0,16.0,2.0,20.0,,40.0,75.0,36.0,55.0,0.0,4.0
LaLiga Santander,https://www.laliga.com/en-ES/player/renan-lodi,12010,renan-lodi,Renan Augusto Lodi dos Santos,Renan Lodi,Renan Augusto,Lodi dos Santos,male,1998-04-08T00:00:00+00:00,Serrana,68.0,173.0,False,,,BR,Atlético de Madrid,ATM,1903-04-26T00:00:00+0000,https://assets.laliga.com/assets/2019/06/07/medium/atletico.png,12.0,Defender,https://assets.laliga.com/squad/2021/t175/p233420/512x556/p233420_t175_2021_1_001_000.png,Wanda Metropolitano,https://assets.laliga.com/assets/2019/06/17/medium/935f92c15c4d3442ef3f6d843beba0e1.png,49.0,21.0,28.0,29.0,2.0,,0.0,118.0,1.0,4.0,,1.0,,2.0,9.0,,,177.0,80.0,97.0,35.0,130.0,12.0,,29.0,,,2.0,,2.0,13.0,11.0,2.0,2.0,,128.0,59.0,69.0,4.0,,,2.0,97.0,13.0,9.0,,2.0,31.0,3.0,476.0,,,1.0,,,,,,2.0,,35.0,18.0,64.0,,,210.0,,,,,,,,,5.0,4.0,13.0,,10.0,16.0,,9.0,9.0,17.0,19.0,1.0,,11.0,386.0,181.0,227.0,388.0,13.0,18.0,38.0,,11.0,77.0,1174.0,26.0,15.0,21.0,21.0,189.0,489.0,,9.0,399.0,31.0,38.0,90.0,837.0,,39.0,39.0,14.0,12.0,1.0,20.0,88.0,41.0,70.0,1.0,5.0
LaLiga Santander,https://www.laliga.com/en-ES/player/tapia-1,5068,tapia-1,Renato Tapia,Tapia,Renato,Tapia,male,1995-07-28T00:00:00+00:00,Lima,78.0,185.0,False,,,PE,RC Celta,CEL,1923-08-23T00:00:00+0000,https://assets.laliga.com/assets/2019/06/07/medium/celta.png,14.0,Midfielder,https://assets.laliga.com/squad/2021/t176/p166162/512x556/p166162_t176_2021_1_001_000.png,Estadio ABANCA Balaídos,https://assets.laliga.com/assets/2019/06/17/medium/0aef263ef366bd0b81369408adb27cd6.png,53.0,23.0,30.0,29.0,,,0.0,61.0,2.0,5.0,,3.0,,,2.0,,,222.0,110.0,112.0,44.0,263.0,26.0,,29.0,,,,,,19.0,14.0,5.0,,,169.0,87.0,82.0,,,,0.0,26.0,28.0,4.0,,,261.0,,812.0,,,,,,,,,1.0,,29.0,16.0,107.0,,,266.0,,,,,,,,,7.0,3.0,13.0,,7.0,16.0,,1.0,1.0,6.0,26.0,5.0,,63.0,647.0,335.0,347.0,618.0,19.0,31.0,38.0,3.0,,1.0,1402.0,22.0,39.0,35.0,26.0,212.0,851.0,,10.0,681.0,50.0,9.0,170.0,1126.0,,2.0,1.0,9.0,31.0,,71.0,110.0,62.0,99.0,0.0,10.0
LaLiga Santander,https://www.laliga.com/en-ES/player/r-manaj,6308,r-manaj,Rey Manaj,R. Manaj,Rey,Manaj,male,1997-02-24T00:00:00+00:00,Lushnjë,76.0,182.0,True,,,AL,Spezia,SPZ,,https://assets.laliga.com/assets/2021/03/11/medium/9744bec98a29e159e991de7513818163.png,9.0,Forward,,Alberto Picco,,166.0,96.0,70.0,30.0,,6.0,3.0,146.0,20.0,,,1.0,,1.0,15.0,,,422.0,250.0,172.0,71.0,115.0,21.0,1.0,30.0,,,,,5.0,36.0,27.0,9.0,5.0,,256.0,154.0,102.0,5.0,1.0,2.0,2.0,91.0,4.0,13.0,,1.0,85.0,11.0,382.0,,,,,1.0,,3.0,2.0,3.0,,28.0,16.0,57.0,,3.0,94.0,,,,,,,,,18.0,16.0,19.0,,12.0,11.0,1.0,2.0,1.0,22.0,32.0,,18.0,3.0,269.0,197.0,132.0,324.0,7.0,12.0,38.0,1.0,,,1768.0,86.0,13.0,54.0,62.0,285.0,440.0,,34.0,327.0,19.0,70.0,113.0,858.0,,4.0,4.0,27.0,3.0,9.0,6.0,98.0,19.0,107.0,0.0,9.0
LaLiga Santander,https://www.laliga.com/en-ES/player/riqui-puig,7487,riqui-puig,Ricard Puig Martí,Riqui Puig,Ricard,Puig Martí,male,1999-08-13T00:00:00+00:00,Matadepera,56.0,169.0,False,,,ES,FC Barcelona,BAR,1899-11-29T00:00:00+0000,https://assets.laliga.com/assets/2019/06/07/medium/barcelona.png,6.0,Forward,https://assets.laliga.com/squad/2021/t178/p437765/512x556/p437765_t178_2021_1_001_000.png,Camp Nou,https://assets.laliga.com/assets/2019/06/17/medium/0623ce55ec3ee4e439ed6d24fe2ba77b.png,4.0,3.0,1.0,15.0,,,0.0,100.0,4.0,,,2.0,,1.0,2.0,,,57.0,35.0,22.0,22.0,68.0,6.0,,15.0,,,,,1.0,4.0,3.0,1.0,1.0,,53.0,32.0,21.0,2.0,,,1.0,93.0,3.0,5.0,,,106.0,,441.0,,,,,,,,,,,10.0,5.0,42.0,,1.0,176.0,,,,,,,,,2.0,3.0,2.0,,,13.0,,,,5.0,9.0,,9.0,16.0,408.0,285.0,132.0,401.0,3.0,3.0,38.0,,,1.0,474.0,13.0,,9.0,10.0,58.0,450.0,,5.0,417.0,6.0,12.0,33.0,521.0,,1.0,1.0,3.0,,,4.0,27.0,7.0,29.0,0.0,
LaLiga Santander,https://www.laliga.com/en-ES/player/rober,9431,rober,Roberto González,Rober,Roberto,González,male,2001-01-08T00:00:00+00:00,Mérida,63.0,169.0,False,,,ES,UD Las Palmas,LPA,1949-08-22T00:00:00+0000,https://assets.laliga.com/assets/2019/06/07/medium/las-palmas.png,25.0,Forward,https://assets.laliga.com/squad/2021/t407/p248503/512x556/p248503_t407_2021_0_001_000.png,Estadio Gran Canaria,https://assets.laliga.com/assets/2019/08/12/medium/e0129e197124bb917f768da2112d594a.png,19.0,15.0,4.0,20.0,,,2.0,74.0,4.0,,,,,2.0,6.0,,,142.0,69.0,73.0,24.0,53.0,8.0,1.0,20.0,,,,,2.0,10.0,10.0,,2.0,,123.0,54.0,69.0,1.0,,,0.0,10.0,5.0,7.0,,1.0,79.0,2.0,236.0,,,,,,,,,2.0,,27.0,13.0,36.0,,1.0,35.0,,,,,,,,,2.0,11.0,9.0,,9.0,11.0,,,,15.0,15.0,,7.0,4.0,183.0,143.0,44.0,183.0,4.0,12.0,44.0,,1.0,1.0,877.0,30.0,1.0,19.0,38.0,128.0,241.0,,13.0,187.0,16.0,47.0,54.0,450.0,1.0,13.0,12.0,19.0,,,6.0,51.0,16.0,48.0,1.0,3.0
LaLiga Santander,https://www.laliga.com/en-ES/player/rober-ibanez,1542,rober-ibanez,Roberto Ibáñez Castro,Rober Ibañez,Roberto,Ibáñez Castro,male,1993-03-22T00:00:00+00:00,Valencia,67.0,175.0,False,,https://instagram.com/rober.ic77/,ES,CD Leganés,LEG,1928-06-23T00:00:00+0000,https://assets.laliga.com/assets/2019/06/07/medium/leganes.png,7.0,Forward,https://assets.laliga.com/squad/2021/t957/p168390/512x556/p168390_t957_2021_1_001_000.png,Estadio Municipal Butarque,https://assets.laliga.com/assets/2019/10/03/medium/2b7303ff6a9beaf1b4dc88599116df55.png,12.0,8.0,4.0,16.0,1.0,,1.0,53.0,6.0,,,,,,7.0,,,160.0,70.0,90.0,23.0,35.0,11.0,,16.0,,,1.0,,1.0,13.0,11.0,2.0,1.0,,148.0,62.0,86.0,1.0,,,0.0,10.0,5.0,9.0,,1.0,64.0,3.0,179.0,,,,,,,,,2.0,,15.0,7.0,43.0,,,27.0,,,,,,,,,3.0,5.0,8.0,,7.0,8.0,,1.0,1.0,27.0,12.0,1.0,8.0,4.0,140.0,103.0,38.0,136.0,4.0,7.0,42.0,3.0,,,738.0,43.0,,12.0,48.0,117.0,179.0,,8.0,140.0,11.0,24.0,39.0,389.0,,8.0,8.0,17.0,,3.0,2.0,37.0,10.0,37.0,0.0,1.0
LaLiga Santander,https://www.laliga.com/en-ES/player/rober-pier,4044,rober-pier,Roberto Suárez Pier,Rober Pier,Roberto,Suárez Pier,male,1995-02-16T00:00:00+00:00,La Coruña,74.0,182.0,False,,,ES,Levante UD,LEV,1909-09-07T00:00:00+0000,https://assets.laliga.com/assets/2019/06/07/medium/levante.png,4.0,Defender,https://assets.laliga.com/squad/2021/t855/p220093/512x556/p220093_t855_2021_1_001_000.png,Estadio Ciutat de València,https://assets.laliga.com/assets/2021/07/21/medium/ae79ef9d1c26baf8602706ba1acef94b.png,60.0,32.0,28.0,27.0,,,0.0,55.0,2.0,15.0,,4.0,,,2.0,,,165.0,86.0,79.0,52.0,497.0,18.0,,27.0,,,,,1.0,41.0,35.0,6.0,1.0,,105.0,54.0,51.0,,,,1.0,22.0,30.0,4.0,,1.0,307.0,,1006.0,,,1.0,,,,,,2.0,,20.0,10.0,150.0,1.0,,179.0,,,,,,,,,3.0,3.0,21.0,,3.0,6.0,,1.0,1.0,5.0,22.0,18.0,,67.0,799.0,265.0,565.0,762.0,16.0,20.0,38.0,,,2.0,2008.0,4.0,86.0,35.0,10.0,236.0,1038.0,1.0,6.0,829.0,36.0,16.0,209.0,1300.0,,5.0,5.0,1.0,50.0,,115.0,138.0,76.0,94.0,0.0,3.0
LaLiga Santander,https://www.laliga.com/en-ES/player/navarro-2,14936,navarro-2,Robert Navarro,Navarro,Robert,Navarro,male,2002-04-12T00:00:00+00:00,Barcelona,,178.0,False,,,ES,R. Sociedad B,RSOB,1909-09-07T00:00:00+0000,https://assets.laliga.com/assets/2019/06/07/medium/real-sociedad.png,24.0,Midfielder,,Zubieta,,17.0,11.0,6.0,24.0,3.0,1.0,0.0,137.0,8.0,,,,,12.0,16.0,,,206.0,108.0,98.0,50.0,162.0,7.0,,24.0,,,3.0,,1.0,22.0,21.0,1.0,1.0,,189.0,97.0,92.0,,,5.0,1.0,10.0,10.0,30.0,,,100.0,4.0,556.0,,,,,,,,,2.0,,27.0,17.0,60.0,,1.0,181.0,,,,,,,1.0,,17.0,13.0,23.0,,19.0,1.0,,3.0,3.0,41.0,19.0,,14.0,25.0,434.0,354.0,106.0,432.0,11.0,10.0,42.0,5.0,1.0,6.0,1664.0,68.0,3.0,11.0,30.0,287.0,580.0,,30.0,457.0,21.0,66.0,123.0,944.0,3.0,21.0,15.0,35.0,1.0,1.0,11.0,127.0,17.0,112.0,0.0,
LaLiga Santander,https://www.laliga.com/en-ES/player/soldado,1904,soldado,Roberto Soldado,Soldado,Roberto,Soldado,male,1985-05-27T00:00:00+00:00,Valencia,74.0,180.0,True,https://twitter.com/R9Soldado,,ES,Levante UD,LEV,1909-09-07T00:00:00+0000,https://assets.laliga.com/assets/2019/06/07/medium/levante.png,16.0,Forward,https://assets.laliga.com/squad/2021/t855/p17926/512x556/p17926_t855_2021_1_001_000.png,Estadio Ciutat de València,https://assets.laliga.com/assets/2021/07/21/medium/ae79ef9d1c26baf8602706ba1acef94b.png,24.0,18.0,6.0,18.0,2.0,,1.0,51.0,1.0,,,,,,,,,53.0,36.0,17.0,15.0,29.0,6.0,,18.0,,,2.0,,3.0,15.0,13.0,2.0,3.0,,29.0,18.0,11.0,,,,2.0,23.0,1.0,6.0,,1.0,32.0,9.0,130.0,,,,,,,,,,,10.0,4.0,8.0,1.0,2.0,33.0,,,,,,,,,8.0,8.0,7.0,1.0,7.0,11.0,,1.0,1.0,3.0,7.0,,5.0,3.0,81.0,62.0,35.0,93.0,2.0,1.0,38.0,1.0,,1.0,660.0,7.0,7.0,9.0,5.0,70.0,145.0,2.0,16.0,96.0,3.0,36.0,49.0,218.0,,,,4.0,2.0,1.0,4.0,43.0,6.0,45.0,1.0,5.0
LaLiga Santander,https://www.laliga.com/en-ES/player/r-torres,455,r-torres,Roberto Torres,R. Torres,Roberto,Torres,male,1989-03-07T00:00:00+00:00,Arre,72.0,178.0,False,https://twitter.com/rober10_torres,,ES,CA Osasuna,OSA,1920-11-17T00:00:00+0000,https://assets.laliga.com/assets/2019/06/07/medium/osasuna.png,10.0,Midfielder,https://assets.laliga.com/squad/2021/t450/p90402/512x556/p90402_t450_2021_1_001_000.png,Estadio El Sadar,https://assets.laliga.com/assets/2021/01/20/medium/c1b35f03ff875a4a12c7dcbd477d964a.png,17.0,13.0,4.0,28.0,2.0,,2.0,63.0,4.0,,,,,35.0,12.0,,,72.0,45.0,27.0,21.0,121.0,6.0,,28.0,,,2.0,,2.0,14.0,14.0,,2.0,,55.0,32.0,23.0,,,,0.0,49.0,8.0,22.0,,,113.0,,328.0,,,,,,,2.0,2.0,,,20.0,8.0,59.0,,2.0,49.0,,,,,,,,,5.0,6.0,6.0,,6.0,22.0,9.0,21.0,10.0,5.0,7.0,3.0,,28.0,230.0,167.0,93.0,211.0,3.0,4.0,38.0,2.0,,8.0,798.0,12.0,4.0,8.0,11.0,194.0,346.0,,11.0,239.0,7.0,12.0,107.0,535.0,24.0,59.0,28.0,7.0,5.0,1.0,26.0,148.0,18.0,81.0,0.0,3.0
LaLiga Santander,https://www.laliga.com/en-ES/player/le-normand,9468,le-normand,Robin Le Normand,Le Normand,Robin,Le Normand,male,1996-11-11T00:00:00+00:00,Pabu,80.0,187.0,False,,,FR,Real Sociedad,RSO,1909-09-07T00:00:00+0000,https://assets.laliga.com/assets/2019/06/07/medium/real-sociedad.png,24.0,Defender,https://assets.laliga.com/squad/2021/t188/p224919/512x556/p224919_t188_2021_1_001_000.png,Reale Arena,https://assets.laliga.com/assets/2019/10/03/medium/b20727f80d7b4c9d5ad18acec9b663c5.png,177.0,68.0,109.0,37.0,,,1.0,132.0,5.0,22.0,,19.0,,,1.0,,,294.0,115.0,179.0,65.0,648.0,14.0,,37.0,9.0,,1.0,,1.0,37.0,32.0,5.0,1.0,,117.0,47.0,70.0,,1.0,2.0,0.0,63.0,48.0,4.0,,,569.0,2.0,2085.0,,,,,,,,,5.0,,19.0,12.0,155.0,,,804.0,,,,,,,,,8.0,5.0,37.0,,,,,,,1.0,26.0,19.0,,127.0,1829.0,440.0,1455.0,1768.0,17.0,32.0,38.0,1.0,,2.0,3330.0,5.0,118.0,37.0,22.0,288.0,2153.0,,13.0,1895.0,49.0,42.0,258.0,2521.0,,1.0,1.0,2.0,49.0,,97.0,151.0,108.0,161.0,1.0,7.0
LaLiga Santander,https://www.laliga.com/en-ES/player/rodri-3,12718,rodri-3,Rodrigo Sánchez,Rodri,Rodrigo,Sánchez,male,2000-05-16T00:00:00+00:00,Talayuela,,,False,,,ES,Real Betis,BET,1907-09-12T00:00:00+0000,https://assets.laliga.com/assets/2019/06/07/medium/betis.png,28.0,Midfielder,https://assets.laliga.com/squad/2021/t185/p491430/512x556/p491430_t185_2021_1_001_000.png,Estadio Benito Villamarín,https://assets.laliga.com/assets/2019/06/17/medium/f211dabccff68741a75d175307d78f59.png,8.0,8.0,,21.0,2.0,,1.0,85.0,2.0,,,,,1.0,6.0,,,88.0,47.0,41.0,13.0,121.0,1.0,,21.0,,,2.0,,1.0,14.0,10.0,4.0,1.0,,80.0,39.0,41.0,1.0,,2.0,0.0,47.0,3.0,15.0,,1.0,159.0,1.0,400.0,,,,,,,,,1.0,,21.0,11.0,54.0,,,38.0,,,,,,,,,6.0,7.0,10.0,,10.0,11.0,,1.0,1.0,16.0,5.0,,6.0,12.0,331.0,243.0,92.0,322.0,3.0,7.0,38.0,5.0,,2.0,880.0,21.0,4.0,2.0,15.0,117.0,403.0,,13.0,334.0,10.0,34.0,69.0,548.0,,9.0,9.0,10.0,2.0,1.0,5.0,64.0,14.0,64.0,0.0,
LaLiga Santander,https://www.laliga.com/en-ES/player/battaglia,6385,battaglia,Rodrigo Battaglia,Battaglia,Rodrigo,Battaglia,male,1991-07-12T00:00:00+00:00,Morón,79.0,187.0,False,,,AR,RCD Mallorca,MLL,1916-03-06T00:00:00+0000,https://assets.laliga.com/assets/2019/06/07/medium/mallorca.png,16.0,Midfielder,https://assets.laliga.com/squad/2021/t181/p89551/512x556/p89551_t181_2021_1_001_000.png,Visit Mallorca Estadi,https://assets.laliga.com/assets/2019/08/07/medium/6f67f604b5025b10ef0dc14d700586ae.png,58.0,25.0,33.0,26.0,,,0.0,71.0,2.0,10.0,,3.0,1.0,,3.0,,,173.0,81.0,92.0,33.0,178.0,14.0,,26.0,,,,,,25.0,23.0,2.0,,,115.0,56.0,59.0,2.0,,,0.0,61.0,10.0,3.0,,,141.0,,482.0,,,1.0,,,,,,5.0,,20.0,11.0,82.0,1.0,,120.0,,,,,,,,,2.0,1.0,12.0,,5.0,14.0,,,,10.0,15.0,4.0,2.0,18.0,401.0,205.0,222.0,409.0,16.0,16.0,38.0,,1.0,,1174.0,16.0,36.0,28.0,18.0,117.0,510.0,1.0,3.0,427.0,32.0,14.0,83.0,706.0,,1.0,1.0,5.0,13.0,,25.0,56.0,28.0,58.0,0.0,3.0
LaLiga Santander,https://www.laliga.com/en-ES/player/de-paul,1481,de-paul,Rodrigo de Paul,R. De Paul,Rodrigo,de Paul,male,1994-05-24T00:00:00+00:00,"Sarandi, Buenos Aires",70.0,180.0,False,,,AR,Atlético de Madrid,ATM,1903-04-26T00:00:00+0000,https://assets.laliga.com/assets/2019/06/07/medium/atletico.png,5.0,Midfielder,https://assets.laliga.com/squad/2021/t175/p119141/512x556/p119141_t175_2021_1_001_000.png,Wanda Metropolitano,https://assets.laliga.com/assets/2019/06/17/medium/935f92c15c4d3442ef3f6d843beba0e1.png,40.0,22.0,18.0,36.0,1.0,,2.0,142.0,7.0,3.0,,4.0,,46.0,15.0,,,292.0,136.0,156.0,63.0,410.0,29.0,,36.0,,,1.0,,3.0,24.0,20.0,4.0,2.0,1.0,252.0,114.0,138.0,4.0,,,1.0,89.0,21.0,48.0,,,388.0,1.0,1221.0,,,,,,,,,1.0,,45.0,21.0,159.0,,3.0,350.0,,,,,,,2.0,,8.0,9.0,24.0,,15.0,12.0,16.0,33.0,14.0,25.0,28.0,2.0,12.0,102.0,1002.0,663.0,426.0,954.0,25.0,30.0,38.0,21.0,,17.0,2154.0,44.0,13.0,45.0,59.0,382.0,1290.0,,17.0,1056.0,55.0,20.0,234.0,1779.0,25.0,59.0,30.0,13.0,9.0,,76.0,251.0,42.0,158.0,1.0,7.0
LaLiga Santander,https://www.laliga.com/en-ES/player/rodrygo,12013,rodrygo,Rodrygo Silva de Goes,Rodrygo,Rodrygo,Silva de Goes,male,2001-01-09T00:00:00+00:00,Osasco,64.0,174.0,False,,,BR,Real Madrid,RMA,1902-03-06T00:00:00+0000,https://assets.laliga.com/assets/2019/06/07/medium/real-madrid.png,21.0,Forward,https://assets.laliga.com/squad/2021/t186/p440077/512x556/p440077_t186_2021_1_001_000.png,Estadio Santiago Bernabéu,https://assets.laliga.com/assets/2019/06/08/medium/e6695a8184f41deea3ad87dd9c12ab1f.png,39.0,25.0,14.0,33.0,3.0,,1.0,202.0,7.0,,,1.0,,27.0,20.0,,,191.0,103.0,88.0,40.0,105.0,8.0,3.0,33.0,,,4.0,,4.0,13.0,12.0,1.0,4.0,,152.0,78.0,74.0,3.0,,,3.0,88.0,11.0,24.0,,,169.0,13.0,609.0,,,,,,,,,2.0,,39.0,21.0,72.0,,4.0,150.0,,,,,,,,,12.0,15.0,17.0,,15.0,16.0,5.0,8.0,3.0,27.0,14.0,,16.0,7.0,522.0,436.0,111.0,532.0,4.0,14.0,38.0,1.0,1.0,8.0,1527.0,46.0,3.0,20.0,29.0,229.0,626.0,,27.0,539.0,18.0,116.0,87.0,972.0,10.0,33.0,23.0,31.0,4.0,,9.0,99.0,21.0,78.0,1.0,3.0
LaLiga Santander,https://www.laliga.com/en-ES/player/roger-ms,877,roger-ms,Roger Martí,Roger Ms.,Roger,Martí,male,1991-01-03T00:00:00+00:00,Torrent,74.0,179.0,False,https://twitter.com/Roger27M,,ES,Levante UD,LEV,1909-09-07T00:00:00+0000,https://assets.laliga.com/assets/2019/06/07/medium/levante.png,9.0,Forward,https://assets.laliga.com/squad/2021/t855/p109702/512x556/p109702_t855_2021_1_001_000.png,Estadio Ciutat de València,https://assets.laliga.com/assets/2021/07/21/medium/ae79ef9d1c26baf8602706ba1acef94b.png,85.0,54.0,31.0,29.0,2.0,,3.0,136.0,6.0,,,1.0,,,9.0,,,267.0,173.0,94.0,74.0,111.0,35.0,1.0,29.0,,,3.0,,7.0,42.0,36.0,6.0,7.0,,182.0,119.0,63.0,2.0,,2.0,4.0,48.0,2.0,20.0,,1.0,110.0,12.0,399.0,,,,,,,3.0,1.0,3.0,,28.0,14.0,49.0,,6.0,91.0,,,,,,,,,23.0,20.0,25.0,,13.0,4.0,,1.0,1.0,14.0,31.0,2.0,15.0,12.0,263.0,192.0,121.0,300.0,9.0,14.0,38.0,5.0,,,2124.0,37.0,8.0,62.0,28.0,244.0,448.0,,43.0,312.0,23.0,100.0,136.0,751.0,,9.0,9.0,14.0,4.0,3.0,15.0,120.0,25.0,121.0,1.0,8.0
LaLiga Santander,https://www.laliga.com/en-ES/player/roger-martinez-1,24673,roger-martinez-1,Roger Martínez,Roger,Roger,Martínez,male,2004-04-05T00:00:00+00:00,,,,False,,,ES,RCD Espanyol de Barcelona,ESP,1900-10-23T00:00:00+0000,https://assets.laliga.com/assets/2019/06/07/medium/espanyol.png,37.0,Midfielder,,RCDE Stadium,https://assets.laliga.com/assets/2019/06/17/medium/306cc02af120e092849ddf38954bcb3e.png,,,,,,,,,,,,,,,,,,,,,,,,,,,,,,,,,,,,,,,,,,,,,,,,,,,,,,,,,,,,,,,,,,,,,,,,,,,,,,,,,,,,,,,,,,,,,,,38.0,,,,,,,,,,,,,,,,,,,,,,,,,,,,,
LaLiga Santander,https://www.laliga.com/en-ES/player/r-araujo,12130,r-araujo,Ronald Araújo,R. Araujo,Ronald,Araújo,male,1999-03-07T00:00:00+00:00,Rivera,79.0,188.0,False,,,UY,FC Barcelona,BAR,1899-11-29T00:00:00+0000,https://assets.laliga.com/assets/2019/06/07/medium/barcelona.png,4.0,Defender,https://assets.laliga.com/squad/2021/t178/p445087/512x556/p445087_t178_2021_1_001_000.png,Camp Nou,https://assets.laliga.com/assets/2019/06/17/medium/0623ce55ec3ee4e439ed6d24fe2ba77b.png,85.0,25.0,60.0,30.0,,,2.0,157.0,3.0,20.0,,6.0,1.0,,5.0,,,180.0,61.0,119.0,41.0,481.0,13.0,,30.0,1.0,,,,4.0,29.0,25.0,4.0,4.0,,95.0,36.0,59.0,,3.0,1.0,2.0,100.0,23.0,8.0,,,682.0,1.0,1559.0,,,,,,,,,2.0,,23.0,17.0,135.0,,1.0,287.0,,,,,,,,,5.0,10.0,25.0,,3.0,5.0,,3.0,3.0,6.0,18.0,7.0,,85.0,1404.0,472.0,980.0,1364.0,18.0,23.0,38.0,,5.0,39.0,2270.0,8.0,59.0,25.0,12.0,198.0,1607.0,,15.0,1449.0,41.0,29.0,158.0,1912.0,,4.0,4.0,2.0,30.0,,80.0,104.0,58.0,78.0,1.0,6.0
LaLiga Santander,https://www.laliga.com/en-ES/player/r-alcaraz,1858,r-alcaraz,Rubén Alcaraz,R. Alcaraz,Rubén,Alcaraz,male,1991-05-01T00:00:00+00:00,Barcelona,81.0,183.0,False,,,ES,Cádiz CF,CAD,1910-09-10T00:00:00+0000,https://assets.laliga.com/assets/2019/06/07/medium/cadiz.png,4.0,Midfielder,https://assets.laliga.com/squad/2021/t1737/p96771/512x556/p96771_t1737_2021_1_001_000.png,Estadio Nuevo Mirandilla,https://assets.laliga.com/assets/2019/08/12/medium/ec810605f774c1a9a3ed75de01826124.png,45.0,23.0,22.0,14.0,,5.0,1.0,81.0,6.0,2.0,,5.0,,7.0,4.0,,,201.0,92.0,109.0,21.0,202.0,19.0,,14.0,,,,,2.0,12.0,10.0,2.0,1.0,1.0,156.0,69.0,87.0,1.0,1.0,,1.0,93.0,13.0,14.0,,1.0,182.0,1.0,609.0,,,1.0,,,,,,5.0,,21.0,8.0,86.0,,,176.0,,,,,,,,,11.0,6.0,12.0,,2.0,2.0,2.0,6.0,3.0,11.0,8.0,2.0,1.0,59.0,520.0,324.0,230.0,489.0,21.0,20.0,38.0,3.0,,2.0,1105.0,17.0,13.0,30.0,35.0,150.0,641.0,,17.0,548.0,41.0,19.0,93.0,870.0,2.0,17.0,11.0,6.0,8.0,,37.0,85.0,25.0,56.0,1.0,7.0
LaLiga Santander,https://www.laliga.com/en-ES/player/ruben-blanco,585,ruben-blanco,Rubén Blanco,Ruben Blanco,Rubén,Blanco,male,1995-07-25T00:00:00+00:00,Mos,70.0,188.0,False,https://twitter.com/Rubenblanco13,https://instagram.com/Rubenblanco13,ES,RC Celta,CEL,1923-08-23T00:00:00+0000,https://assets.laliga.com/assets/2019/06/07/medium/celta.png,13.0,Goalkeeper,https://assets.laliga.com/squad/2021/t176/p106539/512x556/p106539_t176_2021_1_001_000.png,Estadio ABANCA Balaídos,https://assets.laliga.com/assets/2019/06/17/medium/0aef263ef366bd0b81369408adb27cd6.png,,,,,,,,,,,,,,,,,,,,,,,,,,,,,,,,,,,,,,,,,,,,,,,,,,,,,,,,,,,,,,,,,,,,,,,,,,,,,,,,,,,,,,,,,,,,,,,38.0,,,,,,,,,,,,,,,,,,,,,,,,,,,,,
LaLiga Santander,https://www.laliga.com/en-ES/player/r-duarte,1741,r-duarte,Rubén Duarte,R. Duarte,Rubén,Duarte,male,1995-10-18T00:00:00+00:00,Almerí­a,75.0,180.0,False,https://twitter.com/RubenDuarte_27,https://instagram.com/rubenduarte27/,ES,Deportivo Alavés,ALA,1921-01-23T00:00:00+0000,https://assets.laliga.com/assets/2020/09/01/medium/27002754a98bf535807fe49a24cc63ea.png,3.0,Defender,https://assets.laliga.com/squad/2021/t173/p126119/512x556/p126119_t173_2021_1_001_000.png,Mendizorroza,https://assets.laliga.com/assets/2019/06/17/medium/6b906780ba96aa6689192fb9afcaac6b.png,91.0,37.0,54.0,34.0,4.0,,0.0,122.0,3.0,6.0,,4.0,,13.0,13.0,,,309.0,134.0,175.0,72.0,506.0,32.0,1.0,34.0,,,4.0,,,44.0,39.0,5.0,,,218.0,97.0,121.0,1.0,,1.0,0.0,28.0,57.0,18.0,,,25.0,2.0,907.0,,,1.0,,,,,,4.0,,66.0,34.0,163.0,1.0,,270.0,,,,,,,1.0,,3.0,3.0,31.0,,11.0,3.0,3.0,26.0,18.0,5.0,39.0,27.0,,59.0,612.0,335.0,316.0,566.0,29.0,47.0,38.0,1.0,53.0,246.0,2627.0,11.0,71.0,45.0,40.0,487.0,923.0,1.0,6.0,625.0,76.0,19.0,298.0,1762.0,9.0,93.0,78.0,4.0,81.0,,133.0,312.0,79.0,165.0,0.0,10.0
LaLiga Santander,https://www.laliga.com/en-ES/player/ruben-garcia,972,ruben-garcia,Rubén García,Rubén García,Rubén,García,male,1993-07-14T00:00:00+00:00,Valencia,72.0,171.0,False,https://twitter.com/RubenSan93,,ES,CA Osasuna,OSA,1920-11-17T00:00:00+0000,https://assets.laliga.com/assets/2019/06/07/medium/osasuna.png,14.0,Forward,https://assets.laliga.com/squad/2021/t450/p130026/512x556/p130026_t450_2021_1_001_000.png,Estadio El Sadar,https://assets.laliga.com/assets/2021/01/20/medium/c1b35f03ff875a4a12c7dcbd477d964a.png,74.0,45.0,29.0,37.0,6.0,4.0,1.0,239.0,9.0,4.0,,1.0,,89.0,24.0,,,278.0,155.0,123.0,55.0,249.0,25.0,,37.0,,,6.0,,1.0,36.0,35.0,1.0,,1.0,204.0,110.0,94.0,,,1.0,0.0,34.0,24.0,53.0,,1.0,160.0,8.0,988.0,,,1.0,,,,2.0,,4.0,,59.0,27.0,139.0,,,387.0,,,,,,,,,12.0,12.0,30.0,,29.0,7.0,37.0,65.0,22.0,24.0,21.0,10.0,12.0,52.0,764.0,609.0,262.0,754.0,17.0,26.0,38.0,1.0,2.0,28.0,2395.0,41.0,15.0,37.0,28.0,470.0,1035.0,,24.0,806.0,43.0,64.0,229.0,1629.0,45.0,134.0,74.0,23.0,12.0,2.0,33.0,315.0,48.0,196.0,0.0,1.0
LaLiga Santander,https://www.laliga.com/en-ES/player/ruben-iranzo,25202,ruben-iranzo,Rubén Iranzo,R. Iranzo,Rubén,Iranzo,male,2003-03-14T00:00:00+00:00,Picanya,,182.0,False,,,ES,Valencia CF,VAL,1919-03-18T00:00:00+0000,https://assets.laliga.com/assets/2019/06/07/medium/valencia.png,39.0,Defender,,Camp de Mestalla,https://assets.laliga.com/assets/2019/06/17/medium/984682326cdbb55f5034778b7690a795.png,1.0,1.0,,4.0,,,0.0,3.0,,,,,,,,,,11.0,8.0,3.0,3.0,23.0,,,4.0,,,,,,6.0,6.0,,,,10.0,7.0,3.0,,,1.0,0.0,1.0,2.0,,,,15.0,,46.0,,,,,,,,,2.0,,4.0,4.0,8.0,,,6.0,,,,,,,,,1.0,,1.0,,,3.0,,,,,2.0,1.0,,2.0,37.0,20.0,18.0,36.0,,3.0,38.0,,1.0,2.0,134.0,,6.0,2.0,,10.0,47.0,,1.0,38.0,3.0,2.0,9.0,69.0,,,,,2.0,,5.0,7.0,2.0,4.0,0.0,2.0
LaLiga Santander,https://www.laliga.com/en-ES/player/r-pena,1495,r-pena,Rubén Peña,R. Peña,Rubén,Peña,male,1991-07-18T00:00:00+00:00,Ávila,65.0,170.0,False,https://twitter.com/RPenha9,,ES,Villarreal CF,VIL,1923-03-10T00:00:00+0000,https://assets.laliga.com/assets/2019/06/07/medium/villarreal.png,20.0,Forward,https://assets.laliga.com/squad/2021/t449/p126290/512x556/p126290_t449_2021_1_001_000.png,Estadio de la Cerámica,https://assets.laliga.com/assets/2019/10/03/medium/ac940b8f6681d614e337d20d5bf7f0a8.png,8.0,5.0,3.0,7.0,,,0.0,7.0,,,,,,1.0,2.0,,,37.0,26.0,11.0,6.0,11.0,4.0,,7.0,,,,,,,,,,,29.0,21.0,8.0,,,,0.0,53.0,5.0,2.0,,,22.0,,44.0,,,,,,,,,,,4.0,1.0,11.0,,,4.0,,,,,,,,,1.0,2.0,1.0,,1.0,6.0,,2.0,2.0,2.0,3.0,1.0,1.0,1.0,35.0,27.0,10.0,34.0,2.0,,38.0,,1.0,1.0,127.0,9.0,1.0,8.0,4.0,25.0,44.0,,3.0,35.0,2.0,7.0,9.0,86.0,1.0,4.0,3.0,3.0,,,1.0,12.0,1.0,8.0,0.0,1.0
LaLiga Santander,https://www.laliga.com/en-ES/player/rochina,1202,rochina,Rubén Rochina,Rochina,Rubén,Rochina,male,1991-03-23T00:00:00+00:00,Sagunto,76.0,182.0,False,https://twitter.com/rubenrochina23,,ES,Granada CF,GRA,1931-01-01T00:00:00+0000,https://assets.laliga.com/assets/2019/06/07/medium/granada.png,21.0,Midfielder,https://assets.laliga.com/squad/2021/t5683/p86168/512x556/p86168_t5683_2021_1_001_000.png,Nuevo Los Cármenes,https://assets.laliga.com/assets/2019/08/07/medium/4de53714b029bf44d86c53bd0d6835d3.png,15.0,9.0,6.0,15.0,2.0,1.0,0.0,76.0,5.0,1.0,,2.0,,17.0,4.0,,,118.0,61.0,57.0,22.0,115.0,8.0,,15.0,,,3.0,,1.0,12.0,11.0,1.0,,1.0,103.0,52.0,51.0,,,,1.0,98.0,6.0,10.0,,1.0,100.0,1.0,321.0,,,,,,,,,,,22.0,10.0,45.0,,,47.0,,,,,,,,,5.0,5.0,8.0,,3.0,7.0,4.0,9.0,4.0,14.0,11.0,1.0,5.0,35.0,231.0,169.0,86.0,211.0,8.0,13.0,38.0,3.0,,4.0,739.0,21.0,4.0,11.0,16.0,172.0,338.0,,10.0,246.0,21.0,5.0,92.0,541.0,8.0,27.0,13.0,5.0,11.0,,34.0,100.0,19.0,58.0,1.0,3.0
LaLiga Santander,https://www.laliga.com/en-ES/player/sobrino,1005,sobrino,Rubén Sobrino,Sobrino,Rubén,Sobrino,male,1992-06-01T00:00:00+00:00,Daimiel,73.0,185.0,False,https://twitter.com/rubensobrino1,https://instagram.com/rubensobrino19,ES,Cádiz CF,CAD,1910-09-10T00:00:00+0000,https://assets.laliga.com/assets/2019/06/07/medium/cadiz.png,21.0,Forward,https://assets.laliga.com/squad/2021/t1737/p112994/512x556/p112994_t1737_2021_1_001_000.png,Estadio Nuevo Mirandilla,https://assets.laliga.com/assets/2019/08/12/medium/ec810605f774c1a9a3ed75de01826124.png,96.0,57.0,39.0,33.0,1.0,,,93.0,6.0,1.0,,4.0,,,6.0,,,317.0,185.0,132.0,76.0,122.0,24.0,,33.0,,,1.0,,4.0,31.0,28.0,3.0,4.0,,221.0,128.0,93.0,2.0,1.0,1.0,,10.0,21.0,12.0,,,146.0,4.0,462.0,,,,,,,,,6.0,,42.0,20.0,107.0,,3.0,113.0,,,,,,,,,17.0,10.0,19.0,,10.0,14.0,,3.0,3.0,33.0,35.0,2.0,4.0,12.0,337.0,214.0,138.0,337.0,11.0,17.0,38.0,1.0,2.0,4.0,1856.0,56.0,16.0,46.0,33.0,260.0,474.0,,27.0,349.0,28.0,77.0,125.0,862.0,,11.0,11.0,23.0,5.0,1.0,14.0,99.0,37.0,111.0,,3.0
LaLiga Santander,https://www.laliga.com/en-ES/player/ruben-sanchez-3,19186,ruben-sanchez-3,Rubén Sánchez,Ruben,Rubén,Sánchez,male,2001-02-04T00:00:00+00:00,,,,False,,,ES,RCD Espanyol de Barcelona,ESP,1900-10-23T00:00:00+0000,https://assets.laliga.com/assets/2019/06/07/medium/espanyol.png,39.0,Midfielder,,RCDE Stadium,https://assets.laliga.com/assets/2019/06/17/medium/306cc02af120e092849ddf38954bcb3e.png,7.0,2.0,5.0,4.0,1.0,,0.0,16.0,,,,,,,2.0,,,25.0,10.0,15.0,3.0,12.0,3.0,,4.0,,,1.0,,,3.0,3.0,,,,18.0,8.0,10.0,,,,0.0,100.0,2.0,,,,17.0,,46.0,,,,,,,,,,,2.0,,4.0,,,1.0,,,,,,,,,1.0,,1.0,,,3.0,,,,3.0,3.0,,,1.0,33.0,8.0,25.0,32.0,5.0,1.0,38.0,1.0,2.0,12.0,148.0,1.0,4.0,4.0,1.0,29.0,46.0,,1.0,33.0,6.0,1.0,13.0,97.0,,9.0,9.0,,1.0,,2.0,17.0,5.0,11.0,0.0,
LaLiga Santander,https://www.laliga.com/en-ES/player/r-yanez,983,r-yanez,Rubén Yáñez,R. Yáñez,Rubén,Yáñez,male,1993-10-12T00:00:00+00:00,Blanes,85.0,190.0,False,https://twitter.com/ruben_yanez1,,ES,Getafe CF,GET,1983-03-30T00:00:00+0000,https://assets.laliga.com/assets/2019/06/07/medium/getafe.png,1.0,Goalkeeper,https://assets.laliga.com/squad/2021/t1450/p110713/512x556/p110713_t1450_2021_1_001_000.png,Coliseum Alfonso Pérez,https://assets.laliga.com/assets/2019/06/17/medium/b881ba5a6846e7ccdbc3a6a75a2c5e69.png,,,,,,,,,,,,,,,,,,,,,,,,,,,,,,,,,,,,,,,,,,,,,,,,,,,,,,,,,,,,,,,,,,,,,,,,,,,,,,,,,,,,,,,,,,,,,,,38.0,,,,,,,,,,,,,,,,,,,,,,,,,,,,,
LaLiga Santander,https://www.laliga.com/en-ES/player/rui-silva,5889,rui-silva,Rui Tiago Dantas da Silva,Rui Silva,Rui Tiago,Dantas da Silva,male,1994-02-07T00:00:00+00:00,Águas Santas,91.0,191.0,False,,,PT,Real Betis,BET,1907-09-12T00:00:00+0000,https://assets.laliga.com/assets/2019/06/07/medium/betis.png,13.0,Goalkeeper,https://assets.laliga.com/squad/2021/t185/p124097/512x556/p124097_t185_2021_1_001_000.png,Estadio Benito Villamarín,https://assets.laliga.com/assets/2019/06/17/medium/f211dabccff68741a75d175307d78f59.png,4.0,,4.0,22.0,,,0.0,,,,14.0,8.0,,,,,4.0,9.0,2.0,7.0,,378.0,1.0,,22.0,221.0,59.0,,5.0,,21.0,18.0,3.0,,,5.0,2.0,3.0,,,,0.0,60.0,1.0,,,,123.0,,323.0,,,1.0,2.0,,,,,2.0,6.0,,,185.0,,,128.0,,55.0,3.0,39.0,16.0,9.0,,,,,21.0,,,1.0,,,,,,23.0,,129.0,239.0,54.0,367.0,292.0,1.0,,38.0,,,,1963.0,,17.0,1.0,3.0,213.0,629.0,,,421.0,1.0,,208.0,842.0,,,,,74.0,,203.0,156.0,52.0,5.0,0.0,2.0
LaLiga Santander,https://www.laliga.com/en-ES/player/ruben-vezo,1172,ruben-vezo,Rúben Miguel Nunes Vezo,Ruben Vezo,Rúben Miguel,Nunes Vezo,male,1994-04-25T00:00:00+00:00,Setúbal,80.0,182.0,False,https://twitter.com/VezoRuben,https://instagram.com/rubenvezo3,PT,Levante UD,LEV,1909-09-07T00:00:00+0000,https://assets.laliga.com/assets/2019/06/07/medium/levante.png,14.0,Defender,https://assets.laliga.com/squad/2021/t855/p116206/512x556/p116206_t855_2021_1_001_000.png,Estadio Ciutat de València,https://assets.laliga.com/assets/2021/07/21/medium/ae79ef9d1c26baf8602706ba1acef94b.png,93.0,41.0,52.0,32.0,,,0.0,63.0,4.0,25.0,,4.0,,,3.0,,,225.0,98.0,127.0,54.0,455.0,10.0,1.0,32.0,3.0,,,,,55.0,47.0,8.0,,,132.0,57.0,75.0,1.0,,,0.0,37.0,36.0,6.0,,,362.0,,1183.0,,,1.0,,,,,,2.0,,31.0,16.0,142.0,,,367.0,,,,,,,,,10.0,4.0,27.0,,4.0,5.0,,,,5.0,27.0,9.0,,92.0,985.0,314.0,729.0,951.0,12.0,29.0,38.0,2.0,,8.0,2420.0,8.0,101.0,35.0,29.0,234.0,1247.0,,14.0,1043.0,41.0,26.0,204.0,1601.0,,6.0,6.0,3.0,27.0,,88.0,130.0,80.0,116.0,0.0,4.0
LaLiga Santander,https://www.laliga.com/en-ES/player/salva-sevilla,918,salva-sevilla,Salvador Sevilla,Salva Sevilla,Salvador,Sevilla,male,1984-03-18T00:00:00+00:00,"Berja, Almería",71.0,178.0,False,https://twitter.com/SalvaSevilla14,,ES,RCD Mallorca,MLL,1916-03-06T00:00:00+0000,https://assets.laliga.com/assets/2019/06/07/medium/mallorca.png,8.0,Midfielder,https://assets.laliga.com/squad/2021/t181/p55354/512x556/p55354_t181_2021_1_001_000.png,Visit Mallorca Estadi,https://assets.laliga.com/assets/2019/08/07/medium/6f67f604b5025b10ef0dc14d700586ae.png,8.0,6.0,2.0,28.0,3.0,7.0,1.0,115.0,8.0,6.0,,1.0,1.0,49.0,7.0,,,72.0,38.0,34.0,28.0,356.0,10.0,,28.0,,,3.0,,5.0,28.0,23.0,5.0,4.0,1.0,64.0,32.0,32.0,1.0,,1.0,4.0,50.0,14.0,24.0,,,204.0,,859.0,,,,,,,4.0,4.0,3.0,,20.0,6.0,114.0,,5.0,272.0,,,,,,,,,10.0,8.0,17.0,,16.0,11.0,10.0,14.0,,5.0,15.0,4.0,4.0,71.0,726.0,448.0,363.0,726.0,6.0,12.0,38.0,4.0,1.0,2.0,1510.0,7.0,10.0,15.0,9.0,223.0,947.0,,18.0,797.0,18.0,8.0,150.0,1154.0,24.0,40.0,6.0,2.0,5.0,,42.0,157.0,33.0,108.0,0.0,2.0
LaLiga Santander,https://www.laliga.com/en-ES/player/sanchez-1,4084,sanchez-1,Salvador Sánchez Ponce,Sánchez,Salvador,Sánchez Ponce,male,1991-03-30T00:00:00+00:00,Sanlúcar de Barrameda,64.0,175.0,False,https://twitter.com/1991Salvi,https://instagram.com/salvi1991/,ES,Cádiz CF,CAD,1910-09-10T00:00:00+0000,https://assets.laliga.com/assets/2019/06/07/medium/cadiz.png,7.0,Midfielder,https://assets.laliga.com/squad/2021/t1737/p94756/512x556/p94756_t1737_2021_1_001_000.png,Estadio Nuevo Mirandilla,https://assets.laliga.com/assets/2019/08/12/medium/ec810605f774c1a9a3ed75de01826124.png,34.0,19.0,15.0,23.0,1.0,,2.0,69.0,6.0,2.0,,2.0,,2.0,13.0,,,111.0,51.0,60.0,31.0,98.0,4.0,,23.0,,,1.0,,2.0,20.0,18.0,2.0,2.0,,77.0,32.0,45.0,,,,0.0,21.0,6.0,7.0,,,77.0,1.0,277.0,,,,,,,1.0,,4.0,,31.0,15.0,78.0,1.0,2.0,35.0,,,,,,,,,6.0,8.0,17.0,,11.0,6.0,1.0,11.0,10.0,9.0,15.0,5.0,3.0,8.0,188.0,127.0,73.0,181.0,10.0,10.0,38.0,2.0,2.0,12.0,1400.0,12.0,10.0,9.0,16.0,194.0,279.0,1.0,14.0,189.0,20.0,30.0,90.0,531.0,1.0,54.0,52.0,7.0,14.0,,26.0,118.0,26.0,64.0,1.0,1.0
LaLiga Santander,https://www.laliga.com/en-ES/player/chukwueze,8987,chukwueze,Samuel Chukwueze,Chukwueze,Samuel,Chukwueze,male,1999-05-22T00:00:00+00:00,Umahaia,70.0,172.0,False,,,NG,Villarreal CF,VIL,1923-03-10T00:00:00+0000,https://assets.laliga.com/assets/2019/06/07/medium/villarreal.png,11.0,Midfielder,https://assets.laliga.com/squad/2021/t449/p218328/512x556/p218328_t449_2021_1_001_000.png,Estadio de la Cerámica,https://assets.laliga.com/assets/2019/10/03/medium/ac940b8f6681d614e337d20d5bf7f0a8.png,25.0,18.0,7.0,27.0,3.0,,2.0,126.0,9.0,,,1.0,,1.0,15.0,,,214.0,111.0,103.0,30.0,93.0,6.0,,27.0,,,3.0,,3.0,14.0,13.0,1.0,3.0,,189.0,93.0,96.0,,,2.0,1.0,34.0,5.0,26.0,,3.0,205.0,12.0,439.0,,,,,,,,,3.0,,24.0,7.0,57.0,,,16.0,,,,,,,,,16.0,7.0,12.0,,9.0,15.0,,2.0,2.0,67.0,15.0,1.0,4.0,10.0,330.0,230.0,103.0,321.0,4.0,9.0,38.0,9.0,1.0,4.0,1329.0,79.0,4.0,11.0,16.0,268.0,440.0,,23.0,331.0,13.0,126.0,109.0,785.0,,14.0,14.0,59.0,2.0,1.0,10.0,100.0,23.0,99.0,0.0,4.0
LaLiga Santander,https://www.laliga.com/en-ES/player/umtiti,2306,umtiti,Samuel Umtiti,Umtiti,Samuel,Umtiti,male,1993-11-14T00:00:00+00:00,Yaoundé,75.0,182.0,True,https://twitter.com/UmtitiSam,https://instagram.com/samumtiti,FR,FC Barcelona,BAR,1899-11-29T00:00:00+0000,https://assets.laliga.com/assets/2019/06/07/medium/barcelona.png,23.0,Defender,https://assets.laliga.com/squad/2021/t178/p88580/512x556/p88580_t178_2021_1_001_000.png,Camp Nou,https://assets.laliga.com/assets/2019/06/17/medium/0623ce55ec3ee4e439ed6d24fe2ba77b.png,5.0,2.0,3.0,1.0,,,0.0,2.0,,1.0,,,,,,,,9.0,3.0,6.0,,18.0,,,1.0,,,,,,2.0,1.0,1.0,,,4.0,1.0,3.0,,,,0.0,46.0,,,,,2.0,1.0,46.0,,,,,,,,,,,1.0,,6.0,,,25.0,,,,,,,,,,,1.0,,,,,,,,,1.0,,5.0,40.0,14.0,27.0,36.0,,2.0,38.0,,2.0,1.0,90.0,,4.0,,1.0,8.0,47.0,,,41.0,2.0,,6.0,58.0,,,,,,,,1.0,5.0,6.0,0.0,1.0
LaLiga Santander,https://www.laliga.com/en-ES/player/sandro,532,sandro,Sandro Ramírez,Sandro,Sandro,Ramírez,male,1995-07-09T00:00:00+00:00,Las Palmas de Gran Canaria,71.0,175.0,False,https://twitter.com/sandroramirez9,https://instagram.com/sandroramirez9/,ES,Getafe CF,GET,1983-03-30T00:00:00+0000,https://assets.laliga.com/assets/2019/06/07/medium/getafe.png,12.0,Forward,https://assets.laliga.com/squad/2021/t1450/p108438/512x556/p108438_t1450_2021_1_001_000.png,Coliseum Alfonso Pérez,https://assets.laliga.com/assets/2019/06/17/medium/b881ba5a6846e7ccdbc3a6a75a2c5e69.png,37.0,23.0,14.0,29.0,,7.0,1.0,110.0,16.0,3.0,,,,5.0,17.0,,,189.0,110.0,79.0,41.0,69.0,14.0,,29.0,,,,,3.0,15.0,14.0,1.0,2.0,1.0,152.0,87.0,65.0,2.0,,,2.0,33.0,2.0,13.0,,1.0,66.0,11.0,325.0,,,,,,,,,1.0,,24.0,11.0,54.0,,2.0,97.0,,,,,,,,,21.0,13.0,19.0,,19.0,10.0,1.0,3.0,1.0,13.0,13.0,1.0,12.0,11.0,254.0,193.0,81.0,260.0,4.0,3.0,38.0,1.0,1.0,6.0,1471.0,47.0,3.0,31.0,45.0,213.0,342.0,,34.0,271.0,7.0,63.0,71.0,670.0,3.0,36.0,31.0,31.0,2.0,,4.0,92.0,15.0,67.0,0.0,7.0
LaLiga Santander,https://www.laliga.com/en-ES/player/s-mina,1068,s-mina,Santiago Mina Lorenzo,S. Mina,Santiago,Mina Lorenzo,male,1995-12-07T00:00:00+00:00,Vigo,77.0,181.0,False,https://twitter.com/SantiMina7,https://instagram.com/santimina7/,ES,RC Celta,CEL,1923-08-23T00:00:00+0000,https://assets.laliga.com/assets/2019/06/07/medium/celta.png,22.0,Forward,https://assets.laliga.com/squad/2021/t176/p150360/512x556/p150360_t176_2021_1_001_000.png,Estadio ABANCA Balaídos,https://assets.laliga.com/assets/2019/06/17/medium/0aef263ef366bd0b81369408adb27cd6.png,285.0,157.0,128.0,33.0,3.0,1.0,4.0,172.0,11.0,2.0,,5.0,,,13.0,,,478.0,274.0,204.0,85.0,146.0,26.0,2.0,33.0,,,3.0,,7.0,26.0,24.0,2.0,6.0,1.0,193.0,117.0,76.0,3.0,1.0,2.0,3.0,46.0,6.0,18.0,,2.0,129.0,10.0,627.0,,,,,,,1.0,,1.0,,38.0,26.0,105.0,,4.0,186.0,,,,,,,,,26.0,23.0,30.0,,16.0,3.0,,1.0,1.0,12.0,34.0,2.0,35.0,25.0,416.0,287.0,136.0,397.0,10.0,17.0,38.0,2.0,2.0,9.0,2378.0,43.0,21.0,53.0,39.0,337.0,633.0,,49.0,422.0,27.0,100.0,211.0,1043.0,,11.0,11.0,9.0,2.0,10.0,12.0,178.0,44.0,199.0,1.0,4.0
LaLiga Santander,https://www.laliga.com/en-ES/player/arias,2710,arias,Santiago Arias,Arias,Santiago,Arias,male,1992-01-13T00:00:00+00:00,Medellín,72.0,178.0,True,https://twitter.com/santiagoarias13,https://instagram.com/santiagoarias13/,CO,Granada CF,GRA,1931-01-01T00:00:00+0000,https://assets.laliga.com/assets/2019/06/07/medium/granada.png,2.0,Defender,https://assets.laliga.com/squad/2021/t5683/p102383/512x556/p102383_t5683_2021_1_001_000.png,Nuevo Los Cármenes,https://assets.laliga.com/assets/2019/08/07/medium/4de53714b029bf44d86c53bd0d6835d3.png,23.0,14.0,9.0,12.0,,,0.0,21.0,,4.0,,,,,2.0,,,61.0,32.0,29.0,21.0,58.0,2.0,,12.0,,,,,1.0,9.0,8.0,1.0,1.0,,38.0,18.0,20.0,,,,1.0,17.0,5.0,5.0,,,67.0,2.0,151.0,,,,,,,,,,,6.0,4.0,23.0,,1.0,6.0,,,,,,,,,2.0,1.0,4.0,,2.0,8.0,,3.0,3.0,3.0,9.0,3.0,,8.0,118.0,69.0,53.0,111.0,7.0,5.0,38.0,,18.0,31.0,433.0,7.0,9.0,6.0,5.0,80.0,152.0,,3.0,119.0,12.0,6.0,33.0,290.0,,12.0,12.0,4.0,5.0,,8.0,33.0,12.0,25.0,1.0,1.0
LaLiga Santander,https://www.laliga.com/en-ES/player/santiago-arzamendia,20471,santiago-arzamendia,Santiago Arzamendia,Arzamendia,Santiago,Arzamendia,male,1997-05-05T00:00:00+00:00,,74.0,173.0,False,,,PY,Cádiz CF,CAD,1910-09-10T00:00:00+0000,https://assets.laliga.com/assets/2019/06/07/medium/cadiz.png,19.0,Defender,https://assets.laliga.com/squad/2021/t1737/p242445/512x556/p242445_t1737_2021_1_001_000.png,Estadio Nuevo Mirandilla,https://assets.laliga.com/assets/2019/08/12/medium/ec810605f774c1a9a3ed75de01826124.png,31.0,19.0,12.0,14.0,,,0.0,36.0,2.0,,,1.0,,5.0,3.0,,,77.0,44.0,33.0,16.0,51.0,4.0,,14.0,,,,,1.0,7.0,6.0,1.0,,1.0,46.0,25.0,21.0,,,,1.0,20.0,4.0,1.0,,1.0,20.0,1.0,132.0,,,,,,,,,,,10.0,6.0,36.0,,,29.0,,,,,,,,,4.0,1.0,5.0,,4.0,9.0,2.0,5.0,3.0,3.0,7.0,1.0,1.0,5.0,87.0,45.0,50.0,85.0,8.0,6.0,38.0,,2.0,10.0,462.0,13.0,6.0,6.0,4.0,92.0,136.0,,5.0,90.0,14.0,4.0,46.0,259.0,3.0,13.0,10.0,7.0,7.0,,19.0,44.0,15.0,27.0,0.0,2.0
LaLiga Santander,https://www.laliga.com/en-ES/player/santi-c-v,4683,santi-c-v,Santiago Comesaña,Santi C.v.,Santiago,Comesaña,male,1996-10-05T00:00:00+00:00,Vigo,75.0,184.0,False,,,ES,Rayo Vallecano,RAY,1924-05-20T00:00:00+0000,https://assets.laliga.com/assets/2019/06/07/medium/rayo.png,6.0,Midfielder,https://assets.laliga.com/squad/2021/t184/p230071/512x556/p230071_t184_2021_1_001_000.png,Estadio de Vallecas,https://assets.laliga.com/assets/2019/08/12/medium/b86a37d70be8931c079066cc8c48817f.png,122.0,63.0,59.0,35.0,2.0,1.0,0.0,189.0,7.0,6.0,,2.0,,,6.0,,,484.0,237.0,247.0,94.0,517.0,33.0,,35.0,,,2.0,,1.0,34.0,30.0,4.0,1.0,,362.0,174.0,188.0,1.0,1.0,1.0,1.0,58.0,33.0,25.0,,,358.0,1.0,1412.0,,,,,,,,,6.0,,70.0,40.0,213.0,1.0,,400.0,,,,,,,,,20.0,5.0,32.0,,18.0,3.0,,3.0,3.0,48.0,47.0,2.0,9.0,86.0,1159.0,649.0,565.0,1125.0,31.0,56.0,38.0,3.0,,,2698.0,51.0,29.0,60.0,56.0,365.0,1464.0,1.0,25.0,1211.0,87.0,58.0,253.0,2004.0,,7.0,7.0,16.0,16.0,2.0,47.0,183.0,77.0,206.0,0.0,10.0
LaLiga Santander,https://www.laliga.com/en-ES/player/saul-2,1397,saul-2,Saul García,Saul,Saul,García,male,1994-11-09T00:00:00+00:00,Vioño de Piélagos,76.0,182.0,False,https://twitter.com/Saulgarcia3,https://instagram.com/saulgc3/,ES,Deportivo Alavés,ALA,1921-01-23T00:00:00+0000,https://assets.laliga.com/assets/2020/09/01/medium/27002754a98bf535807fe49a24cc63ea.png,12.0,Defender,https://assets.laliga.com/squad/2021/t173/p174955/512x556/p174955_t173_2021_1_001_000.png,Mendizorroza,https://assets.laliga.com/assets/2019/06/17/medium/6b906780ba96aa6689192fb9afcaac6b.png,,,,1.0,,,0.0,,,,,,,,,,,1.0,,1.0,,1.0,,,1.0,,,,,,,,,,,1.0,,1.0,,,,0.0,95.0,,,,,,,3.0,,,,,,,,,,,,,1.0,,,2.0,,,,,,,,,,,,,,1.0,,,,,,1.0,,1.0,1.0,,1.0,,,1.0,38.0,,,,3.0,,,,,2.0,3.0,,,1.0,1.0,,2.0,5.0,,,,,1.0,,1.0,2.0,,1.0,0.0,
LaLiga Santander,https://www.laliga.com/en-ES/player/saul-1,671,saul-1,Saúl Ñíguez,Saúl,Saúl,Ñíguez,male,1994-11-21T00:00:00+00:00,Elche,76.0,184.0,True,https://twitter.com/saulniguez,https://instagram.com/saulniguez/,ES,Chelsea,CHE,,https://assets.laliga.com/assets/2021/03/11/medium/c866272877492082027f638c5ca88e39.png,17.0,Midfielder,,Stamford Bridge,,19.0,11.0,8.0,10.0,,,0.0,92.0,2.0,3.0,,1.0,,,2.0,,,69.0,39.0,30.0,14.0,63.0,5.0,,10.0,,,,,,6.0,5.0,1.0,,,50.0,28.0,22.0,,,,0.0,59.0,7.0,3.0,,,58.0,,319.0,,,,,,,,,1.0,,15.0,11.0,18.0,,,112.0,,,,,,,,,2.0,1.0,5.0,,2.0,5.0,,2.0,2.0,2.0,8.0,4.0,3.0,13.0,283.0,144.0,147.0,276.0,11.0,9.0,38.0,,3.0,15.0,478.0,12.0,9.0,9.0,,70.0,325.0,,3.0,289.0,20.0,13.0,36.0,445.0,,8.0,8.0,1.0,3.0,,10.0,31.0,13.0,26.0,0.0,1.0
LaLiga Santander,https://www.laliga.com/en-ES/player/serge-aurier,2586,serge-aurier,Serge Aurier,Serge Aurier,Serge,Aurier,male,1992-12-24T00:00:00+00:00,Ouragahio,76.0,176.0,False,,,CI,Villarreal CF,VIL,1923-03-10T00:00:00+0000,https://assets.laliga.com/assets/2019/06/07/medium/villarreal.png,25.0,Defender,,Estadio de la Cerámica,https://assets.laliga.com/assets/2019/10/03/medium/ac940b8f6681d614e337d20d5bf7f0a8.png,38.0,17.0,21.0,19.0,1.0,,0.0,90.0,4.0,7.0,,3.0,1.0,,10.0,,,105.0,50.0,55.0,25.0,267.0,10.0,,19.0,,,1.0,,,12.0,12.0,,,,67.0,33.0,34.0,,,,0.0,83.0,11.0,5.0,,,231.0,1.0,619.0,,,1.0,,,,,,3.0,,19.0,7.0,52.0,,,41.0,,,,,,,,,5.0,2.0,10.0,,2.0,9.0,,7.0,7.0,14.0,15.0,1.0,,20.0,530.0,232.0,315.0,520.0,5.0,9.0,38.0,,8.0,76.0,1003.0,16.0,22.0,15.0,6.0,154.0,629.0,,7.0,540.0,14.0,23.0,89.0,895.0,,20.0,20.0,5.0,6.0,,11.0,79.0,30.0,78.0,0.0,4.0
LaLiga Santander,https://www.laliga.com/en-ES/player/s-darder,1042,s-darder,Sergi Darder,S. Darder,Sergi,Darder,male,1993-12-22T00:00:00+00:00,Arta,71.0,180.0,False,https://twitter.com/SergiDarder,,ES,RCD Espanyol de Barcelona,ESP,1900-10-23T00:00:00+0000,https://assets.laliga.com/assets/2019/06/07/medium/espanyol.png,10.0,Midfielder,https://assets.laliga.com/squad/2021/t177/p169007/512x556/p169007_t177_2021_1_001_000.png,RCDE Stadium,https://assets.laliga.com/assets/2019/06/17/medium/306cc02af120e092849ddf38954bcb3e.png,28.0,16.0,12.0,36.0,8.0,,0.0,233.0,11.0,1.0,,5.0,,30.0,14.0,,,282.0,134.0,148.0,58.0,500.0,19.0,,36.0,,,9.0,,3.0,49.0,48.0,1.0,1.0,2.0,254.0,118.0,136.0,1.0,1.0,,3.0,699.0,26.0,28.0,,,414.0,,1591.0,,,,,,,,,4.0,,40.0,15.0,171.0,,2.0,503.0,,,,,,,,,16.0,17.0,36.0,,11.0,,5.0,13.0,8.0,53.0,33.0,8.0,6.0,138.0,1357.0,823.0,599.0,1271.0,23.0,22.0,38.0,8.0,,5.0,3132.0,56.0,27.0,28.0,38.0,403.0,1650.0,,33.0,1409.0,45.0,41.0,241.0,2132.0,21.0,57.0,28.0,24.0,24.0,2.0,82.0,247.0,51.0,159.0,0.0,4.0
LaLiga Santander,https://www.laliga.com/en-ES/player/sergi-guardiola,1997,sergi-guardiola,Sergio Guardiola Navarro,Sergi Guardiola,Sergio,Guardiola Navarro,male,1991-05-29T00:00:00+00:00,Manacor,78.0,184.0,False,,,ES,Rayo Vallecano,RAY,1924-05-20T00:00:00+0000,https://assets.laliga.com/assets/2019/06/07/medium/rayo.png,16.0,Forward,https://assets.laliga.com/squad/2021/t184/p89850/512x556/p89850_t184_2021_1_001_000.png,Estadio de Vallecas,https://assets.laliga.com/assets/2019/08/12/medium/b86a37d70be8931c079066cc8c48817f.png,69.0,45.0,24.0,32.0,1.0,,3.0,118.0,15.0,2.0,,,,,20.0,,,207.0,132.0,75.0,65.0,83.0,13.0,1.0,32.0,,,2.0,,8.0,25.0,21.0,4.0,8.0,,138.0,87.0,51.0,1.0,,3.0,5.0,85.0,4.0,13.0,,7.0,110.0,14.0,365.0,,,,,,,1.0,1.0,2.0,,28.0,12.0,47.0,,1.0,73.0,,,,,,,,,18.0,18.0,20.0,,17.0,12.0,,3.0,3.0,13.0,31.0,,26.0,11.0,247.0,186.0,82.0,254.0,1.0,9.0,38.0,2.0,,2.0,1712.0,39.0,17.0,29.0,29.0,232.0,384.0,,36.0,265.0,10.0,88.0,119.0,686.0,,13.0,13.0,7.0,,8.0,4.0,115.0,17.0,115.0,2.0,3.0
LaLiga Santander,https://www.laliga.com/en-ES/player/s-gomez,516,s-gomez,Sergi Gómez,S. Gómez,Sergi,Gómez,male,1992-03-28T00:00:00+00:00,Arenas de Mar,80.0,185.0,False,https://twitter.com/gomez_sergi,https://instagram.com/sergigomez,ES,RCD Espanyol de Barcelona,ESP,1900-10-23T00:00:00+0000,https://assets.laliga.com/assets/2019/06/07/medium/espanyol.png,24.0,Defender,https://assets.laliga.com/squad/2021/t177/p86151/512x556/p86151_t177_2021_1_001_000.png,RCDE Stadium,https://assets.laliga.com/assets/2019/06/17/medium/306cc02af120e092849ddf38954bcb3e.png,89.0,50.0,39.0,31.0,1.0,,1.0,84.0,2.0,23.0,,7.0,1.0,,1.0,,,150.0,73.0,77.0,60.0,487.0,5.0,,31.0,6.0,,2.0,,1.0,47.0,46.0,1.0,1.0,,61.0,23.0,38.0,,,,0.0,47.0,40.0,2.0,,1.0,473.0,,1320.0,,,,,,,,,2.0,,25.0,10.0,103.0,,,324.0,,,,,,,,,3.0,3.0,31.0,1.0,3.0,,,,,1.0,30.0,12.0,,85.0,1123.0,288.0,872.0,1075.0,9.0,24.0,38.0,,,1.0,2723.0,3.0,118.0,11.0,4.0,218.0,1368.0,1.0,6.0,1160.0,33.0,15.0,208.0,1654.0,,,,,71.0,,133.0,112.0,96.0,75.0,0.0,1.0
LaLiga Santander,https://www.laliga.com/en-ES/player/s-roberto,21,s-roberto,Sergi Roberto,S. Roberto,Sergi,Roberto,male,1992-02-07T00:00:00+00:00,Reus,68.0,178.0,True,https://twitter.com/SergiRoberto10,https://instagram.com/sergiroberto/,ES,FC Barcelona,BAR,1899-11-29T00:00:00+0000,https://assets.laliga.com/assets/2019/06/07/medium/barcelona.png,20.0,Defender,https://assets.laliga.com/squad/2021/t178/p86157/512x556/p86157_t178_2021_0_001_000.png,Camp Nou,https://assets.laliga.com/assets/2019/06/17/medium/0623ce55ec3ee4e439ed6d24fe2ba77b.png,4.0,2.0,2.0,9.0,1.0,,0.0,46.0,,,,,,,3.0,,,21.0,7.0,14.0,14.0,47.0,1.0,,9.0,,,1.0,,2.0,7.0,5.0,2.0,2.0,,17.0,5.0,12.0,,,1.0,2.0,92.0,4.0,3.0,,1.0,104.0,1.0,231.0,,,,,,,,,,,5.0,2.0,25.0,,1.0,41.0,,,,,,,,,1.0,3.0,4.0,,4.0,5.0,,1.0,1.0,3.0,10.0,,1.0,2.0,212.0,129.0,91.0,217.0,4.0,1.0,38.0,,,10.0,399.0,2.0,6.0,1.0,4.0,34.0,238.0,,4.0,219.0,5.0,8.0,19.0,296.0,,8.0,8.0,,2.0,,2.0,19.0,8.0,17.0,0.0,1.0
LaLiga Santander,https://www.laliga.com/en-ES/player/sergio-aguero,2576,sergio-aguero,Sergio Agüero,Kun Agüero,Sergio,Agüero,male,1988-06-02T00:00:00+00:00,Buenos Aires,70.0,173.0,False,,,AR,,,,,,,,,,,,,,,,,,,,,,,,,,,,,,,,,,,,,,,,,,,,,,,,,,,,,,,,,,,,,,,,,,,,,,,,,,,,,,,,,,,,,,,,,,,,,,,,,,,,,,,,,,,,,,,,,,,,,,,,,,,,,,,,,,,,,
LaLiga Santander,https://www.laliga.com/en-ES/player/s-asenjo,76,s-asenjo,Sergio Asenjo,S. Asenjo,Sergio,Asenjo,male,1989-06-28T00:00:00+00:00,Palencia,87.0,189.0,False,https://twitter.com/SergioAsenjo1,https://instagram.com/sergioasenjo1,ES,,,,,,,,,,,,,,,,,,,,,,,,,,,,,,,,,,,,,,,,,,,,,,,,,,,,,,,,,,,,,,,,,,,,,,,,,,,,,,,,,,,,,,,,,,,,,,,,,,,,,,,,,,,,,,,,,,,,,,,,,,,,,,,,,,,,,
LaLiga Santander,https://www.laliga.com/en-ES/player/s-barcia,15768,s-barcia,Sergio Barcia,S. Barcia,Sergio,Barcia,male,2000-12-31T00:00:00+00:00,Vigo,,,False,,,ES,Granada CF,GRA,1931-01-01T00:00:00+0000,https://assets.laliga.com/assets/2019/06/07/medium/granada.png,29.0,Defender,https://assets.laliga.com/squad/2021/t5683/p519841/512x556/p519841_t5683_2021_1_001_000.png,Nuevo Los Cármenes,https://assets.laliga.com/assets/2019/08/07/medium/4de53714b029bf44d86c53bd0d6835d3.png,2.0,1.0,1.0,1.0,,,0.0,1.0,,1.0,,,,,,,,3.0,2.0,1.0,,12.0,,,1.0,,,,,,1.0,1.0,,,,1.0,1.0,,,,,0.0,6.0,1.0,,,,3.0,,22.0,,,,,,,,,,,,,6.0,,,6.0,,,,,,,,,,,1.0,,1.0,,,,,,,,,,8.0,1.0,7.0,8.0,,,38.0,,,,77.0,1.0,,,,15.0,22.0,,,8.0,,,14.0,27.0,,,,,5.0,,7.0,12.0,2.0,7.0,0.0,
LaLiga Santander,https://www.laliga.com/en-ES/player/sergio-bono,25519,sergio-bono,Sergio Bono,Sergio Bono,Sergio,Bono,male,2000-07-24T00:00:00+00:00,Alzira,,188.0,False,,,ES,,,,,,,,,,,,,,,,,,,,,,,,,,,,,,,,,,,,,,,,,,,,,,,,,,,,,,,,,,,,,,,,,,,,,,,,,,,,,,,,,,,,,,,,,,,,,,,,,,,,,,,,,,,,,,,,,,,,,,,,,,,,,,,,,,,,,
LaLiga Santander,https://www.laliga.com/en-ES/player/sergio,16,sergio,Sergio Busquets,Sergio,Sergio,Busquets,male,1988-07-16T00:00:00+00:00,Sabadell,76.0,189.0,True,,,ES,FC Barcelona,BAR,1899-11-29T00:00:00+0000,https://assets.laliga.com/assets/2019/06/07/medium/barcelona.png,5.0,Midfielder,https://assets.laliga.com/squad/2021/t178/p54104/512x556/p54104_t178_2021_1_001_000.png,Camp Nou,https://assets.laliga.com/assets/2019/06/17/medium/0623ce55ec3ee4e439ed6d24fe2ba77b.png,129.0,69.0,60.0,36.0,,,1.0,321.0,4.0,8.0,,8.0,,,5.0,,,411.0,173.0,238.0,79.0,694.0,29.0,,36.0,,,,,2.0,36.0,32.0,4.0,1.0,1.0,282.0,104.0,178.0,4.0,,,1.0,66.0,45.0,33.0,,1.0,918.0,2.0,2673.0,,,,,,,,,2.0,,57.0,36.0,281.0,,1.0,836.0,,,,,,,,,6.0,4.0,36.0,,4.0,,,2.0,2.0,21.0,43.0,2.0,20.0,202.0,2338.0,1411.0,1016.0,2223.0,44.0,49.0,38.0,13.0,,3.0,3202.0,20.0,30.0,53.0,67.0,403.0,2769.0,,10.0,2425.0,93.0,24.0,344.0,3214.0,,1.0,1.0,5.0,16.0,,82.0,256.0,89.0,262.0,1.0,12.0
LaLiga Santander,https://www.laliga.com/en-ES/player/camello,9784,camello,Sergio Camello,Camello,Sergio,Camello,male,2001-02-10T00:00:00+00:00,Madrid,69.0,177.0,False,,,ES,CD Mirandés,MIR,1927-05-03T00:00:00+0000,https://assets.laliga.com/assets/2019/06/07/medium/mirandes.png,24.0,Forward,https://assets.laliga.com/squad/2021/t5741/p248507/512x556/p248507_t5741_2021_1_001_000.png,Estadio Municipal de Anduva,https://assets.laliga.com/assets/2019/08/07/medium/09494ec693d409f51c9dac40661ceb95.png,115.0,81.0,34.0,36.0,3.0,,1.0,245.0,21.0,,,,,2.0,19.0,,,323.0,207.0,116.0,82.0,160.0,15.0,,36.0,,,4.0,,15.0,49.0,42.0,7.0,15.0,,208.0,126.0,82.0,1.0,,5.0,14.0,10.0,9.0,38.0,,6.0,152.0,16.0,653.0,,,,,,,2.0,,7.0,,48.0,16.0,90.0,,9.0,176.0,,,,,,,,,31.0,46.0,34.0,,19.0,2.0,1.0,3.0,2.0,37.0,34.0,,32.0,17.0,456.0,351.0,188.0,519.0,6.0,5.0,42.0,5.0,,4.0,2894.0,90.0,20.0,23.0,34.0,404.0,733.0,,77.0,536.0,11.0,166.0,197.0,1244.0,,13.0,13.0,41.0,6.0,8.0,21.0,169.0,41.0,176.0,3.0,6.0
LaLiga Santander,https://www.laliga.com/en-ES/player/canales,723,canales,Sergio Canales,Canales,Sergio,Canales,male,1991-02-16T00:00:00+00:00,Santander,65.0,176.0,False,https://twitter.com/SergioCanales,https://instagram.com/sergiocanalesoficial/,ES,Real Betis,BET,1907-09-12T00:00:00+0000,https://assets.laliga.com/assets/2019/06/07/medium/betis.png,10.0,Midfielder,https://assets.laliga.com/squad/2021/t185/p56448/512x556/p56448_t185_2021_1_001_000.png,Estadio Benito Villamarín,https://assets.laliga.com/assets/2019/06/17/medium/f211dabccff68741a75d175307d78f59.png,37.0,26.0,11.0,34.0,6.0,3.0,4.0,408.0,14.0,1.0,,6.0,,9.0,16.0,,,239.0,136.0,103.0,64.0,524.0,10.0,,34.0,,,7.0,,5.0,31.0,27.0,4.0,2.0,3.0,202.0,110.0,92.0,3.0,,1.0,1.0,59.0,10.0,58.0,,5.0,455.0,11.0,1738.0,,,,,,,,,3.0,,53.0,15.0,179.0,,,401.0,,,,,,,,1.0,15.0,25.0,33.0,,14.0,1.0,4.0,15.0,7.0,29.0,33.0,1.0,23.0,105.0,1475.0,986.0,549.0,1415.0,10.0,14.0,38.0,22.0,,16.0,2803.0,69.0,11.0,19.0,39.0,447.0,1788.0,,40.0,1520.0,24.0,75.0,268.0,2222.0,4.0,52.0,46.0,28.0,10.0,1.0,62.0,273.0,47.0,206.0,1.0,7.0
LaLiga Santander,https://www.laliga.com/en-ES/player/sergio-diez,25509,sergio-diez,Sergio Diez Roldán,Sergio Díez,Sergio,Diez Roldán,male,2003-07-28T00:00:00+00:00,Madrid,,178.0,False,,,ES,Atlético de Madrid,ATM,1903-04-26T00:00:00+0000,https://assets.laliga.com/assets/2019/06/07/medium/atletico.png,57.0,Defender,,Wanda Metropolitano,https://assets.laliga.com/assets/2019/06/17/medium/935f92c15c4d3442ef3f6d843beba0e1.png,,,,,,,,,,,,,,,,,,,,,,,,,,,,,,,,,,,,,,,,,,,,,,,,,,,,,,,,,,,,,,,,,,,,,,,,,,,,,,,,,,,,,,,,,,,,,,,38.0,,,,,,,,,,,,,,,,,,,,,,,,,,,,,
LaLiga Santander,https://www.laliga.com/en-ES/player/escudero,34,escudero,Sergio Escudero,Escudero,Sergio,Escudero,male,1989-09-02T00:00:00+00:00,Valladolid,65.0,176.0,False,https://twitter.com/SerEscudero89,https://instagram.com/serescudero18/,ES,Granada CF,GRA,1931-01-01T00:00:00+0000,https://assets.laliga.com/assets/2019/06/07/medium/granada.png,3.0,Defender,https://assets.laliga.com/squad/2021/t5683/p62991/512x556/p62991_t5683_2021_1_001_000.png,Nuevo Los Cármenes,https://assets.laliga.com/assets/2019/08/07/medium/4de53714b029bf44d86c53bd0d6835d3.png,69.0,36.0,33.0,27.0,1.0,4.0,2.0,88.0,7.0,3.0,,3.0,,5.0,3.0,,,199.0,97.0,102.0,38.0,264.0,12.0,,27.0,,,1.0,,2.0,22.0,21.0,1.0,2.0,,130.0,61.0,69.0,,,1.0,0.0,47.0,26.0,12.0,,2.0,49.0,5.0,535.0,,,1.0,,,,,,2.0,,25.0,15.0,90.0,,,160.0,,,,,,,,,10.0,4.0,15.0,,6.0,12.0,1.0,9.0,8.0,3.0,19.0,13.0,1.0,41.0,386.0,210.0,200.0,360.0,22.0,24.0,38.0,,27.0,111.0,1428.0,19.0,27.0,14.0,20.0,249.0,561.0,,14.0,401.0,46.0,15.0,160.0,984.0,,21.0,19.0,9.0,29.0,1.0,58.0,126.0,55.0,102.0,0.0,6.0
LaLiga Santander,https://www.laliga.com/en-ES/player/s-herrera,4617,s-herrera,Sergio Herrera,S. Herrera,Sergio,Herrera,male,1993-06-05T00:00:00+00:00,Miranda de Ebro,82.0,192.0,False,https://twitter.com/Sergio_Canillas,https://instagram.com/sergio_canillas/,ES,CA Osasuna,OSA,1920-11-17T00:00:00+0000,https://assets.laliga.com/assets/2019/06/07/medium/osasuna.png,1.0,Goalkeeper,https://assets.laliga.com/squad/2021/t450/p138039/512x556/p138039_t450_2021_1_001_000.png,Estadio El Sadar,https://assets.laliga.com/assets/2021/01/20/medium/c1b35f03ff875a4a12c7dcbd477d964a.png,9.0,,9.0,36.0,,,0.0,,,,21.0,12.0,,,3.0,2.0,2.0,23.0,3.0,20.0,1.0,922.0,,,36.0,244.0,140.0,,2.0,,48.0,44.0,4.0,,,14.0,3.0,11.0,,,,0.0,57.0,1.0,1.0,,,93.0,,504.0,,,,7.0,,3.0,,,4.0,9.0,1.0,1.0,315.0,,,65.0,3.0,101.0,1.0,61.0,39.0,33.0,,,,,36.0,,,,,,,3.0,,125.0,,410.0,304.0,357.0,235.0,182.0,1.0,2.0,38.0,,,,3240.0,,27.0,,9.0,495.0,1080.0,,,592.0,3.0,,488.0,1345.0,,,,,202.0,,480.0,436.0,52.0,8.0,0.0,3.0
LaLiga Santander,https://www.laliga.com/en-ES/player/moreno-3,8731,moreno-3,Sergio Moreno,Moreno,Sergio,Moreno,male,1999-01-01T00:00:00+00:00,Pamplona,,178.0,False,,,ES,SD Amorebieta,AMO,1925-01-01T00:00:00+0000,https://assets.laliga.com/assets/2021/06/24/medium/7dcec1604142a8f60f876e4c7e839da7.png,29.0,Forward,https://assets.laliga.com/squad/2021/t6498/p462678/512x556/p462678_t6498_2021_1_001_000.png,Instalaciones de Lezama Campo 2,https://assets.laliga.com/assets/2021/06/24/medium/7ecd26586cde141f526bbc1e4c632592.png,50.0,26.0,24.0,16.0,,,0.0,59.0,3.0,,,,,,4.0,,,129.0,67.0,62.0,14.0,29.0,10.0,,16.0,,,,,,10.0,9.0,1.0,,,79.0,41.0,38.0,2.0,,,0.0,10.0,2.0,3.0,,,31.0,3.0,150.0,,,,,,,,,1.0,,9.0,6.0,29.0,,,35.0,,,,,,,,,4.0,3.0,8.0,,8.0,8.0,,1.0,1.0,6.0,6.0,,5.0,1.0,104.0,74.0,35.0,107.0,2.0,4.0,42.0,,,1.0,663.0,22.0,1.0,17.0,26.0,110.0,154.0,,7.0,108.0,6.0,28.0,46.0,297.0,,16.0,16.0,10.0,1.0,,1.0,50.0,12.0,45.0,0.0,2.0
LaLiga Santander,https://www.laliga.com/en-ES/player/postigo,1352,postigo,Sergio Postigo,Postigo,Sergio,Postigo,male,1988-11-04T00:00:00+00:00,Madrid,78.0,184.0,False,https://twitter.com/s_posty,,ES,Levante UD,LEV,1909-09-07T00:00:00+0000,https://assets.laliga.com/assets/2019/06/07/medium/levante.png,15.0,Defender,https://assets.laliga.com/squad/2021/t855/p90400/512x556/p90400_t855_2021_1_001_000.png,Estadio Ciutat de València,https://assets.laliga.com/assets/2021/07/21/medium/ae79ef9d1c26baf8602706ba1acef94b.png,24.0,12.0,12.0,13.0,,,0.0,30.0,1.0,5.0,,,,,,,,49.0,23.0,26.0,20.0,156.0,4.0,,13.0,3.0,,,,,23.0,21.0,2.0,,,25.0,11.0,14.0,,,,0.0,69.0,7.0,3.0,,,88.0,,343.0,,,,,,,,,2.0,,4.0,2.0,49.0,,,89.0,,,,,,,,,1.0,,10.0,,4.0,3.0,,,,,10.0,5.0,,18.0,285.0,78.0,225.0,285.0,4.0,7.0,38.0,,,1.0,849.0,2.0,45.0,5.0,3.0,65.0,363.0,,1.0,303.0,11.0,6.0,60.0,454.0,,,,1.0,11.0,,37.0,41.0,19.0,23.0,0.0,3.0
LaLiga Santander,https://www.laliga.com/en-ES/player/sergio-rico,1293,sergio-rico,Sergio Rico,Sergio Rico,Sergio,Rico,male,1993-09-01T00:00:00+00:00,Sevilla,90.0,195.0,True,https://twitter.com/sergiorico25,https://instagram.com/sergioricogonzalez1/,ES,RCD Mallorca,MLL,1916-03-06T00:00:00+0000,https://assets.laliga.com/assets/2019/06/07/medium/mallorca.png,25.0,Goalkeeper,https://assets.laliga.com/squad/2021/t181/p94248/512x556/p94248_t181_2021_1_001_000.png,Visit Mallorca Estadi,https://assets.laliga.com/assets/2019/08/07/medium/6f67f604b5025b10ef0dc14d700586ae.png,3.0,1.0,2.0,14.0,,,0.0,,,,1.0,1.0,,,,,1.0,3.0,1.0,2.0,1.0,240.0,,,14.0,113.0,27.0,,,,29.0,26.0,3.0,,,,,,,,,0.0,22.0,,1.0,,,36.0,,155.0,,,,4.0,,1.0,,,3.0,4.0,,,92.0,,,34.0,1.0,30.0,1.0,19.0,11.0,7.0,,,,,14.0,,,,,,,,,37.0,,105.0,97.0,76.0,119.0,90.0,,,38.0,,,,1260.0,,9.0,,,115.0,310.0,,,195.0,,,115.0,403.0,,,,,57.0,,114.0,96.0,19.0,1.0,0.0,
LaLiga Santander,https://www.laliga.com/en-ES/player/santos-1,15592,santos-1,Sergio Santos,Santos,Sergio,Santos,male,2001-01-03T00:00:00+00:00,Leganés,,178.0,False,,,ES,Real Madrid,RMA,1902-03-06T00:00:00+0000,https://assets.laliga.com/assets/2019/06/07/medium/real-madrid.png,43.0,Defender,,Estadio Santiago Bernabéu,https://assets.laliga.com/assets/2019/06/08/medium/e6695a8184f41deea3ad87dd9c12ab1f.png,,,,1.0,,,0.0,2.0,,,,,,,,,,,,,1.0,,,,1.0,,,,,,,,,,,,,,,,,0.0,22.0,,1.0,,,3.0,,6.0,,,,,,,,,,,,,,,,1.0,,,,,,,,,,,,,,1.0,,1.0,1.0,,,,,,6.0,2.0,5.0,6.0,,,38.0,,,1.0,10.0,,,,,,6.0,,,6.0,,,,8.0,,,,,,,,,,,0.0,
LaLiga Santander,https://www.laliga.com/en-ES/player/dest,12494,dest,Sergiño Dest,Dest,Sergiño,Dest,male,2000-11-03T00:00:00+00:00,Almere,62.0,175.0,False,,,US,FC Barcelona,BAR,1899-11-29T00:00:00+0000,https://assets.laliga.com/assets/2019/06/07/medium/barcelona.png,2.0,Defender,https://assets.laliga.com/squad/2021/t178/p250676/512x556/p250676_t178_2021_1_001_000.png,Camp Nou,https://assets.laliga.com/assets/2019/06/17/medium/0623ce55ec3ee4e439ed6d24fe2ba77b.png,20.0,13.0,7.0,21.0,3.0,,0.0,173.0,1.0,4.0,,2.0,,,19.0,,,182.0,87.0,95.0,34.0,207.0,9.0,,21.0,,,3.0,,,15.0,13.0,2.0,,,162.0,74.0,88.0,1.0,,,0.0,62.0,2.0,15.0,,,225.0,1.0,804.0,,,,,,,,,,,33.0,18.0,93.0,,,211.0,,,,,,,,,8.0,3.0,17.0,,8.0,4.0,,7.0,7.0,37.0,11.0,,,15.0,743.0,478.0,283.0,739.0,17.0,15.0,38.0,1.0,7.0,115.0,1514.0,53.0,17.0,17.0,19.0,216.0,816.0,,11.0,754.0,32.0,55.0,62.0,1265.0,,52.0,52.0,29.0,4.0,,7.0,97.0,17.0,55.0,0.0,2.0
LaLiga Santander,https://www.laliga.com/en-ES/player/mustafi,1531,mustafi,Shkodran Mustafi,Mustafi,Shkodran,Mustafi,male,1992-04-17T00:00:00+00:00,Bad Hersfeld,82.0,184.0,False,https://twitter.com/ShkodranMustafi,,DE,Levante UD,LEV,1909-09-07T00:00:00+0000,https://assets.laliga.com/assets/2019/06/07/medium/levante.png,13.0,Defender,https://assets.laliga.com/squad/2021/t855/p69140/512x556/p69140_t855_2021_1_001_000.png,Estadio Ciutat de València,https://assets.laliga.com/assets/2021/07/21/medium/ae79ef9d1c26baf8602706ba1acef94b.png,31.0,7.0,24.0,11.0,,,1.0,19.0,1.0,3.0,,2.0,,,,,,56.0,17.0,39.0,14.0,141.0,3.0,,11.0,1.0,,,,1.0,12.0,11.0,1.0,1.0,,25.0,10.0,15.0,,1.0,,0.0,100.0,15.0,,,,112.0,3.0,346.0,,,,,,,,,1.0,,6.0,3.0,27.0,,,93.0,,,,,,,,,1.0,2.0,8.0,,3.0,3.0,,,,2.0,7.0,,,31.0,271.0,67.0,219.0,255.0,3.0,6.0,38.0,,,1.0,658.0,3.0,40.0,3.0,4.0,85.0,365.0,,3.0,286.0,9.0,3.0,79.0,461.0,,,,2.0,15.0,,42.0,49.0,30.0,37.0,0.0,1.0
LaLiga Santander,https://www.laliga.com/en-ES/player/sidnei,611,sidnei,Sidnei Rechel da Silva Júnior,Sidnei,Sidnei Rechel,da Silva Júnior,male,1989-08-23T00:00:00+00:00,Alegrete,80.0,185.0,False,,,BR,,,,,,,,,,,,,,,,,,,,,,,,,,,,,,,,,,,,,,,,,,,,,,,,,,,,,,,,,,,,,,,,,,,,,,,,,,,,,,,,,,,,,,,,,,,,,,,,,,,,,,,,,,,,,,,,,,,,,,,,,,,,,,,,,,,,,
LaLiga Santander,https://www.laliga.com/en-ES/player/vrsaljko,4589,vrsaljko,Sime Vrsaljko,Vrsaljko,Sime,Vrsaljko,male,1992-01-10T00:00:00+00:00,Rijeka,76.0,181.0,True,,,HR,Atlético de Madrid,ATM,1903-04-26T00:00:00+0000,https://assets.laliga.com/assets/2019/06/07/medium/atletico.png,24.0,Defender,https://assets.laliga.com/squad/2021/t175/p68353/512x556/p68353_t175_2021_1_001_000.png,Wanda Metropolitano,https://assets.laliga.com/assets/2019/06/17/medium/935f92c15c4d3442ef3f6d843beba0e1.png,57.0,24.0,33.0,21.0,2.0,,1.0,74.0,,1.0,,3.0,,,8.0,,,124.0,54.0,70.0,18.0,191.0,8.0,,21.0,,,2.0,,1.0,12.0,12.0,,1.0,,67.0,30.0,37.0,,,,0.0,100.0,12.0,1.0,,,163.0,2.0,453.0,,,,,,,,,1.0,,21.0,9.0,33.0,,1.0,28.0,,,,,,,,,3.0,1.0,10.0,,6.0,11.0,,5.0,5.0,5.0,10.0,6.0,2.0,22.0,349.0,184.0,173.0,330.0,10.0,17.0,38.0,,20.0,79.0,908.0,9.0,26.0,13.0,5.0,188.0,456.0,,4.0,352.0,27.0,10.0,104.0,744.0,,39.0,39.0,2.0,23.0,,31.0,107.0,36.0,73.0,0.0,4.0
LaLiga Santander,https://www.laliga.com/en-ES/player/son,5770,son,Francisco Javier Hidalgo,Son,Francisco Javier,Hidalgo,male,1994-03-30T00:00:00+00:00,Sevilla,72.0,178.0,False,,,ES,Levante UD,LEV,1909-09-07T00:00:00+0000,https://assets.laliga.com/assets/2019/06/07/medium/levante.png,2.0,Midfielder,https://assets.laliga.com/squad/2021/t855/p244636/512x556/p244636_t855_2021_1_001_000.png,Estadio Ciutat de València,https://assets.laliga.com/assets/2021/07/21/medium/ae79ef9d1c26baf8602706ba1acef94b.png,29.0,19.0,10.0,26.0,,,1.0,129.0,4.0,5.0,,3.0,1.0,2.0,7.0,,,148.0,77.0,71.0,44.0,325.0,7.0,1.0,26.0,,,,,1.0,40.0,34.0,6.0,1.0,,119.0,58.0,61.0,3.0,1.0,,0.0,23.0,19.0,16.0,,,162.0,3.0,816.0,,,,,,,,,,,30.0,6.0,146.0,,,206.0,,,,,,,,,3.0,7.0,22.0,1.0,8.0,4.0,,9.0,8.0,19.0,24.0,8.0,1.0,74.0,598.0,301.0,310.0,528.0,10.0,18.0,38.0,3.0,18.0,178.0,1978.0,24.0,28.0,21.0,14.0,347.0,822.0,1.0,10.0,602.0,28.0,34.0,220.0,1309.0,1.0,36.0,33.0,20.0,39.0,1.0,88.0,188.0,68.0,132.0,0.0,5.0
LaLiga Santander,https://www.laliga.com/en-ES/player/mitrovic,1208,mitrovic,Stefan Mitrovic,Mitrovic,Stefan,Mitrovic,male,1990-05-22T00:00:00+00:00,Beograd,84.0,189.0,False,,,RS,Getafe CF,GET,1983-03-30T00:00:00+0000,https://assets.laliga.com/assets/2019/06/07/medium/getafe.png,23.0,Defender,https://assets.laliga.com/squad/2021/t1450/p112945/512x556/p112945_t1450_2021_1_001_000.png,Coliseum Alfonso Pérez,https://assets.laliga.com/assets/2019/06/17/medium/b881ba5a6846e7ccdbc3a6a75a2c5e69.png,87.0,31.0,56.0,32.0,,,0.0,91.0,,18.0,,10.0,,,,,,135.0,57.0,78.0,30.0,383.0,7.0,,32.0,,,,,,32.0,31.0,1.0,,,48.0,26.0,22.0,,,1.0,0.0,56.0,22.0,2.0,1.0,,180.0,,844.0,,,,,,,,,1.0,,12.0,10.0,106.0,,,249.0,,,,,,,,,3.0,1.0,31.0,1.0,6.0,1.0,,,,2.0,16.0,15.0,,83.0,671.0,145.0,565.0,627.0,8.0,8.0,38.0,,,,2670.0,4.0,109.0,18.0,4.0,208.0,903.0,1.0,4.0,710.0,16.0,13.0,193.0,1135.0,,,,,45.0,1.0,102.0,129.0,64.0,91.0,0.0,8.0
LaLiga Santander,https://www.laliga.com/en-ES/player/savic,1882,savic,Stefan Savic,Savić,Stefan,Savic,male,1991-01-08T00:00:00+00:00,Mojkovac,81.0,187.0,True,,,ME,Atlético de Madrid,ATM,1903-04-26T00:00:00+0000,https://assets.laliga.com/assets/2019/06/07/medium/atletico.png,15.0,Defender,https://assets.laliga.com/squad/2021/t175/p65807/512x556/p65807_t175_2021_1_001_000.png,Wanda Metropolitano,https://assets.laliga.com/assets/2019/06/17/medium/935f92c15c4d3442ef3f6d843beba0e1.png,125.0,53.0,72.0,28.0,,,0.0,89.0,1.0,12.0,,11.0,,,4.0,,,246.0,99.0,147.0,49.0,483.0,17.0,,28.0,,,,,,24.0,22.0,2.0,,,121.0,46.0,75.0,1.0,,,0.0,51.0,37.0,3.0,,,545.0,3.0,1332.0,,1.0,,,,,,,4.0,,17.0,7.0,119.0,,,259.0,,,,,,,,,9.0,5.0,28.0,,1.0,,,,,8.0,32.0,11.0,,106.0,1102.0,361.0,772.0,1027.0,26.0,20.0,38.0,,1.0,6.0,2440.0,4.0,97.0,30.0,22.0,263.0,1376.0,,14.0,1133.0,46.0,26.0,243.0,1686.0,,1.0,1.0,1.0,59.0,,130.0,166.0,78.0,113.0,0.0,12.0
LaLiga Santander,https://www.laliga.com/en-ES/player/dimitrievski,1035,dimitrievski,Stole Dimitrievski,Dimitrievski,Stole,Dimitrievski,male,1993-12-25T00:00:00+00:00,Kumanovo,84.0,188.0,True,https://twitter.com/Dimitrievski1,,MK,Rayo Vallecano,RAY,1924-05-20T00:00:00+0000,https://assets.laliga.com/assets/2019/06/07/medium/rayo.png,13.0,Goalkeeper,https://assets.laliga.com/squad/2021/t184/p94878/512x556/p94878_t184_2021_1_001_000.png,Estadio de Vallecas,https://assets.laliga.com/assets/2019/08/12/medium/b86a37d70be8931c079066cc8c48817f.png,14.0,2.0,12.0,31.0,,,0.0,,,,30.0,9.0,,,2.0,1.0,5.0,19.0,2.0,17.0,1.0,641.0,,,31.0,258.0,123.0,,1.0,,37.0,32.0,5.0,,,5.0,,5.0,,,,0.0,75.0,1.0,,,,94.0,,397.0,,,,9.0,,2.0,,,7.0,21.0,,,278.0,,,55.0,2.0,91.0,6.0,61.0,29.0,19.0,,,,,30.0,,,1.0,,,,,1.0,78.0,,196.0,225.0,150.0,247.0,201.0,,,38.0,,,,2771.0,,35.0,,6.0,402.0,790.0,,,397.0,,,393.0,1124.0,,,,,171.0,,389.0,339.0,54.0,4.0,0.0,
LaLiga Santander,https://www.laliga.com/en-ES/player/suso,899,suso,Jesús Fernández Saez,Suso,Jesús,Fernández Saez,male,1993-11-19T00:00:00+00:00,Cadiz,70.0,177.0,False,https://twitter.com/suso30fernandez,,ES,Sevilla FC,SEV,1905-10-14T00:00:00+0000,https://assets.laliga.com/assets/2019/06/07/medium/sevilla.png,7.0,Forward,https://assets.laliga.com/squad/2021/t179/p103953/512x556/p103953_t179_2021_1_001_000.png,Ramón Sánchez-Pizjuán,https://assets.laliga.com/assets/2021/01/20/medium/5a52ab192cd4e4b1cc3e3a752d99c4e8.png,2.0,2.0,,8.0,1.0,,0.0,54.0,3.0,,,,,5.0,8.0,,,38.0,20.0,18.0,6.0,36.0,,,8.0,,,1.0,,,6.0,5.0,1.0,,,36.0,18.0,18.0,,,1.0,0.0,49.0,,3.0,,,59.0,2.0,163.0,,,,,,,,,,,9.0,4.0,13.0,,,19.0,,,,,,,,,1.0,2.0,6.0,,7.0,2.0,,2.0,2.0,7.0,4.0,1.0,3.0,5.0,130.0,97.0,40.0,130.0,1.0,3.0,38.0,3.0,,3.0,388.0,7.0,,1.0,7.0,60.0,168.0,,3.0,135.0,4.0,11.0,33.0,233.0,2.0,10.0,8.0,5.0,,2.0,6.0,37.0,6.0,27.0,0.0,
LaLiga Santander,https://www.laliga.com/en-ES/player/tachi,5705,tachi,Alberto Rodríguez,Tachi,Alberto,Rodríguez,male,1997-09-10T00:00:00+00:00,Fuenlabrada,72.0,184.0,False,,,ES,CF Fuenlabrada,FUE,1975-06-05T00:00:00+0000,https://assets.laliga.com/assets/2019/06/07/medium/fuenlabrada.png,12.0,Defender,,Estadio Fernando Torres,https://assets.laliga.com/assets/2019/08/07/medium/529175d4a9b251db1de8faf7ac1a985d.png,36.0,11.0,25.0,11.0,,,0.0,13.0,,7.0,,2.0,1.0,,2.0,,,83.0,33.0,50.0,10.0,129.0,9.0,,11.0,,,,,,14.0,13.0,1.0,,,47.0,22.0,25.0,,,,0.0,10.0,13.0,1.0,,,45.0,2.0,205.0,,,,,,,,,1.0,,8.0,3.0,44.0,,,31.0,,,,,,,,,4.0,,7.0,,3.0,4.0,,,,2.0,8.0,4.0,,27.0,126.0,45.0,87.0,105.0,7.0,7.0,42.0,,,,681.0,1.0,24.0,19.0,10.0,96.0,218.0,,4.0,132.0,14.0,8.0,86.0,320.0,,1.0,1.0,,21.0,,42.0,62.0,25.0,44.0,0.0,5.0
LaLiga Santander,https://www.laliga.com/en-ES/player/taichi-hara,19557,taichi-hara,Taichi Hara,Taichi,Taichi,Hara,male,1999-05-05T00:00:00+00:00,Hino,84.0,190.0,False,,,JP,,,,,,,,,,,,,,,,,,,,,,,,,,,,,,,,,,,,,,,,,,,,,,,,,,,,,,,,,,,,,,,,,,,,,,,,,,,,,,,,,,,,,,,,,,,,,,,,,,,,,,,,,,,,,,,,,,,,,,,,,,,,,,,,,,,,,
LaLiga Santander,https://www.laliga.com/en-ES/player/take,12132,take,Takefusa Kubo,Take,Takefusa,Kubo,male,2001-06-04T00:00:00+00:00,Kawasaki,67.0,173.0,False,,,JP,RCD Mallorca,MLL,1916-03-06T00:00:00+0000,https://assets.laliga.com/assets/2019/06/07/medium/mallorca.png,17.0,Midfielder,https://assets.laliga.com/squad/2021/t181/p219271/512x556/p219271_t181_2021_1_001_000.png,Visit Mallorca Estadi,https://assets.laliga.com/assets/2019/08/07/medium/6f67f604b5025b10ef0dc14d700586ae.png,25.0,14.0,11.0,28.0,,2.0,1.0,65.0,13.0,3.0,,,,17.0,13.0,,,226.0,97.0,129.0,40.0,144.0,10.0,,28.0,,,,,1.0,33.0,29.0,4.0,1.0,,201.0,83.0,118.0,2.0,,1.0,0.0,77.0,8.0,32.0,,1.0,178.0,5.0,433.0,,,,,,,,,1.0,,43.0,21.0,101.0,,,56.0,,,,,,,,,27.0,8.0,17.0,,14.0,11.0,3.0,13.0,6.0,40.0,19.0,,9.0,10.0,324.0,261.0,84.0,322.0,12.0,19.0,38.0,6.0,2.0,4.0,1606.0,54.0,4.0,17.0,47.0,279.0,443.0,,35.0,332.0,31.0,70.0,111.0,874.0,8.0,38.0,27.0,24.0,6.0,1.0,12.0,120.0,29.0,99.0,1.0,4.0
LaLiga Santander,https://www.laliga.com/en-ES/player/t-morente,6263,t-morente,José Antonio Morente Oliva,T. Morente,José Antonio,Morente Oliva,male,1996-12-04T00:00:00+00:00,La Línea de la Concepción,76.0,180.0,False,,,ES,Elche CF,ELC,1923-03-01T00:00:00+0000,https://assets.laliga.com/assets/2019/06/07/medium/elche.png,11.0,Midfielder,https://assets.laliga.com/squad/2021/t954/p429644/512x556/p429644_t954_2021_1_001_000.png,Estadio Martínez Valero,https://assets.laliga.com/assets/2019/08/12/medium/150e2d322086b631feb7ec0016b982f6.png,43.0,21.0,22.0,32.0,3.0,,2.0,120.0,7.0,1.0,,,,8.0,19.0,,,216.0,121.0,95.0,50.0,155.0,17.0,,32.0,,,3.0,,3.0,22.0,21.0,1.0,3.0,,173.0,100.0,73.0,,,,1.0,98.0,12.0,13.0,,1.0,161.0,8.0,489.0,,,,,,,,,3.0,,50.0,29.0,90.0,,2.0,60.0,,,,,,,,,13.0,8.0,18.0,,15.0,14.0,1.0,15.0,14.0,30.0,19.0,,4.0,15.0,364.0,263.0,121.0,354.0,7.0,14.0,38.0,2.0,,9.0,1634.0,47.0,10.0,32.0,22.0,287.0,496.0,,21.0,369.0,21.0,41.0,127.0,878.0,6.0,59.0,50.0,33.0,14.0,3.0,24.0,148.0,38.0,103.0,2.0,4.0
LaLiga Santander,https://www.laliga.com/en-ES/player/thiago-galhardo,23614,thiago-galhardo,Thiago Galhardo do Nascimento Rocha,Thiago Galhardo,Thiago,Galhardo do Nascimento Rocha,male,1989-07-20T00:00:00+00:00,São João del Rei,75.0,183.0,False,,,BR,RC Celta,CEL,1923-08-23T00:00:00+0000,https://assets.laliga.com/assets/2019/06/07/medium/celta.png,7.0,Forward,https://assets.laliga.com/squad/2021/t176/p100799/512x556/p100799_t176_2021_1_001_000.png,Estadio ABANCA Balaídos,https://assets.laliga.com/assets/2019/06/17/medium/0aef263ef366bd0b81369408adb27cd6.png,114.0,66.0,48.0,31.0,2.0,,0.0,55.0,3.0,2.0,,1.0,,,7.0,,,200.0,119.0,81.0,40.0,79.0,14.0,,31.0,,,2.0,,2.0,16.0,14.0,2.0,2.0,,86.0,53.0,33.0,1.0,,1.0,2.0,95.0,6.0,10.0,,,52.0,16.0,256.0,,,,,,,,,2.0,,20.0,13.0,31.0,,2.0,74.0,,,,,,,,,11.0,16.0,9.0,,6.0,22.0,,2.0,2.0,8.0,16.0,,12.0,4.0,162.0,116.0,52.0,162.0,6.0,6.0,38.0,2.0,1.0,2.0,1132.0,23.0,8.0,21.0,13.0,160.0,260.0,,27.0,166.0,12.0,51.0,94.0,454.0,,7.0,7.0,12.0,,4.0,2.0,91.0,10.0,92.0,1.0,5.0
LaLiga Santander,https://www.laliga.com/en-ES/player/courtois,560,courtois,Thibaut Courtois,Courtois,Thibaut,Courtois,male,1992-05-11T00:00:00+00:00,Bree,91.0,199.0,True,https://twitter.com/thibautcourtois,https://instagram.com/Thibautcourtois,BE,Real Madrid,RMA,1902-03-06T00:00:00+0000,https://assets.laliga.com/assets/2019/06/07/medium/real-madrid.png,1.0,Goalkeeper,https://assets.laliga.com/squad/2021/t186/p60772/512x556/p60772_t186_2021_1_001_000.png,Estadio Santiago Bernabéu,https://assets.laliga.com/assets/2019/06/08/medium/e6695a8184f41deea3ad87dd9c12ab1f.png,9.0,1.0,8.0,36.0,,,0.0,,,,19.0,16.0,,,1.0,,2.0,13.0,3.0,10.0,1.0,439.0,1.0,,36.0,347.0,40.0,,3.0,,29.0,26.0,3.0,,,4.0,2.0,2.0,,,,0.0,63.0,,,,,242.0,,695.0,,,1.0,3.0,,1.0,,,2.0,5.0,,,256.0,,,266.0,1.0,93.0,3.0,51.0,40.0,32.0,,,,,36.0,,,,,,,,1.0,15.0,,110.0,562.0,35.0,715.0,640.0,1.0,,38.0,,,,3240.0,,14.0,1.0,1.0,202.0,947.0,,,750.0,1.0,,197.0,1275.0,,,,,103.0,,189.0,143.0,54.0,8.0,0.0,1.0
LaLiga Santander,https://www.laliga.com/en-ES/player/thierry-r,9489,thierry-r,Thierry Rendall Correia,Thierry R.,Thierry,Rendall Correia,male,1999-03-09T00:00:00+00:00,Amadora,69.0,176.0,False,,,PT,Valencia CF,VAL,1919-03-18T00:00:00+0000,https://assets.laliga.com/assets/2019/06/07/medium/valencia.png,2.0,Defender,https://assets.laliga.com/squad/2021/t191/p222629/512x556/p222629_t191_2021_1_001_000.png,Camp de Mestalla,https://assets.laliga.com/assets/2019/06/17/medium/984682326cdbb55f5034778b7690a795.png,33.0,14.0,19.0,19.0,1.0,,0.0,64.0,1.0,5.0,,5.0,,,8.0,,,174.0,80.0,94.0,41.0,225.0,24.0,,19.0,,,1.0,,,11.0,9.0,2.0,,,141.0,66.0,75.0,,,,0.0,30.0,19.0,7.0,,,175.0,,472.0,,,,,,,,,2.0,,34.0,15.0,109.0,,,14.0,,,,,,,,,1.0,1.0,18.0,,9.0,1.0,,3.0,3.0,11.0,20.0,3.0,1.0,35.0,332.0,206.0,135.0,303.0,12.0,23.0,38.0,1.0,19.0,112.0,1424.0,19.0,22.0,32.0,29.0,262.0,478.0,,2.0,338.0,35.0,13.0,140.0,895.0,,45.0,45.0,11.0,17.0,,40.0,128.0,57.0,100.0,0.0,5.0
LaLiga Santander,https://www.laliga.com/en-ES/player/thomas-carrique,16394,thomas-carrique,Thomas Carrique,Carrique,Thomas,Carrique,male,1999-02-26T00:00:00+00:00,Tarbes,,,False,,,FR,RC Celta,CEL,1923-08-23T00:00:00+0000,https://assets.laliga.com/assets/2019/06/07/medium/celta.png,39.0,Defender,,Estadio ABANCA Balaídos,https://assets.laliga.com/assets/2019/06/17/medium/0aef263ef366bd0b81369408adb27cd6.png,,,,,,,,,,,,,,,,,,,,,,,,,,,,,,,,,,,,,,,,,,,,,,,,,,,,,,,,,,,,,,,,,,,,,,,,,,,,,,,,,,,,,,,,,,,,,,,38.0,,,,,,,,,,,,,,,,,,,,,,,,,,,,,
LaLiga Santander,https://www.laliga.com/en-ES/player/thomas-delaney,4829,thomas-delaney,Thomas Delaney,Delaney,Thomas,Delaney,male,1991-09-03T00:00:00+00:00,Frederiksberg,79.0,182.0,False,,,DK,Sevilla FC,SEV,1905-10-14T00:00:00+0000,https://assets.laliga.com/assets/2019/06/07/medium/sevilla.png,18.0,Midfielder,https://assets.laliga.com/squad/2021/t179/p68640/512x556/p68640_t179_2021_1_001_000.png,Ramón Sánchez-Pizjuán,https://assets.laliga.com/assets/2021/01/20/medium/5a52ab192cd4e4b1cc3e3a752d99c4e8.png,93.0,38.0,55.0,26.0,,,2.0,123.0,5.0,10.0,,3.0,,,6.0,,,206.0,83.0,123.0,50.0,279.0,12.0,,26.0,,,1.0,,2.0,12.0,9.0,3.0,1.0,1.0,113.0,45.0,68.0,1.0,,2.0,0.0,88.0,13.0,9.0,,2.0,193.0,1.0,775.0,,,,,,,,,,,24.0,9.0,82.0,1.0,,192.0,,,,,,,,,8.0,4.0,15.0,,5.0,11.0,,1.0,1.0,6.0,28.0,4.0,3.0,53.0,604.0,274.0,343.0,563.0,17.0,24.0,38.0,2.0,1.0,2.0,1544.0,9.0,33.0,26.0,21.0,213.0,787.0,1.0,12.0,616.0,41.0,26.0,171.0,1009.0,,13.0,13.0,3.0,21.0,1.0,52.0,134.0,50.0,119.0,1.0,2.0
LaLiga Santander,https://www.laliga.com/en-ES/player/thomas-giaquinto,25397,thomas-giaquinto,Thomas Giaquinto,Giaquinto,Thomas,Giaquinto,male,2000-03-20T00:00:00+00:00,,,,False,,,AR,RCD Mallorca,MLL,1916-03-06T00:00:00+0000,https://assets.laliga.com/assets/2019/06/07/medium/mallorca.png,32.0,Midfielder,,Visit Mallorca Estadi,https://assets.laliga.com/assets/2019/08/07/medium/6f67f604b5025b10ef0dc14d700586ae.png,,,,,,,,,,,,,,,,,,,,,,,,,,,,,,,,,,,,,,,,,,,,,,,,,,,,,,,,,,,,,,,,,,,,,,,,,,,,,,,,,,,,,,,,,,,,,,,38.0,,,,,,,,,,,,,,,,,,,,,,,,,,,,,
LaLiga Santander,https://www.laliga.com/en-ES/player/lemar,2273,lemar,Thomas Lemar,Lemar,Thomas,Lemar,male,1995-11-12T00:00:00+00:00,Baie-Mahault,63.0,171.0,True,,,FR,Atlético de Madrid,ATM,1903-04-26T00:00:00+0000,https://assets.laliga.com/assets/2019/06/07/medium/atletico.png,11.0,Midfielder,https://assets.laliga.com/squad/2021/t175/p167449/512x556/p167449_t175_2021_1_001_000.png,Wanda Metropolitano,https://assets.laliga.com/assets/2019/06/17/medium/935f92c15c4d3442ef3f6d843beba0e1.png,22.0,10.0,12.0,24.0,3.0,1.0,3.0,141.0,9.0,,,2.0,,42.0,14.0,,,181.0,91.0,90.0,44.0,167.0,8.0,,24.0,,,5.0,,4.0,25.0,23.0,2.0,4.0,,159.0,81.0,78.0,2.0,1.0,1.0,1.0,65.0,8.0,26.0,,2.0,147.0,2.0,654.0,,,2.0,,,,,,4.0,,35.0,18.0,71.0,,1.0,224.0,,,,,,,,,12.0,8.0,17.0,,12.0,7.0,6.0,24.0,15.0,33.0,22.0,2.0,12.0,28.0,556.0,419.0,184.0,551.0,10.0,14.0,38.0,2.0,,18.0,1445.0,57.0,10.0,11.0,21.0,245.0,679.0,,20.0,579.0,24.0,47.0,100.0,1059.0,23.0,66.0,36.0,23.0,3.0,3.0,11.0,143.0,23.0,89.0,2.0,2.0
LaLiga Santander,https://www.laliga.com/en-ES/player/tomas-alarcon,19559,tomas-alarcon,Tomás Alarcón,Tomás Alarcón,Tomás,Alarcón,male,1999-01-19T00:00:00+00:00,,68.0,174.0,False,,,CL,Cádiz CF,CAD,1910-09-10T00:00:00+0000,https://assets.laliga.com/assets/2019/06/07/medium/cadiz.png,12.0,Midfielder,https://assets.laliga.com/squad/2021/t1737/p229357/512x556/p229357_t1737_2021_1_001_000.png,Estadio Nuevo Mirandilla,https://assets.laliga.com/assets/2019/08/12/medium/ec810605f774c1a9a3ed75de01826124.png,34.0,19.0,15.0,23.0,1.0,,0.0,87.0,2.0,7.0,,2.0,,33.0,4.0,,,130.0,71.0,59.0,42.0,165.0,11.0,,23.0,,,1.0,,,23.0,21.0,2.0,,,96.0,52.0,44.0,2.0,,1.0,0.0,21.0,30.0,13.0,,,133.0,1.0,485.0,,,2.0,,,,,,5.0,,30.0,12.0,107.0,,,116.0,,,,,,,1.0,,11.0,2.0,16.0,,7.0,7.0,8.0,14.0,4.0,4.0,18.0,3.0,4.0,53.0,366.0,194.0,201.0,328.0,11.0,20.0,38.0,2.0,,3.0,1423.0,14.0,28.0,19.0,9.0,205.0,501.0,,13.0,381.0,31.0,9.0,120.0,781.0,20.0,50.0,14.0,4.0,20.0,,41.0,126.0,44.0,79.0,0.0,5.0
LaLiga Santander,https://www.laliga.com/en-ES/player/tomas-mendes,24480,tomas-mendes,Tomás Mendes,T. Mendes,Tomás,Mendes,male,2004-11-21T00:00:00+00:00,,,,False,,,ES,Deportivo Alavés,ALA,1921-01-23T00:00:00+0000,https://assets.laliga.com/assets/2020/09/01/medium/27002754a98bf535807fe49a24cc63ea.png,30.0,Midfielder,,Mendizorroza,https://assets.laliga.com/assets/2019/06/17/medium/6b906780ba96aa6689192fb9afcaac6b.png,1.0,1.0,,1.0,,,0.0,1.0,,,,,,,,,,1.0,1.0,,,,,,1.0,,,,,,,,,,,,,,,,,0.0,19.0,,,,,2.0,,4.0,,,,,,,,,,,,,,,,2.0,,,,,,,,,,,,,,1.0,,,,,,,,1.0,3.0,2.0,2.0,3.0,,,38.0,,,,8.0,,1.0,,,1.0,5.0,,,4.0,,,1.0,6.0,,,,,,,,1.0,,1.0,0.0,
LaLiga Santander,https://www.laliga.com/en-ES/player/t-pina,93,t-pina,Tomás Pina,T. Pina,Tomás,Pina,male,1987-10-14T00:00:00+00:00,Villarta de San Juan,78.0,184.0,False,,,ES,Deportivo Alavés,ALA,1921-01-23T00:00:00+0000,https://assets.laliga.com/assets/2020/09/01/medium/27002754a98bf535807fe49a24cc63ea.png,8.0,Midfielder,https://assets.laliga.com/squad/2021/t173/p80956/512x556/p80956_t173_2021_1_001_000.png,Mendizorroza,https://assets.laliga.com/assets/2019/06/17/medium/6b906780ba96aa6689192fb9afcaac6b.png,56.0,24.0,32.0,29.0,,,0.0,79.0,1.0,3.0,,,,,1.0,,,177.0,85.0,92.0,37.0,214.0,21.0,,29.0,,,,,,32.0,29.0,3.0,,,121.0,61.0,60.0,2.0,,,0.0,17.0,22.0,2.0,,,158.0,,575.0,,,,,,,,,5.0,,24.0,9.0,105.0,,,126.0,,,,,,,,,3.0,1.0,16.0,,13.0,13.0,,1.0,1.0,4.0,25.0,2.0,1.0,15.0,451.0,224.0,230.0,438.0,12.0,16.0,38.0,1.0,,1.0,1442.0,9.0,23.0,39.0,29.0,154.0,577.0,,4.0,453.0,28.0,12.0,124.0,772.0,,4.0,4.0,3.0,6.0,,16.0,86.0,42.0,108.0,0.0,4.0
LaLiga Santander,https://www.laliga.com/en-ES/player/toni-fuidias,22803,toni-fuidias,Toni Fuidias,Fuidias,Toni,Fuidias,male,2001-04-15T00:00:00+00:00,Berga,,195.0,False,,,ES,Real Madrid,RMA,1902-03-06T00:00:00+0000,https://assets.laliga.com/assets/2019/06/07/medium/real-madrid.png,40.0,Goalkeeper,https://assets.laliga.com/squad/2021/t186/p448169/512x556/p448169_t186_2021_1_001_000.png,Estadio Santiago Bernabéu,https://assets.laliga.com/assets/2019/06/08/medium/e6695a8184f41deea3ad87dd9c12ab1f.png,,,,,,,,,,,,,,,,,,,,,,,,,,,,,,,,,,,,,,,,,,,,,,,,,,,,,,,,,,,,,,,,,,,,,,,,,,,,,,,,,,,,,,,,,,,,,,,38.0,,,,,,,,,,,,,,,,,,,,,,,,,,,,,
LaLiga Santander,https://www.laliga.com/en-ES/player/kroos,1487,kroos,Toni Kroos,Kroos,Toni,Kroos,male,1990-01-04T00:00:00+00:00,Greifswald,76.0,183.0,True,https://twitter.com/ToniKroos,https://instagram.com/toni.kr8s/,DE,Real Madrid,RMA,1902-03-06T00:00:00+0000,https://assets.laliga.com/assets/2019/06/07/medium/real-madrid.png,8.0,Midfielder,https://assets.laliga.com/squad/2021/t186/p44989/512x556/p44989_t186_2021_1_001_000.png,Estadio Santiago Bernabéu,https://assets.laliga.com/assets/2019/06/08/medium/e6695a8184f41deea3ad87dd9c12ab1f.png,19.0,10.0,9.0,28.0,2.0,4.0,0.0,226.0,11.0,3.0,,7.0,1.0,86.0,8.0,,,160.0,70.0,90.0,47.0,610.0,14.0,,28.0,,,3.0,,1.0,18.0,16.0,2.0,1.0,,141.0,60.0,81.0,1.0,,,1.0,85.0,12.0,48.0,,,433.0,,2039.0,,,,,,,,,1.0,,26.0,13.0,125.0,,1.0,881.0,,,,,,,,,23.0,12.0,25.0,,10.0,3.0,20.0,20.0,2.0,9.0,26.0,1.0,9.0,218.0,1934.0,1239.0,821.0,1822.0,8.0,26.0,38.0,4.0,1.0,8.0,2108.0,19.0,11.0,20.0,39.0,219.0,2150.0,,35.0,2040.0,34.0,24.0,110.0,2477.0,44.0,66.0,11.0,8.0,1.0,,32.0,145.0,31.0,78.0,0.0,4.0
LaLiga Santander,https://www.laliga.com/en-ES/player/lato,4715,lato,Antonio Latorre,Lato,Antonio,Latorre,male,1997-11-21T00:00:00+00:00,Valencia,64.0,171.0,False,,,ES,Valencia CF,VAL,1919-03-18T00:00:00+0000,https://assets.laliga.com/assets/2019/06/07/medium/valencia.png,3.0,Defender,https://assets.laliga.com/squad/2021/t191/p221306/512x556/p221306_t191_2021_1_001_000.png,Camp de Mestalla,https://assets.laliga.com/assets/2019/06/17/medium/984682326cdbb55f5034778b7690a795.png,23.0,19.0,4.0,11.0,1.0,,0.0,49.0,,,,1.0,,,1.0,,,82.0,47.0,35.0,24.0,105.0,5.0,,11.0,,,1.0,,,9.0,8.0,1.0,,,59.0,28.0,31.0,,,,0.0,18.0,8.0,2.0,,,5.0,1.0,226.0,,,,,,,,,1.0,,13.0,6.0,52.0,,,75.0,,,,,,,,,,,7.0,,4.0,4.0,,4.0,4.0,8.0,14.0,7.0,,16.0,171.0,104.0,79.0,163.0,5.0,12.0,38.0,,13.0,47.0,591.0,7.0,12.0,14.0,6.0,97.0,234.0,,,179.0,17.0,3.0,55.0,404.0,,15.0,15.0,,16.0,,23.0,48.0,22.0,32.0,0.0,5.0
LaLiga Santander,https://www.laliga.com/en-ES/player/toni-moya,5904,toni-moya,Antonio Moya,Toni Moya,Antonio,Moya,male,1998-03-20T00:00:00+00:00,Son Servera,78.0,180.0,False,,,ES,Deportivo Alavés,ALA,1921-01-23T00:00:00+0000,https://assets.laliga.com/assets/2020/09/01/medium/27002754a98bf535807fe49a24cc63ea.png,15.0,Defender,https://assets.laliga.com/squad/2021/t173/p179380/512x556/p179380_t173_2021_1_001_000.png,Mendizorroza,https://assets.laliga.com/assets/2019/06/17/medium/6b906780ba96aa6689192fb9afcaac6b.png,31.0,20.0,11.0,28.0,1.0,2.0,0.0,73.0,4.0,5.0,,2.0,,51.0,12.0,,,154.0,91.0,63.0,37.0,171.0,18.0,,28.0,,,1.0,,,27.0,24.0,3.0,,,123.0,71.0,52.0,3.0,,1.0,0.0,90.0,20.0,22.0,,,124.0,,468.0,,,1.0,,,,,,2.0,,23.0,13.0,99.0,,,141.0,,,,,,,,,6.0,2.0,17.0,,13.0,11.0,20.0,26.0,3.0,20.0,17.0,6.0,4.0,41.0,359.0,235.0,173.0,341.0,13.0,10.0,38.0,4.0,,,1383.0,17.0,18.0,27.0,10.0,231.0,509.0,,8.0,382.0,23.0,8.0,127.0,793.0,26.0,55.0,10.0,5.0,16.0,,49.0,149.0,33.0,78.0,0.0,2.0
LaLiga Santander,https://www.laliga.com/en-ES/player/tonny-vilhena,5058,tonny-vilhena,Tonny Vilhena,Vilhena,Tonny,Vilhena,male,1995-01-03T00:00:00+00:00,Maassluis,71.0,175.0,False,,,NL,RCD Espanyol de Barcelona,ESP,1900-10-23T00:00:00+0000,https://assets.laliga.com/assets/2019/06/07/medium/espanyol.png,19.0,Midfielder,,RCDE Stadium,https://assets.laliga.com/assets/2019/06/17/medium/306cc02af120e092849ddf38954bcb3e.png,22.0,12.0,10.0,17.0,1.0,,1.0,71.0,4.0,2.0,,,,15.0,7.0,,,104.0,57.0,47.0,22.0,101.0,9.0,,17.0,,,1.0,,1.0,15.0,15.0,,1.0,,82.0,45.0,37.0,2.0,,1.0,0.0,98.0,8.0,10.0,,,37.0,2.0,294.0,,,,,,,,,1.0,,21.0,8.0,36.0,,1.0,95.0,,,,,,,,,8.0,3.0,13.0,,13.0,4.0,6.0,10.0,3.0,12.0,6.0,1.0,6.0,9.0,215.0,160.0,75.0,216.0,10.0,6.0,38.0,,,1.0,936.0,17.0,11.0,16.0,10.0,142.0,304.0,,11.0,225.0,16.0,22.0,79.0,490.0,6.0,22.0,15.0,5.0,6.0,2.0,19.0,76.0,25.0,60.0,0.0,4.0
LaLiga Santander,https://www.laliga.com/en-ES/player/unai-dufur,12750,unai-dufur,Unai Dufur,Unai Dufur,Unai,Dufur,male,1999-02-21T00:00:00+00:00,,,,False,,,ES,CA Osasuna,OSA,1920-11-17T00:00:00+0000,https://assets.laliga.com/assets/2019/06/07/medium/osasuna.png,31.0,Midfielder,https://assets.laliga.com/squad/2021/t450/p491955/512x556/p491955_t450_2021_1_001_000.png,Estadio El Sadar,https://assets.laliga.com/assets/2021/01/20/medium/c1b35f03ff875a4a12c7dcbd477d964a.png,4.0,2.0,2.0,1.0,,,0.0,2.0,,,,,,,,,,5.0,3.0,2.0,5.0,25.0,1.0,,1.0,,,,,,2.0,2.0,,,,1.0,1.0,,,,,0.0,29.0,4.0,,,,10.0,,49.0,,,,,,,,,,,1.0,1.0,8.0,,,12.0,,,,,,,,,1.0,,1.0,,,,,,,,5.0,,,1.0,35.0,20.0,15.0,34.0,,,38.0,,,,90.0,,4.0,1.0,,14.0,49.0,,1.0,35.0,,2.0,14.0,62.0,,,,,2.0,,3.0,6.0,8.0,11.0,0.0,
LaLiga Santander,https://www.laliga.com/en-ES/player/unai-garcia,1664,unai-garcia,Unai García,Unai García,Unai,García,male,1992-02-03T00:00:00+00:00,Esquiroz,81.0,186.0,False,,,ES,CA Osasuna,OSA,1920-11-17T00:00:00+0000,https://assets.laliga.com/assets/2019/06/07/medium/osasuna.png,4.0,Defender,https://assets.laliga.com/squad/2021/t450/p163711/512x556/p163711_t450_2021_1_001_000.png,Estadio El Sadar,https://assets.laliga.com/assets/2021/01/20/medium/c1b35f03ff875a4a12c7dcbd477d964a.png,67.0,33.0,34.0,18.0,,,0.0,50.0,3.0,11.0,,4.0,,,4.0,,,113.0,48.0,65.0,30.0,208.0,5.0,,18.0,,,,,,18.0,17.0,1.0,,,46.0,15.0,31.0,1.0,,,0.0,30.0,22.0,3.0,,,198.0,,486.0,,,1.0,,,,,,1.0,,9.0,8.0,75.0,,,75.0,,,,,,,,,5.0,,15.0,,1.0,3.0,,1.0,1.0,3.0,14.0,21.0,,66.0,370.0,136.0,264.0,333.0,9.0,12.0,38.0,,4.0,11.0,1407.0,3.0,76.0,10.0,7.0,157.0,531.0,,5.0,399.0,21.0,13.0,132.0,749.0,,7.0,7.0,1.0,41.0,,80.0,112.0,27.0,52.0,0.0,5.0
LaLiga Santander,https://www.laliga.com/en-ES/player/unai-lopez,1590,unai-lopez,Unai López,Unai Lopez,Unai,López,male,1995-10-30T00:00:00+00:00,Rentería,68.0,170.0,False,https://twitter.com/unai10lopez,,ES,Rayo Vallecano,RAY,1924-05-20T00:00:00+0000,https://assets.laliga.com/assets/2019/06/07/medium/rayo.png,12.0,Midfielder,https://assets.laliga.com/squad/2021/t184/p183462/512x556/p183462_t184_2021_1_001_000.png,Estadio de Vallecas,https://assets.laliga.com/assets/2019/08/12/medium/b86a37d70be8931c079066cc8c48817f.png,30.0,22.0,8.0,27.0,,4.0,0.0,146.0,4.0,,,,,48.0,7.0,,,158.0,100.0,58.0,25.0,205.0,10.0,,27.0,,,,,,24.0,21.0,3.0,,,128.0,78.0,50.0,4.0,,,0.0,75.0,10.0,24.0,,,192.0,5.0,730.0,,,,,,,,,3.0,,14.0,7.0,76.0,,,227.0,,,,,,,,,8.0,7.0,13.0,,10.0,14.0,17.0,22.0,3.0,14.0,14.0,3.0,11.0,75.0,633.0,396.0,291.0,590.0,10.0,9.0,38.0,2.0,,3.0,1154.0,33.0,6.0,26.0,17.0,203.0,770.0,,15.0,665.0,19.0,21.0,105.0,1021.0,23.0,40.0,8.0,13.0,19.0,,46.0,124.0,21.0,59.0,0.0,5.0
LaLiga Santander,https://www.laliga.com/en-ES/player/marrero,16406,marrero,Unai Marrero,Marrero,Unai,Marrero,male,2001-10-09T00:00:00+00:00,San Sebastián,,,False,,,ES,R. Sociedad B,RSOB,1909-09-07T00:00:00+0000,https://assets.laliga.com/assets/2019/06/07/medium/real-sociedad.png,32.0,Goalkeeper,https://assets.laliga.com/squad/2021/t3567/p523062/512x556/p523062_t3567_2021_1_001_000.png,Zubieta,,,,,2.0,,,0.0,,,,,1.0,,,,,,,,,,30.0,,,2.0,18.0,4.0,,,,1.0,,1.0,,,,,,,,,0.0,10.0,,,,,10.0,,25.0,,,,,,,,,,,,,10.0,,,11.0,,4.0,,3.0,1.0,1.0,,,,,1.0,,,1.0,,,,,,,,4.0,18.0,4.0,31.0,31.0,,,42.0,,,,171.0,,1.0,,,16.0,51.0,,,35.0,,,16.0,61.0,,,,,4.0,,16.0,15.0,1.0,,0.0,
LaLiga Santander,https://www.laliga.com/en-ES/player/nunez-2,6280,nunez-2,Unai Núñez,Nuñez,Unai,Núñez,male,1997-01-30T00:00:00+00:00,Portugalete,80.0,186.0,False,,,ES,Athletic Club,ATH,1898-12-31T00:00:00+0000,https://assets.laliga.com/assets/2019/06/07/medium/athletic.png,3.0,Defender,https://assets.laliga.com/squad/2021/t174/p242830/512x556/p242830_t174_2021_1_001_000.png,Estadio San Mamés,https://assets.laliga.com/assets/2019/06/17/medium/f020571f7c260516dfab3b9dc5df6348.png,23.0,11.0,12.0,9.0,,,0.0,13.0,,8.0,,,,,1.0,,,52.0,26.0,26.0,13.0,120.0,6.0,,9.0,,,,,,11.0,11.0,,,,29.0,15.0,14.0,,,,0.0,27.0,8.0,2.0,1.0,,106.0,,325.0,,,1.0,,,,,,1.0,,2.0,1.0,46.0,,,98.0,,,,,,,,,5.0,1.0,7.0,,1.0,2.0,,1.0,1.0,3.0,6.0,1.0,,25.0,280.0,103.0,188.0,265.0,,4.0,38.0,,,1.0,620.0,2.0,24.0,10.0,7.0,53.0,337.0,,6.0,290.0,4.0,10.0,47.0,419.0,,,,1.0,10.0,,26.0,40.0,7.0,21.0,0.0,2.0
LaLiga Santander,https://www.laliga.com/en-ES/player/unai-ropero,26572,unai-ropero,Unai Ropero,Ropero,Unai,Ropero,male,2001-11-20T00:00:00+00:00,Vitoria-Gasteiz,,188.0,False,,,ES,Deportivo Alavés,ALA,1921-01-23T00:00:00+0000,https://assets.laliga.com/assets/2020/09/01/medium/27002754a98bf535807fe49a24cc63ea.png,41.0,Forward,,Mendizorroza,https://assets.laliga.com/assets/2019/06/17/medium/6b906780ba96aa6689192fb9afcaac6b.png,,,,1.0,,,0.0,1.0,,,,,,,,,,2.0,1.0,1.0,,,,,1.0,,,,,,,,,,,2.0,1.0,1.0,,,,0.0,15.0,1.0,,,,,,1.0,,,,,,,,,,,,,1.0,,,,,,,,,,,,,,,,,1.0,,,,,,,,,1.0,,1.0,1.0,,,38.0,,,,11.0,1.0,,,1.0,2.0,1.0,,,1.0,,,,5.0,,,,,,,,,,,0.0,
LaLiga Santander,https://www.laliga.com/en-ES/player/unai-simon,2001,unai-simon,Unai Simón,Unai Simon,Unai,Simón,male,1997-06-11T00:00:00+00:00,Vitoria,88.0,190.0,False,,,ES,Athletic Club,ATH,1898-12-31T00:00:00+0000,https://assets.laliga.com/assets/2019/06/07/medium/athletic.png,1.0,Goalkeeper,https://assets.laliga.com/squad/2021/t174/p212769/512x556/p212769_t174_2021_1_001_000.png,Estadio San Mamés,https://assets.laliga.com/assets/2019/06/17/medium/f020571f7c260516dfab3b9dc5df6348.png,9.0,1.0,8.0,34.0,,,0.0,,,,27.0,12.0,,,,2.0,2.0,9.0,1.0,8.0,,453.0,,,34.0,346.0,86.0,,3.0,,31.0,29.0,2.0,,,,,,,,,0.0,53.0,1.0,1.0,,,139.0,,408.0,,1.0,,3.0,,,,,3.0,10.0,1.0,,288.0,,,154.0,,83.0,5.0,49.0,32.0,18.0,,,,,34.0,,,,,,,,,46.0,,172.0,290.0,108.0,389.0,325.0,,,38.0,,,,3060.0,,15.0,,1.0,256.0,746.0,,,497.0,,,249.0,1075.0,,,,,97.0,,242.0,197.0,52.0,7.0,0.0,3.0
LaLiga Santander,https://www.laliga.com/en-ES/player/vencedor,14548,vencedor,Unai Vencedor,Vencedor,Unai,Vencedor,male,2000-11-15T00:00:00+00:00,Bilbao,71.0,176.0,False,,,ES,Athletic Club,ATH,1898-12-31T00:00:00+0000,https://assets.laliga.com/assets/2019/06/07/medium/athletic.png,16.0,Midfielder,https://assets.laliga.com/squad/2021/t174/p439768/512x556/p439768_t174_2021_1_001_000.png,Estadio San Mamés,https://assets.laliga.com/assets/2019/06/17/medium/f020571f7c260516dfab3b9dc5df6348.png,55.0,32.0,23.0,34.0,,,0.0,123.0,10.0,13.0,,3.0,,8.0,5.0,,,227.0,119.0,108.0,68.0,454.0,12.0,1.0,34.0,,,,,,26.0,24.0,2.0,,,172.0,87.0,85.0,1.0,,1.0,0.0,29.0,19.0,15.0,,,350.0,,1220.0,,,,,,,,,2.0,,37.0,18.0,172.0,,,327.0,,,,,,,,,8.0,2.0,29.0,,16.0,5.0,1.0,8.0,6.0,25.0,35.0,9.0,1.0,98.0,973.0,610.0,403.0,907.0,15.0,11.0,38.0,2.0,,,2396.0,27.0,20.0,28.0,35.0,349.0,1254.0,,10.0,1005.0,26.0,24.0,249.0,1593.0,6.0,39.0,29.0,5.0,33.0,,78.0,218.0,70.0,171.0,0.0,4.0
LaLiga Santander,https://www.laliga.com/en-ES/player/gonzalez-de-zarate,15000,gonzalez-de-zarate,Urko González de Zárate,Gonzalez De Zarate,Urko,González de Zárate,male,2001-03-20T00:00:00+00:00,Vitoria-Gasteiz,,189.0,False,,,ES,R. Sociedad B,RSOB,1909-09-07T00:00:00+0000,https://assets.laliga.com/assets/2019/06/07/medium/real-sociedad.png,6.0,Defender,https://assets.laliga.com/squad/2021/t3567/p514204/512x556/p514204_t3567_2021_1_001_000.png,Zubieta,,88.0,46.0,42.0,35.0,1.0,,0.0,122.0,3.0,13.0,,7.0,1.0,,3.0,,,238.0,96.0,142.0,54.0,672.0,6.0,,35.0,4.0,,1.0,,,45.0,43.0,2.0,,,150.0,50.0,100.0,,,,0.0,10.0,36.0,6.0,,,825.0,,1938.0,,,1.0,,,,,,3.0,,26.0,11.0,185.0,,,396.0,,,,,,,,,2.0,1.0,34.0,,7.0,1.0,,,,14.0,29.0,13.0,,118.0,1653.0,515.0,1211.0,1608.0,20.0,30.0,42.0,3.0,,5.0,3028.0,15.0,127.0,15.0,37.0,327.0,2015.0,,3.0,1726.0,50.0,13.0,289.0,2382.0,,,,4.0,59.0,,123.0,185.0,104.0,166.0,0.0,4.0
LaLiga Santander,https://www.laliga.com/en-ES/player/racic,6990,racic,Uros Racic,Račić,Uros,Racic,male,1998-03-17T00:00:00+00:00,Kraljevo,81.0,193.0,False,,,RS,Valencia CF,VAL,1919-03-18T00:00:00+0000,https://assets.laliga.com/assets/2019/06/07/medium/valencia.png,8.0,Midfielder,https://assets.laliga.com/squad/2021/t191/p228611/512x556/p228611_t191_2021_1_001_000.png,Camp de Mestalla,https://assets.laliga.com/assets/2019/06/17/medium/984682326cdbb55f5034778b7690a795.png,61.0,28.0,33.0,28.0,,,0.0,53.0,5.0,6.0,,,,,5.0,,,193.0,91.0,102.0,45.0,172.0,18.0,,28.0,,,,,,20.0,18.0,2.0,,,132.0,63.0,69.0,,,,0.0,61.0,16.0,5.0,,,150.0,1.0,489.0,,,,,,,,,2.0,,17.0,10.0,97.0,1.0,,124.0,,,,,,,,,10.0,1.0,13.0,,9.0,15.0,,2.0,2.0,14.0,22.0,2.0,2.0,53.0,358.0,223.0,146.0,314.0,14.0,18.0,38.0,,,1.0,1198.0,13.0,20.0,29.0,25.0,169.0,499.0,1.0,11.0,367.0,32.0,14.0,132.0,709.0,,3.0,3.0,4.0,16.0,,41.0,101.0,34.0,91.0,0.0,1.0
LaLiga Santander,https://www.laliga.com/en-ES/player/valentino-fattore,24683,valentino-fattore,Valentino Fattore,Valentino,Valentino,Fattore,male,2001-08-10T00:00:00+00:00,Buenos Aires,,,False,,,ES,Sevilla FC,SEV,1905-10-14T00:00:00+0000,https://assets.laliga.com/assets/2019/06/07/medium/sevilla.png,42.0,Defender,https://assets.laliga.com/squad/2021/t179/p438163/512x556/p438163_t179_2021_1_001_000.png,Ramón Sánchez-Pizjuán,https://assets.laliga.com/assets/2021/01/20/medium/5a52ab192cd4e4b1cc3e3a752d99c4e8.png,,,,1.0,,,0.0,,,,,,,,,,,1.0,1.0,,,,,,1.0,,,,,,,,,,,1.0,1.0,,,,,0.0,1.0,,,,,,,,,,,,,,,,,,,,1.0,,,,,,,,,,,,,,,,,1.0,,,,,,,,,,,,,,,38.0,,,,1.0,1.0,,,,1.0,,,,,,,,2.0,,,,,,,,,,,0.0,
LaLiga Santander,https://www.laliga.com/en-ES/player/varazdat-haroyan,19558,varazdat-haroyan,Varazdat Haroyan,Haroyan,Varazdat,Haroyan,male,1992-08-24T00:00:00+00:00,Erewan,75.0,185.0,False,,,AM,Cádiz CF,CAD,1910-09-10T00:00:00+0000,https://assets.laliga.com/assets/2019/06/07/medium/cadiz.png,5.0,Defender,https://assets.laliga.com/squad/2021/t1737/p83350/512x556/p83350_t1737_2021_1_001_000.png,Estadio Nuevo Mirandilla,https://assets.laliga.com/assets/2019/08/12/medium/ec810605f774c1a9a3ed75de01826124.png,48.0,19.0,29.0,17.0,,,1.0,34.0,,12.0,,3.0,,,1.0,,,122.0,53.0,69.0,25.0,162.0,13.0,,17.0,,,,,1.0,27.0,25.0,2.0,1.0,,74.0,34.0,40.0,,,,0.0,23.0,15.0,4.0,,,149.0,1.0,408.0,,,,,,,,,4.0,,14.0,10.0,68.0,,1.0,87.0,,,,,,,,,1.0,2.0,16.0,,3.0,1.0,,,,3.0,12.0,8.0,,31.0,313.0,82.0,251.0,302.0,10.0,21.0,38.0,,,2.0,1437.0,2.0,61.0,22.0,6.0,109.0,432.0,,3.0,333.0,31.0,7.0,99.0,609.0,,1.0,1.0,1.0,27.0,,44.0,61.0,39.0,55.0,0.0,9.0
LaLiga Santander,https://www.laliga.com/en-ES/player/vedat-muriqi,15164,vedat-muriqi,Vedat Muriqi,Muriqi,Vedat,Muriqi,male,1994-04-24T00:00:00+00:00,Prizren,92.0,194.0,False,,,KS,RCD Mallorca,MLL,1916-03-06T00:00:00+0000,https://assets.laliga.com/assets/2019/06/07/medium/mallorca.png,7.0,Forward,https://assets.laliga.com/squad/2021/t181/p156293/512x556/p156293_t181_2021_1_001_000.png,Visit Mallorca Estadi,https://assets.laliga.com/assets/2019/08/07/medium/6f67f604b5025b10ef0dc14d700586ae.png,217.0,101.0,116.0,16.0,3.0,,1.0,86.0,14.0,,,3.0,,,9.0,,,301.0,154.0,147.0,39.0,154.0,9.0,,16.0,,,3.0,,5.0,28.0,25.0,3.0,5.0,,84.0,53.0,31.0,4.0,2.0,2.0,4.0,52.0,6.0,11.0,,3.0,102.0,7.0,440.0,,,,,,,2.0,2.0,3.0,,28.0,12.0,42.0,,,108.0,,,,,,,,,19.0,18.0,16.0,,1.0,,,1.0,1.0,9.0,20.0,1.0,22.0,8.0,234.0,148.0,97.0,236.0,3.0,3.0,38.0,2.0,,,1439.0,27.0,29.0,27.0,16.0,282.0,450.0,,37.0,244.0,6.0,88.0,206.0,707.0,,6.0,6.0,13.0,2.0,4.0,8.0,191.0,21.0,198.0,3.0,6.0
LaLiga Santander,https://www.laliga.com/en-ES/player/iborra,134,iborra,Vicente Iborra,Iborra,Vicente,Iborra,male,1988-01-16T00:00:00+00:00,Valencia,80.0,190.0,False,https://twitter.com/Iborra_Vicente,https://instagram.com/v8iborra/,ES,Villarreal CF,VIL,1923-03-10T00:00:00+0000,https://assets.laliga.com/assets/2019/06/07/medium/villarreal.png,10.0,Midfielder,https://assets.laliga.com/squad/2021/t449/p54513/512x556/p54513_t449_2021_1_001_000.png,Estadio de la Cerámica,https://assets.laliga.com/assets/2019/10/03/medium/ac940b8f6681d614e337d20d5bf7f0a8.png,42.0,16.0,26.0,20.0,1.0,,0.0,70.0,2.0,5.0,,4.0,,,1.0,,,108.0,51.0,57.0,12.0,211.0,11.0,,20.0,,,1.0,,,10.0,10.0,,,,66.0,35.0,31.0,2.0,,,0.0,100.0,11.0,1.0,,,186.0,,622.0,,,,,,,,,1.0,,12.0,6.0,69.0,,,168.0,,,,,,,,,4.0,2.0,12.0,,4.0,8.0,,,,2.0,12.0,,6.0,15.0,533.0,249.0,296.0,530.0,9.0,10.0,38.0,3.0,,,1031.0,7.0,27.0,19.0,10.0,104.0,635.0,,6.0,545.0,19.0,11.0,90.0,757.0,,,,2.0,9.0,,21.0,61.0,29.0,69.0,0.0,4.0
LaLiga Santander,https://www.laliga.com/en-ES/player/victor-aznar,25590,victor-aznar,Victor Wehbi Aznar Ussen,Victor Aznar,Victor Wehbi,Aznar Ussen,male,2002-10-17T00:00:00+00:00,Sao Paulo,,189.0,False,,,BR,Cádiz CF,CAD,1910-09-10T00:00:00+0000,https://assets.laliga.com/assets/2019/06/07/medium/cadiz.png,34.0,Goalkeeper,,Estadio Nuevo Mirandilla,https://assets.laliga.com/assets/2019/08/12/medium/ec810605f774c1a9a3ed75de01826124.png,,,,,,,,,,,,,,,,,,,,,,,,,,,,,,,,,,,,,,,,,,,,,,,,,,,,,,,,,,,,,,,,,,,,,,,,,,,,,,,,,,,,,,,,,,,,,,,38.0,,,,,,,,,,,,,,,,,,,,,,,,,,,,,
LaLiga Santander,https://www.laliga.com/en-ES/player/chust,15067,chust,Victor Chust,Chust,Victor,Chust,male,2000-03-05T00:00:00+00:00,Valencia,,184.0,False,,,ES,Cádiz CF,CAD,1910-09-10T00:00:00+0000,https://assets.laliga.com/assets/2019/06/07/medium/cadiz.png,32.0,Defender,https://assets.laliga.com/squad/2021/t1737/p437463/512x556/p437463_t1737_2021_1_001_000.png,Estadio Nuevo Mirandilla,https://assets.laliga.com/assets/2019/08/12/medium/ec810605f774c1a9a3ed75de01826124.png,67.0,36.0,31.0,25.0,,,0.0,51.0,3.0,8.0,,7.0,,,3.0,,,119.0,58.0,61.0,40.0,270.0,5.0,,25.0,,,,,,27.0,24.0,3.0,,,52.0,22.0,30.0,,,,0.0,100.0,16.0,,,,177.0,,774.0,,,2.0,,,,,,8.0,,17.0,12.0,124.0,,,298.0,,,,,,,,,4.0,2.0,20.0,,3.0,5.0,,,,4.0,14.0,9.0,,70.0,652.0,185.0,486.0,601.0,9.0,10.0,38.0,,,6.0,1829.0,2.0,84.0,14.0,8.0,136.0,796.0,,6.0,671.0,19.0,18.0,125.0,1005.0,,2.0,2.0,1.0,32.0,,63.0,78.0,49.0,62.0,0.0,2.0
LaLiga Santander,https://www.laliga.com/en-ES/player/mollejo,9659,mollejo,Victor Mollejo,Mollejo,Victor,Mollejo,male,2001-01-21T00:00:00+00:00,Alcázar de San Juan,63.0,176.0,False,,,ES,CD Tenerife,TEN,1922-08-08T00:00:00+0000,https://assets.laliga.com/assets/2019/06/07/medium/tenerife.png,28.0,Forward,https://assets.laliga.com/squad/2021/t612/p248505/512x556/p248505_t612_2021_1_001_000.png,Estadio Heliodoro Rodríguez López,https://assets.laliga.com/assets/2019/08/12/medium/495894595b2656919283f99f4bb6b500.png,113.0,62.0,51.0,39.0,2.0,,1.0,139.0,7.0,3.0,,5.0,,1.0,17.0,,,331.0,179.0,152.0,58.0,176.0,22.0,1.0,39.0,,,2.0,,3.0,19.0,16.0,3.0,3.0,,218.0,117.0,101.0,6.0,1.0,,2.0,10.0,12.0,17.0,,2.0,151.0,7.0,556.0,,,,,,,,,4.0,,37.0,20.0,128.0,,,98.0,,,,,,,,,18.0,14.0,29.0,1.0,17.0,10.0,,11.0,11.0,14.0,27.0,1.0,7.0,14.0,406.0,284.0,141.0,400.0,10.0,23.0,44.0,1.0,1.0,6.0,2459.0,47.0,20.0,51.0,55.0,318.0,564.0,1.0,32.0,414.0,33.0,68.0,150.0,997.0,,35.0,35.0,24.0,6.0,,13.0,148.0,37.0,137.0,2.0,8.0
LaLiga Santander,https://www.laliga.com/en-ES/player/vini-jr,8515,vini-jr,Vinícius Júnior,Vini Jr.,Vinicius José,Paixão de Oliveira Júnior,male,2000-07-12T00:00:00+00:00,São Gonçalo,73.0,176.0,False,,,BR,Real Madrid,RMA,1902-03-06T00:00:00+0000,https://assets.laliga.com/assets/2019/06/07/medium/real-madrid.png,20.0,Forward,https://assets.laliga.com/squad/2021/t186/p246333/512x556/p246333_t186_2021_1_001_000.png,Estadio Santiago Bernabéu,https://assets.laliga.com/assets/2019/06/08/medium/e6695a8184f41deea3ad87dd9c12ab1f.png,11.0,8.0,3.0,35.0,10.0,,9.0,390.0,18.0,,,8.0,,5.0,33.0,,,464.0,246.0,218.0,61.0,199.0,19.0,4.0,35.0,,,10.0,,17.0,22.0,19.0,3.0,16.0,1.0,453.0,238.0,215.0,4.0,2.0,,8.0,100.0,6.0,58.0,,5.0,87.0,26.0,1219.0,,,,,,,,,1.0,,60.0,25.0,105.0,,10.0,554.0,,,,,,,,,19.0,43.0,30.0,,15.0,5.0,,10.0,10.0,95.0,34.0,1.0,16.0,42.0,1045.0,890.0,176.0,1014.0,22.0,24.0,38.0,5.0,,9.0,2699.0,173.0,,34.0,74.0,498.0,1230.0,,62.0,1056.0,46.0,260.0,174.0,1966.0,,34.0,34.0,114.0,3.0,1.0,10.0,186.0,22.0,164.0,6.0,6.0
LaLiga Santander,https://www.laliga.com/en-ES/player/vitolo,143,vitolo,Víctor Machín Pérez,Vitolo,Víctor,Machín Pérez,male,1989-11-02T00:00:00+00:00,Las Palmas de Gran Canaria,80.0,185.0,True,https://twitter.com/VitoloMachin,https://instagram.com/vitolomperez20/,ES,Getafe CF,GET,1983-03-30T00:00:00+0000,https://assets.laliga.com/assets/2019/06/07/medium/getafe.png,8.0,Forward,https://assets.laliga.com/squad/2021/t1450/p86399/512x556/p86399_t1450_2021_1_001_000.png,Coliseum Alfonso Pérez,https://assets.laliga.com/assets/2019/06/17/medium/b881ba5a6846e7ccdbc3a6a75a2c5e69.png,7.0,3.0,4.0,7.0,,,0.0,21.0,1.0,,,,,1.0,3.0,,,40.0,19.0,21.0,10.0,26.0,6.0,,7.0,,,,,,3.0,3.0,,,,33.0,16.0,17.0,,,,0.0,22.0,1.0,3.0,,,27.0,1.0,104.0,,,,,,,,,,,9.0,3.0,7.0,,,32.0,,,,,,,,,,,1.0,,1.0,6.0,,,,5.0,6.0,,4.0,,83.0,71.0,14.0,85.0,1.0,2.0,38.0,,,5.0,216.0,6.0,1.0,7.0,9.0,33.0,106.0,,,85.0,3.0,7.0,21.0,153.0,,2.0,2.0,4.0,1.0,,2.0,20.0,3.0,19.0,0.0,
LaLiga Santander,https://www.laliga.com/en-ES/player/camarasa,1158,camarasa,Víctor Camarasa,Camarasa,Víctor,Camarasa,male,1994-05-28T00:00:00+00:00,Meliana,76.0,183.0,False,https://twitter.com/vicama8,https://instagram.com/vicama8,ES,Real Betis,BET,1907-09-12T00:00:00+0000,https://assets.laliga.com/assets/2019/06/07/medium/betis.png,22.0,Midfielder,https://assets.laliga.com/squad/2021/t185/p175946/512x556/p175946_t185_2021_1_001_000.png,Estadio Benito Villamarín,https://assets.laliga.com/assets/2019/06/17/medium/f211dabccff68741a75d175307d78f59.png,3.0,1.0,2.0,7.0,,,0.0,5.0,,1.0,,,,,,,,11.0,4.0,7.0,2.0,15.0,1.0,,7.0,,,,,,2.0,1.0,1.0,,,8.0,3.0,5.0,1.0,,,0.0,32.0,2.0,,,,14.0,,50.0,,,,,,,,,,,2.0,1.0,6.0,,,16.0,,,,,,,,,1.0,,,,,7.0,,,,,1.0,,,,41.0,23.0,18.0,41.0,1.0,1.0,38.0,,,,102.0,1.0,2.0,2.0,3.0,15.0,50.0,,1.0,41.0,2.0,2.0,9.0,71.0,,,,1.0,,,,5.0,4.0,9.0,0.0,
LaLiga Santander,https://www.laliga.com/en-ES/player/victor-diaz,227,victor-diaz,Víctor Díaz,Víctor Díaz,Víctor,Díaz,male,1988-06-12T00:00:00+00:00,Sevilla,71.0,184.0,False,https://twitter.com/vdiazmiguel,,ES,Granada CF,GRA,1931-01-01T00:00:00+0000,https://assets.laliga.com/assets/2019/06/07/medium/granada.png,16.0,Defender,https://assets.laliga.com/squad/2021/t5683/p55315/512x556/p55315_t5683_2021_1_001_000.png,Nuevo Los Cármenes,https://assets.laliga.com/assets/2019/08/07/medium/4de53714b029bf44d86c53bd0d6835d3.png,60.0,31.0,29.0,22.0,,,1.0,34.0,3.0,11.0,,3.0,,,3.0,,,123.0,63.0,60.0,25.0,299.0,7.0,,22.0,1.0,,,,1.0,30.0,28.0,2.0,1.0,,63.0,32.0,31.0,,1.0,,0.0,100.0,17.0,3.0,1.0,,226.0,,625.0,,,,,,,,,4.0,,11.0,8.0,71.0,,,85.0,,,,,,,,,8.0,2.0,18.0,,8.0,4.0,,4.0,4.0,4.0,16.0,13.0,1.0,52.0,471.0,152.0,334.0,430.0,8.0,15.0,38.0,,9.0,22.0,1504.0,4.0,68.0,15.0,4.0,195.0,644.0,,10.0,482.0,23.0,13.0,162.0,867.0,,9.0,9.0,4.0,52.0,,101.0,124.0,47.0,61.0,0.0,5.0
LaLiga Santander,https://www.laliga.com/en-ES/player/victor-g,13123,victor-g,Víctor Gómez,Victor G.,Víctor,Gómez,male,2000-04-01T00:00:00+00:00,Olesa de Montserrat,69.0,166.0,False,,,ES,Málaga CF,MGA,1994-06-29T00:00:00+0000,https://assets.laliga.com/assets/2019/06/07/medium/malaga.png,2.0,Defender,https://assets.laliga.com/squad/2021/t182/p437481/512x556/p437481_t182_2021_1_001_000.png,La Rosaleda,https://assets.laliga.com/assets/2019/08/12/medium/b1cf44da3b0fe0511b42a6ab3ef10862.png,77.0,40.0,37.0,35.0,5.0,,0.0,233.0,7.0,12.0,,8.0,,23.0,21.0,,,282.0,132.0,150.0,50.0,599.0,25.0,,35.0,,,5.0,,,46.0,43.0,3.0,,,205.0,92.0,113.0,4.0,,,0.0,10.0,43.0,53.0,,,553.0,1.0,1360.0,,,2.0,,,,,,6.0,,51.0,15.0,222.0,1.0,,54.0,,,,,,,1.0,,13.0,4.0,33.0,,1.0,2.0,6.0,54.0,38.0,24.0,29.0,15.0,2.0,109.0,1047.0,635.0,530.0,1002.0,16.0,29.0,42.0,2.0,24.0,332.0,3007.0,32.0,49.0,39.0,46.0,555.0,1439.0,1.0,17.0,1111.0,45.0,28.0,328.0,2385.0,12.0,116.0,92.0,15.0,73.0,,129.0,337.0,107.0,199.0,0.0,7.0
LaLiga Santander,https://www.laliga.com/en-ES/player/laguardia,864,laguardia,Víctor Laguardia,Laguardia,Víctor,Laguardia,male,1989-11-05T00:00:00+00:00,Zaragoza,80.0,185.0,False,https://twitter.com/victorlaguardia,,ES,Deportivo Alavés,ALA,1921-01-23T00:00:00+0000,https://assets.laliga.com/assets/2020/09/01/medium/27002754a98bf535807fe49a24cc63ea.png,5.0,Defender,https://assets.laliga.com/squad/2021/t173/p49370/512x556/p49370_t173_2021_1_001_000.png,Mendizorroza,https://assets.laliga.com/assets/2019/06/17/medium/6b906780ba96aa6689192fb9afcaac6b.png,110.0,47.0,63.0,34.0,2.0,,1.0,70.0,,24.0,,5.0,2.0,,1.0,,,178.0,81.0,97.0,37.0,594.0,12.0,,34.0,,,2.0,,3.0,56.0,50.0,6.0,3.0,,68.0,34.0,34.0,,2.0,,2.0,37.0,27.0,3.0,1.0,,349.0,4.0,1152.0,,,,,,,,,5.0,,19.0,12.0,171.0,,1.0,223.0,,,,,,,,,8.0,5.0,34.0,,2.0,,,,,,26.0,33.0,,167.0,866.0,304.0,626.0,763.0,13.0,16.0,38.0,,,,3044.0,2.0,145.0,21.0,6.0,327.0,1236.0,,13.0,930.0,29.0,20.0,306.0,1565.0,,3.0,3.0,,73.0,,169.0,228.0,81.0,137.0,1.0,9.0
LaLiga Santander,https://www.laliga.com/en-ES/player/victor-ruiz,711,victor-ruiz,Víctor Ruiz,Victor Ruiz,Víctor,Ruiz,male,1989-01-25T00:00:00+00:00,Esplugues de Llobregat,95.0,184.0,False,,,ES,Real Betis,BET,1907-09-12T00:00:00+0000,https://assets.laliga.com/assets/2019/06/07/medium/betis.png,6.0,Defender,https://assets.laliga.com/squad/2021/t185/p51948/512x556/p51948_t185_2021_1_001_000.png,Estadio Benito Villamarín,https://assets.laliga.com/assets/2019/06/17/medium/f211dabccff68741a75d175307d78f59.png,76.0,30.0,46.0,18.0,,,0.0,43.0,2.0,13.0,,4.0,,,1.0,,,106.0,46.0,60.0,37.0,387.0,7.0,,18.0,,,,,,17.0,15.0,2.0,,,30.0,16.0,14.0,,,,0.0,51.0,29.0,6.0,,,148.0,2.0,858.0,,,,,,,,,3.0,,11.0,5.0,96.0,,,312.0,,,,,,,,,4.0,1.0,17.0,,2.0,1.0,,,,1.0,16.0,3.0,,54.0,747.0,241.0,533.0,720.0,2.0,9.0,38.0,,,4.0,1425.0,2.0,70.0,12.0,2.0,133.0,890.0,,5.0,774.0,11.0,13.0,116.0,1075.0,,,,1.0,17.0,,47.0,64.0,52.0,69.0,0.0,2.0
LaLiga Santander,https://www.laliga.com/en-ES/player/william-2,2934,william-2,William Silva de Carvalho,William,William,Silva de Carvalho,male,1992-04-07T00:00:00+00:00,Luanda,79.0,187.0,True,https://twitter.com/wllmcarvalho14,,PT,Real Betis,BET,1907-09-12T00:00:00+0000,https://assets.laliga.com/assets/2019/06/07/medium/betis.png,14.0,Midfielder,https://assets.laliga.com/squad/2021/t185/p96122/512x556/p96122_t185_2021_1_001_000.png,Estadio Benito Villamarín,https://assets.laliga.com/assets/2019/06/17/medium/f211dabccff68741a75d175307d78f59.png,60.0,26.0,34.0,33.0,2.0,,1.0,197.0,12.0,7.0,,3.0,,,7.0,,,288.0,129.0,159.0,62.0,409.0,17.0,,33.0,,,3.0,,2.0,25.0,24.0,1.0,1.0,1.0,228.0,103.0,125.0,1.0,,,1.0,95.0,16.0,19.0,,1.0,322.0,,1288.0,,,,,,,,,2.0,,29.0,11.0,128.0,,1.0,384.0,,,,,,,,,11.0,10.0,20.0,,12.0,13.0,,1.0,1.0,48.0,31.0,2.0,10.0,75.0,1132.0,677.0,479.0,1080.0,16.0,33.0,38.0,8.0,,1.0,1803.0,49.0,20.0,31.0,28.0,238.0,1312.0,,21.0,1155.0,49.0,45.0,157.0,1649.0,,3.0,3.0,22.0,7.0,,32.0,122.0,38.0,125.0,1.0,6.0
LaLiga Santander,https://www.laliga.com/en-ES/player/willian-j,1227,willian-j,Willian José Da Silva,Willian J.,Willian José,Da Silva,male,1991-11-23T00:00:00+00:00,Porto Calvo,93.0,189.0,False,https://twitter.com/willianjose19,https://instagram.com/willianjose/,BR,Real Betis,BET,1907-09-12T00:00:00+0000,https://assets.laliga.com/assets/2019/06/07/medium/betis.png,12.0,Forward,https://assets.laliga.com/squad/2021/t185/p73314/512x556/p73314_t185_2021_1_001_000.png,Estadio Benito Villamarín,https://assets.laliga.com/assets/2019/06/17/medium/f211dabccff68741a75d175307d78f59.png,56.0,34.0,22.0,32.0,4.0,3.0,4.0,166.0,11.0,2.0,,1.0,,,5.0,,,164.0,98.0,66.0,43.0,100.0,7.0,,32.0,,,4.0,,8.0,18.0,17.0,1.0,7.0,1.0,108.0,64.0,44.0,,,1.0,4.0,69.0,3.0,18.0,,3.0,84.0,7.0,494.0,,,,,,,3.0,3.0,1.0,,19.0,8.0,64.0,,5.0,180.0,,,,,,,,,12.0,12.0,19.0,,16.0,13.0,,2.0,2.0,6.0,19.0,1.0,31.0,23.0,379.0,263.0,154.0,392.0,2.0,13.0,38.0,5.0,1.0,1.0,1610.0,46.0,16.0,12.0,23.0,206.0,530.0,,24.0,415.0,15.0,53.0,115.0,757.0,,5.0,5.0,10.0,3.0,4.0,19.0,95.0,25.0,96.0,4.0,1.0
LaLiga Santander,https://www.laliga.com/en-ES/player/wu-lei,9672,wu-lei,Lei Wu,Wu Lei,Lei,Wu,male,1991-11-19T00:00:00+00:00,Nanjiang,66.0,174.0,True,,,CN,RCD Espanyol de Barcelona,ESP,1900-10-23T00:00:00+0000,https://assets.laliga.com/assets/2019/06/07/medium/espanyol.png,7.0,Forward,https://assets.laliga.com/squad/2021/t177/p116730/512x556/p116730_t177_2021_1_001_000.png,RCDE Stadium,https://assets.laliga.com/assets/2019/06/17/medium/306cc02af120e092849ddf38954bcb3e.png,31.0,23.0,8.0,23.0,,,0.0,24.0,2.0,,,,,,1.0,,,54.0,37.0,17.0,9.0,23.0,3.0,,23.0,,,,,1.0,7.0,6.0,1.0,1.0,,23.0,14.0,9.0,1.0,,,1.0,16.0,4.0,7.0,,,21.0,5.0,82.0,,,,,,,,,1.0,,4.0,4.0,16.0,,1.0,15.0,,,,,,,,,,5.0,4.0,,4.0,19.0,,1.0,1.0,1.0,5.0,,6.0,3.0,57.0,34.0,25.0,55.0,1.0,2.0,38.0,2.0,,1.0,458.0,6.0,3.0,5.0,5.0,43.0,83.0,,5.0,58.0,3.0,18.0,25.0,143.0,,3.0,3.0,5.0,,1.0,,21.0,7.0,25.0,1.0,
LaLiga Santander,https://www.laliga.com/en-ES/player/x-navarro,182,x-navarro,Joaquín Navarro Jiménez,X. Navarro,Joaquín,Navarro Jiménez,male,1990-01-23T00:00:00+00:00,Guadahortuna,75.0,176.0,False,https://twitter.com/ximo_navarro27,,ES,Deportivo Alavés,ALA,1921-01-23T00:00:00+0000,https://assets.laliga.com/assets/2020/09/01/medium/27002754a98bf535807fe49a24cc63ea.png,23.0,Defender,https://assets.laliga.com/squad/2021/t173/p90728/512x556/p90728_t173_2021_1_001_000.png,Mendizorroza,https://assets.laliga.com/assets/2019/06/17/medium/6b906780ba96aa6689192fb9afcaac6b.png,32.0,23.0,9.0,18.0,,,0.0,82.0,3.0,5.0,,2.0,,,4.0,,,131.0,64.0,67.0,38.0,185.0,9.0,,18.0,,,,,,23.0,23.0,,,,99.0,41.0,58.0,2.0,,,0.0,25.0,22.0,4.0,,,116.0,2.0,418.0,,,2.0,,,,,,3.0,,17.0,6.0,79.0,,,46.0,,,,,,,,,4.0,3.0,16.0,1.0,4.0,2.0,,1.0,1.0,5.0,20.0,4.0,1.0,18.0,314.0,123.0,197.0,301.0,9.0,19.0,38.0,2.0,33.0,94.0,1350.0,13.0,54.0,16.0,25.0,207.0,429.0,1.0,7.0,319.0,28.0,10.0,110.0,808.0,,28.0,28.0,7.0,24.0,,56.0,109.0,29.0,54.0,0.0,4.0
LaLiga Santander,https://www.laliga.com/en-ES/player/qasmi,1314,qasmi,Yacine Qasmi,Qasmi,Yacine,Qasmi,male,1991-01-03T00:00:00+00:00,Pontoise,79.0,184.0,False,,,MA,CD Leganés,LEG,1928-06-23T00:00:00+0000,https://assets.laliga.com/assets/2019/06/07/medium/leganes.png,21.0,Forward,https://assets.laliga.com/squad/2021/t957/p91952/512x556/p91952_t957_2021_1_001_000.png,Estadio Municipal Butarque,https://assets.laliga.com/assets/2019/10/03/medium/2b7303ff6a9beaf1b4dc88599116df55.png,57.0,22.0,35.0,16.0,,,1.0,29.0,2.0,,,,,,3.0,,,122.0,64.0,58.0,18.0,40.0,7.0,,16.0,,,,,3.0,11.0,9.0,2.0,3.0,,65.0,42.0,23.0,2.0,,,2.0,10.0,5.0,5.0,,3.0,25.0,6.0,113.0,,,,,,,,,2.0,,10.0,3.0,14.0,,,27.0,,,,,,,,,1.0,4.0,9.0,,9.0,7.0,,,,2.0,8.0,,7.0,1.0,70.0,56.0,22.0,77.0,3.0,2.0,42.0,,,1.0,681.0,16.0,10.0,24.0,17.0,90.0,121.0,,5.0,78.0,5.0,21.0,43.0,233.0,,3.0,3.0,5.0,,1.0,1.0,40.0,6.0,42.0,0.0,5.0
LaLiga Santander,https://www.laliga.com/en-ES/player/yan-eteki,4640,yan-eteki,Yan Eteki,Yan Eteki,Yan,Eteki,male,1997-08-26T00:00:00+00:00,Yaoundé,70.0,180.0,False,,,CM,Granada CF,GRA,1931-01-01T00:00:00+0000,https://assets.laliga.com/assets/2019/06/07/medium/granada.png,8.0,Midfielder,https://assets.laliga.com/squad/2021/t5683/p218774/512x556/p218774_t5683_2021_1_001_000.png,Nuevo Los Cármenes,https://assets.laliga.com/assets/2019/08/07/medium/4de53714b029bf44d86c53bd0d6835d3.png,15.0,8.0,7.0,12.0,,,0.0,17.0,,3.0,,,,,,,,57.0,38.0,19.0,16.0,49.0,8.0,,12.0,,,,,,6.0,6.0,,,,42.0,30.0,12.0,,,,0.0,15.0,4.0,1.0,,,27.0,,127.0,,,,,,,,,,,6.0,4.0,21.0,,,34.0,,,,,,,,,1.0,,2.0,,3.0,10.0,,,,1.0,5.0,1.0,,4.0,95.0,52.0,43.0,91.0,3.0,3.0,38.0,,,,337.0,9.0,6.0,18.0,5.0,47.0,127.0,,1.0,95.0,6.0,1.0,32.0,182.0,,,,2.0,4.0,,8.0,21.0,11.0,24.0,0.0,3.0
LaLiga Santander,https://www.laliga.com/en-ES/player/herrera-1,9658,herrera-1,Yangel Herrera,Herrera,Yangel,Herrera,male,1998-01-07T00:00:00+00:00,La Guaira,78.0,184.0,True,,,VE,RCD Espanyol de Barcelona,ESP,1900-10-23T00:00:00+0000,https://assets.laliga.com/assets/2019/06/07/medium/espanyol.png,25.0,Midfielder,https://assets.laliga.com/squad/2021/t177/p226541/512x556/p226541_t177_2021_1_001_000.png,RCDE Stadium,https://assets.laliga.com/assets/2019/06/17/medium/306cc02af120e092849ddf38954bcb3e.png,116.0,60.0,56.0,23.0,1.0,,0.0,134.0,2.0,5.0,,5.0,,,3.0,,,306.0,157.0,149.0,51.0,280.0,28.0,,23.0,,,1.0,,1.0,24.0,24.0,,1.0,,190.0,97.0,93.0,2.0,,,1.0,88.0,19.0,11.0,,,225.0,1.0,842.0,,,,,,,,,2.0,,39.0,22.0,128.0,1.0,1.0,218.0,,,,,,,,,11.0,2.0,19.0,,8.0,4.0,,2.0,2.0,19.0,18.0,4.0,8.0,22.0,687.0,357.0,345.0,678.0,10.0,31.0,38.0,1.0,,,1650.0,34.0,32.0,44.0,34.0,231.0,857.0,1.0,13.0,700.0,41.0,24.0,157.0,1177.0,,7.0,7.0,11.0,7.0,2.0,18.0,120.0,44.0,139.0,1.0,5.0
LaLiga Santander,https://www.laliga.com/en-ES/player/carrasco-1,1884,carrasco-1,Yannick Carrasco,Carrasco,Yannick,Carrasco,male,1993-09-04T00:00:00+00:00,Ixelles,73.0,185.0,True,https://twitter.com/CarrascoY21,,BE,Atlético de Madrid,ATM,1903-04-26T00:00:00+0000,https://assets.laliga.com/assets/2019/06/07/medium/atletico.png,21.0,Midfielder,https://assets.laliga.com/squad/2021/t175/p119718/512x556/p119718_t175_2021_1_001_000.png,Wanda Metropolitano,https://assets.laliga.com/assets/2019/06/17/medium/935f92c15c4d3442ef3f6d843beba0e1.png,23.0,14.0,9.0,34.0,5.0,,2.0,303.0,17.0,5.0,,3.0,,56.0,36.0,,,331.0,162.0,169.0,59.0,213.0,16.0,,34.0,,,6.0,,6.0,34.0,28.0,6.0,6.0,,308.0,148.0,160.0,5.0,,3.0,4.0,51.0,19.0,48.0,,2.0,112.0,13.0,981.0,,,,,,,2.0,2.0,5.0,,50.0,21.0,159.0,,4.0,394.0,,,,,,,,,21.0,12.0,28.0,,14.0,6.0,17.0,42.0,14.0,88.0,28.0,3.0,11.0,25.0,793.0,592.0,274.0,799.0,15.0,19.0,38.0,8.0,6.0,81.0,2589.0,100.0,12.0,30.0,39.0,494.0,1022.0,,33.0,824.0,34.0,166.0,198.0,1756.0,25.0,91.0,43.0,48.0,16.0,2.0,34.0,246.0,43.0,164.0,3.0,5.0
LaLiga Santander,https://www.laliga.com/en-ES/player/yassin-fekir,13568,yassin-fekir,Yassin Fekir,Y. Fekir,Yassin,Fekir,male,1997-05-05T00:00:00+00:00,,,,False,,,FR,,,,,,,,,,,,,,,,,,,,,,,,,,,,,,,,,,,,,,,,,,,,,,,,,,,,,,,,,,,,,,,,,,,,,,,,,,,,,,,,,,,,,,,,,,,,,,,,,,,,,,,,,,,,,,,,,,,,,,,,,,,,,,,,,,,,,
LaLiga Santander,https://www.laliga.com/en-ES/player/bono,1103,bono,Yassine Bounou,Bono,Yassine,Bounou,male,1991-04-05T00:00:00+00:00,Montreal,78.0,192.0,True,,,MA,Sevilla FC,SEV,1905-10-14T00:00:00+0000,https://assets.laliga.com/assets/2019/06/07/medium/sevilla.png,13.0,Goalkeeper,https://assets.laliga.com/squad/2021/t179/p120026/512x556/p120026_t179_2021_1_001_000.png,Ramón Sánchez-Pizjuán,https://assets.laliga.com/assets/2021/01/20/medium/5a52ab192cd4e4b1cc3e3a752d99c4e8.png,8.0,1.0,7.0,31.0,1.0,,0.0,,,,24.0,13.0,,,,,3.0,12.0,1.0,11.0,1.0,424.0,,,31.0,277.0,80.0,2.0,1.0,,24.0,18.0,6.0,,,4.0,,4.0,,,,0.0,64.0,,,,,252.0,,589.0,,,,4.0,,1.0,,,2.0,12.0,1.0,,222.0,,,278.0,1.0,76.0,1.0,46.0,30.0,21.0,,,,,31.0,,,,,,,1.0,1.0,40.0,,186.0,486.0,88.0,618.0,520.0,,,38.0,,,,2790.0,,23.0,,3.0,254.0,954.0,,,706.0,,,248.0,1207.0,,,,,88.0,,241.0,175.0,73.0,7.0,0.0,2.0
LaLiga Santander,https://www.laliga.com/en-ES/player/yeray-2,2007,yeray-2,Yeray Álvarez,Yeray,Yeray,Álvarez,male,1995-01-24T00:00:00+00:00,Barakaldo,78.0,182.0,False,https://twitter.com/yerayalvarez4,https://instagram.com/yerayalvarez,ES,Athletic Club,ATH,1898-12-31T00:00:00+0000,https://assets.laliga.com/assets/2019/06/07/medium/athletic.png,5.0,Defender,https://assets.laliga.com/squad/2021/t174/p197319/512x556/p197319_t174_2021_1_001_000.png,Estadio San Mamés,https://assets.laliga.com/assets/2019/06/17/medium/f020571f7c260516dfab3b9dc5df6348.png,98.0,41.0,57.0,22.0,,,0.0,42.0,3.0,16.0,,6.0,1.0,,,,,168.0,73.0,95.0,50.0,421.0,14.0,,22.0,,,,,,20.0,18.0,2.0,,,70.0,32.0,38.0,3.0,,,0.0,49.0,45.0,4.0,,,281.0,1.0,963.0,,,,,,,,,2.0,,14.0,5.0,141.0,,,269.0,,,,,,,,,4.0,,21.0,,1.0,1.0,,,,2.0,32.0,23.0,,80.0,792.0,288.0,543.0,751.0,10.0,14.0,38.0,,,1.0,1859.0,4.0,95.0,23.0,13.0,204.0,1013.0,,4.0,831.0,24.0,13.0,182.0,1269.0,,3.0,3.0,1.0,42.0,,93.0,113.0,72.0,89.0,0.0,6.0
LaLiga Santander,https://www.laliga.com/en-ES/player/yeremy,15101,yeremy,Yéremi Pino,Yeremy,Yeremi,Pino,male,2002-10-20T00:00:00+00:00,Las Palmas,,172.0,False,,,ES,Villarreal CF,VIL,1923-03-10T00:00:00+0000,https://assets.laliga.com/assets/2019/06/07/medium/villarreal.png,21.0,Forward,https://assets.laliga.com/squad/2021/t449/p488024/512x556/p488024_t449_2021_1_001_000.png,Estadio de la Cerámica,https://assets.laliga.com/assets/2019/10/03/medium/ac940b8f6681d614e337d20d5bf7f0a8.png,43.0,27.0,16.0,31.0,4.0,,0.0,163.0,3.0,4.0,,,,1.0,11.0,,,229.0,122.0,107.0,59.0,106.0,16.0,,31.0,,,4.0,,6.0,20.0,20.0,,6.0,,186.0,95.0,91.0,2.0,1.0,,6.0,48.0,6.0,22.0,,1.0,191.0,10.0,508.0,,,,,,,,,1.0,,54.0,29.0,83.0,,4.0,52.0,,,,,,,,,9.0,15.0,21.0,,19.0,10.0,,4.0,4.0,25.0,22.0,1.0,11.0,8.0,400.0,276.0,132.0,396.0,18.0,14.0,38.0,1.0,,1.0,1685.0,54.0,6.0,29.0,34.0,243.0,512.0,,24.0,404.0,32.0,107.0,108.0,873.0,,11.0,11.0,31.0,3.0,2.0,7.0,105.0,14.0,101.0,1.0,2.0
LaLiga Santander,https://www.laliga.com/en-ES/player/yoel-ramirez,23325,yoel-ramirez,Yoel Ramírez,Yoel R.,Yoel,Ramírez,male,2002-02-05T00:00:00+00:00,Mallén,,184.0,False,,,ES,CA Osasuna,OSA,1920-11-17T00:00:00+0000,https://assets.laliga.com/assets/2019/06/07/medium/osasuna.png,34.0,Goalkeeper,https://assets.laliga.com/squad/2021/t450/p546327/512x556/p546327_t450_2021_1_001_000.png,Estadio El Sadar,https://assets.laliga.com/assets/2021/01/20/medium/c1b35f03ff875a4a12c7dcbd477d964a.png,,,,,,,,,,,,,,,,,,,,,,,,,,,,,,,,,,,,,,,,,,,,,,,,,,,,,,,,,,,,,,,,,,,,,,,,,,,,,,,,,,,,,,,,,,,,,,,38.0,,,,,,,,,,,,,,,,,,,,,,,,,,,,,
LaLiga Santander,https://www.laliga.com/en-ES/player/y-en-nesyri,4677,y-en-nesyri,Youssef En-Nesyri,Y. En-Nesyri,Youssef,En-Nesyri,male,1997-06-01T00:00:00+00:00,Fez,73.0,189.0,True,https://twitter.com/ennesyri9,https://instagram.com/ennesyri26/,MA,Sevilla FC,SEV,1905-10-14T00:00:00+0000,https://assets.laliga.com/assets/2019/06/07/medium/sevilla.png,15.0,Forward,https://assets.laliga.com/squad/2021/t179/p234991/512x556/p234991_t179_2021_1_001_000.png,Ramón Sánchez-Pizjuán,https://assets.laliga.com/assets/2021/01/20/medium/5a52ab192cd4e4b1cc3e3a752d99c4e8.png,96.0,51.0,45.0,23.0,1.0,,2.0,58.0,3.0,1.0,,1.0,,,3.0,,,160.0,91.0,69.0,35.0,41.0,6.0,1.0,23.0,,,1.0,,5.0,5.0,3.0,2.0,5.0,,64.0,40.0,24.0,,3.0,1.0,3.0,30.0,4.0,5.0,,2.0,45.0,18.0,167.0,,,,,,,1.0,1.0,1.0,,12.0,8.0,28.0,,,38.0,,,,,,,,,20.0,14.0,15.0,,12.0,8.0,,,,4.0,15.0,,17.0,6.0,106.0,64.0,57.0,115.0,5.0,5.0,38.0,1.0,,1.0,1279.0,22.0,18.0,11.0,10.0,117.0,182.0,,34.0,121.0,10.0,59.0,61.0,357.0,,5.0,5.0,10.0,1.0,2.0,4.0,54.0,12.0,57.0,2.0,1.0
LaLiga Santander,https://www.laliga.com/en-ES/player/youssouf-sabaly,8434,youssouf-sabaly,Youssouf Sabaly,Sabaly,Youssouf,Sabaly,male,1993-03-05T00:00:00+00:00,Chesnay,67.0,173.0,True,,,SN,Real Betis,BET,1907-09-12T00:00:00+0000,https://assets.laliga.com/assets/2019/06/07/medium/betis.png,23.0,Defender,https://assets.laliga.com/squad/2021/t185/p164474/512x556/p164474_t185_2021_1_001_000.png,Estadio Benito Villamarín,https://assets.laliga.com/assets/2019/06/17/medium/f211dabccff68741a75d175307d78f59.png,19.0,9.0,10.0,10.0,,,0.0,86.0,,4.0,,4.0,,,2.0,,,71.0,34.0,37.0,10.0,166.0,1.0,,10.0,,,1.0,,,8.0,8.0,,,,52.0,25.0,27.0,,,,0.0,53.0,13.0,6.0,,,143.0,1.0,406.0,,,,,,,,,,,20.0,7.0,37.0,,,14.0,,,,,,,,,3.0,1.0,9.0,,1.0,1.0,,2.0,2.0,6.0,4.0,2.0,,10.0,343.0,177.0,171.0,336.0,2.0,10.0,38.0,,5.0,66.0,789.0,14.0,15.0,5.0,9.0,119.0,409.0,,4.0,346.0,12.0,10.0,63.0,629.0,,15.0,15.0,7.0,7.0,,18.0,53.0,25.0,45.0,0.0,1.0
LaLiga Santander,https://www.laliga.com/en-ES/player/musah,14955,musah,Yunus Musah,Musah,Yunus,Musah,male,2002-11-29T00:00:00+00:00,New York,75.0,178.0,False,,,US,Valencia CF,VAL,1919-03-18T00:00:00+0000,https://assets.laliga.com/assets/2019/06/07/medium/valencia.png,4.0,Midfielder,https://assets.laliga.com/squad/2021/t191/p244847/512x556/p244847_t191_2021_1_001_000.png,Camp de Mestalla,https://assets.laliga.com/assets/2019/06/17/medium/984682326cdbb55f5034778b7690a795.png,37.0,21.0,16.0,29.0,,,1.0,74.0,3.0,1.0,,,,2.0,21.0,,,191.0,100.0,91.0,40.0,96.0,9.0,,29.0,,,,,1.0,18.0,18.0,,1.0,,154.0,79.0,75.0,,,,0.0,100.0,14.0,10.0,,,111.0,,332.0,,,1.0,,,,,,3.0,,35.0,18.0,50.0,,1.0,59.0,,,,,,,,,2.0,2.0,13.0,,12.0,16.0,,4.0,4.0,36.0,14.0,3.0,6.0,16.0,255.0,203.0,64.0,247.0,10.0,13.0,38.0,,1.0,10.0,1259.0,42.0,10.0,24.0,16.0,187.0,340.0,,4.0,263.0,23.0,41.0,77.0,617.0,1.0,25.0,24.0,28.0,3.0,2.0,4.0,89.0,13.0,73.0,0.0,5.0
LaLiga Santander,https://www.laliga.com/en-ES/player/yuri-b,157,yuri-b,Yuri Berchiche,Yuri B.,Yuri,Berchiche,male,1990-02-10T00:00:00+00:00,Zarautz,79.0,181.0,False,https://twitter.com/yuriberchiche,https://instagram.com/yuriberchiche/,ES,Athletic Club,ATH,1898-12-31T00:00:00+0000,https://assets.laliga.com/assets/2019/06/07/medium/athletic.png,17.0,Defender,https://assets.laliga.com/squad/2021/t174/p42670/512x556/p42670_t174_2021_1_001_000.png,Estadio San Mamés,https://assets.laliga.com/assets/2019/06/17/medium/f020571f7c260516dfab3b9dc5df6348.png,29.0,8.0,21.0,14.0,2.0,1.0,0.0,55.0,3.0,6.0,,2.0,,,6.0,,,104.0,31.0,73.0,10.0,213.0,5.0,,14.0,,,2.0,,1.0,10.0,9.0,1.0,1.0,,75.0,23.0,52.0,1.0,,,1.0,100.0,13.0,5.0,,1.0,31.0,,476.0,,,,,,,,,,,25.0,13.0,81.0,,,194.0,,,,,,,,,2.0,3.0,11.0,,3.0,3.0,,4.0,4.0,8.0,3.0,2.0,,23.0,375.0,223.0,172.0,368.0,14.0,11.0,38.0,,11.0,92.0,1015.0,10.0,19.0,7.0,19.0,170.0,493.0,,5.0,391.0,25.0,13.0,102.0,800.0,,29.0,29.0,3.0,9.0,,23.0,86.0,45.0,79.0,0.0,3.0
LaLiga Santander,https://www.laliga.com/en-ES/player/yusuf-demir,15718,yusuf-demir,Yusuf Demir,Demir,Yusuf,Demir,male,2003-06-02T00:00:00+00:00,Wien,69.0,173.0,False,,,AT,,,,,,,,,,,,,,,,,,,,,,,,,,,,,,,,,,,,,,,,,,,,,,,,,,,,,,,,,,,,,,,,,,,,,,,,,,,,,,,,,,,,,,,,,,,,,,,,,,,,,,,,,,,,,,,,,,,,,,,,,,,,,,,,,,,,,
LaLiga Santander,https://www.laliga.com/en-ES/player/alex-balboa,24479,alex-balboa,Alejandro Balboa Bandeira,Alex Balboa,Alejandro,Balboa Bandeira,male,2001-03-06T00:00:00+00:00,Vitoria-Gasteiz,,,False,,,GQ,Deportivo Alavés,ALA,1921-01-23T00:00:00+0000,https://assets.laliga.com/assets/2020/09/01/medium/27002754a98bf535807fe49a24cc63ea.png,28.0,Midfielder,,Mendizorroza,https://assets.laliga.com/assets/2019/06/17/medium/6b906780ba96aa6689192fb9afcaac6b.png,,,,,,,,,,,,,,,,,,,,,,,,,,,,,,,,,,,,,,,,,,,,,,,,,,,,,,,,,,,,,,,,,,,,,,,,,,,,,,,,,,,,,,,,,,,,,,,38.0,,,,,,,,,,,,,,,,,,,,,,,,,,,,,
LaLiga Santander,https://www.laliga.com/en-ES/player/a-blanco,9362,a-blanco,Alejandro Blanco,A.blanco,Alejandro,Blanco,male,1998-12-16T00:00:00+00:00,Benidorm,70.0,175.0,False,,,ES,,,,,,,,,,,,,,,,,,,,,,,,,,,,,,,,,,,,,,,,,,,,,,,,,,,,,,,,,,,,,,,,,,,,,,,,,,,,,,,,,,,,,,,,,,,,,,,,,,,,,,,,,,,,,,,,,,,,,,,,,,,,,,,,,,,,,
LaLiga Santander,https://www.laliga.com/en-ES/player/blesa,14658,blesa,Alejandro Blesa,Blesa,Alejandro,Blesa,male,2002-01-15T00:00:00+00:00,Valencia,,,False,,,ES,,,,,,,,,,,,,,,,,,,,,,,,,,,,,,,,,,,,,,,,,,,,,,,,,,,,,,,,,,,,,,,,,,,,,,,,,,,,,,,,,,,,,,,,,,,,,,,,,,,,,,,,,,,,,,,,,,,,,,,,,,,,,,,,,,,,,
LaLiga Santander,https://www.laliga.com/en-ES/player/collado,7568,collado,Álex Collado,Collado,Álex,Collado,male,1999-04-22T00:00:00+00:00,Sabadell,66.0,177.0,False,,,ES,Granada CF,GRA,1931-01-01T00:00:00+0000,https://assets.laliga.com/assets/2019/06/07/medium/granada.png,35.0,Midfielder,https://assets.laliga.com/squad/2021/t5683/p242315/512x556/p242315_t5683_2021_1_001_000.png,Nuevo Los Cármenes,https://assets.laliga.com/assets/2019/08/07/medium/4de53714b029bf44d86c53bd0d6835d3.png,23.0,17.0,6.0,17.0,1.0,1.0,0.0,71.0,5.0,2.0,,1.0,,19.0,9.0,,,157.0,94.0,63.0,30.0,101.0,12.0,,17.0,,,1.0,,2.0,16.0,15.0,1.0,1.0,1.0,134.0,77.0,57.0,,,,2.0,89.0,6.0,16.0,,2.0,92.0,,302.0,,,,,,,,,2.0,,40.0,26.0,59.0,,,50.0,,,,,,,,,4.0,8.0,13.0,,10.0,4.0,6.0,8.0,2.0,14.0,9.0,,4.0,9.0,246.0,176.0,87.0,246.0,15.0,12.0,38.0,2.0,,5.0,1025.0,43.0,8.0,15.0,16.0,173.0,314.0,,12.0,255.0,27.0,22.0,59.0,603.0,13.0,34.0,10.0,24.0,4.0,,11.0,83.0,10.0,48.0,1.0,1.0
LaLiga Santander,https://www.laliga.com/en-ES/player/alex,620,alex,Alejandro Fernández Iglesias,Alex,Alejandro,Fernández Iglesias,male,1992-10-15T00:00:00+00:00,Alcalá de Henares,72.0,182.0,False,https://twitter.com/AlexFdez8,,ES,Cádiz CF,CAD,1910-09-10T00:00:00+0000,https://assets.laliga.com/assets/2019/06/07/medium/cadiz.png,8.0,Midfielder,https://assets.laliga.com/squad/2021/t1737/p88479/512x556/p88479_t1737_2021_1_001_000.png,Estadio Nuevo Mirandilla,https://assets.laliga.com/assets/2019/08/12/medium/ec810605f774c1a9a3ed75de01826124.png,48.0,30.0,18.0,32.0,1.0,,1.0,135.0,8.0,7.0,,5.0,,36.0,11.0,,,221.0,124.0,97.0,44.0,338.0,7.0,,32.0,,,2.0,,3.0,32.0,32.0,,3.0,,173.0,94.0,79.0,1.0,1.0,1.0,2.0,43.0,30.0,19.0,,1.0,250.0,2.0,913.0,,,,,,,2.0,1.0,7.0,,37.0,23.0,164.0,,1.0,241.0,,,,,,,,,5.0,8.0,22.0,,8.0,10.0,7.0,13.0,7.0,9.0,19.0,2.0,4.0,63.0,741.0,458.0,344.0,726.0,16.0,31.0,38.0,2.0,,5.0,2051.0,40.0,25.0,15.0,23.0,307.0,964.0,,13.0,789.0,47.0,26.0,175.0,1353.0,22.0,56.0,28.0,13.0,23.0,1.0,60.0,177.0,54.0,115.0,0.0,2.0
LaLiga Santander,https://www.laliga.com/en-ES/player/alex-moreno,191,alex-moreno,Alexandre Moreno Lopera,Alex Moreno,Alexandre,Moreno Lopera,male,1993-06-08T00:00:00+00:00,Sant Sadurní d'Anoia,68.0,179.0,False,https://twitter.com/Moreno7alex,,ES,Real Betis,BET,1907-09-12T00:00:00+0000,https://assets.laliga.com/assets/2019/06/07/medium/betis.png,15.0,Forward,https://assets.laliga.com/squad/2021/t185/p106468/512x556/p106468_t185_2021_1_001_000.png,Estadio Benito Villamarín,https://assets.laliga.com/assets/2019/06/17/medium/f211dabccff68741a75d175307d78f59.png,60.0,36.0,24.0,30.0,3.0,,0.0,222.0,8.0,6.0,,7.0,,1.0,26.0,,,310.0,149.0,161.0,57.0,451.0,20.0,1.0,30.0,,,3.0,,5.0,30.0,28.0,2.0,4.0,1.0,250.0,113.0,137.0,1.0,1.0,2.0,5.0,96.0,34.0,18.0,,2.0,45.0,3.0,1029.0,,,,,,,,,2.0,,57.0,22.0,145.0,,2.0,329.0,,,,,,,,,11.0,8.0,28.0,1.0,5.0,2.0,,13.0,13.0,23.0,34.0,13.0,,29.0,782.0,457.0,354.0,769.0,36.0,40.0,38.0,,48.0,205.0,2407.0,56.0,68.0,33.0,38.0,483.0,1047.0,1.0,19.0,798.0,76.0,79.0,249.0,1871.0,,71.0,71.0,38.0,49.0,,77.0,223.0,97.0,172.0,1.0,3.0
LaLiga Santander,https://www.laliga.com/en-ES/player/a-remiro,1793,a-remiro,Alejandro Remiro Gargallo,A. Remiro,Alejandro,Remiro Gargallo,male,1995-03-24T00:00:00+00:00,Cascante,79.0,191.0,False,https://twitter.com/alex13remiro,https://instagram.com/alexremiro13/,ES,Real Sociedad,RSO,1909-09-07T00:00:00+0000,https://assets.laliga.com/assets/2019/06/07/medium/real-sociedad.png,1.0,Goalkeeper,https://assets.laliga.com/squad/2021/t188/p197316/512x556/p197316_t188_2021_1_001_000.png,Reale Arena,https://assets.laliga.com/assets/2019/10/03/medium/b20727f80d7b4c9d5ad18acec9b663c5.png,4.0,,4.0,35.0,,,0.0,,,,17.0,19.0,,,,,1.0,7.0,,7.0,3.0,647.0,,,35.0,273.0,93.0,,2.0,,32.0,27.0,5.0,,,3.0,,3.0,,,,0.0,63.0,1.0,,,,289.0,,714.0,,,,5.0,,1.0,,,4.0,7.0,,,266.0,,,195.0,1.0,80.0,1.0,46.0,34.0,24.0,,,,,35.0,,,,,,,,1.0,51.0,,272.0,590.0,120.0,707.0,555.0,,,38.0,,,,3150.0,,31.0,,3.0,311.0,1131.0,,,827.0,,,304.0,1401.0,,,,,105.0,,293.0,228.0,76.0,11.0,0.0,1.0
LaLiga Santander,https://www.laliga.com/en-ES/player/a-sola,9742,a-sola,Álex Sola,Sola,Álex,Sola,male,1999-06-09T00:00:00+00:00,San Sebastián,75.0,178.0,False,,,ES,R. Sociedad B,RSOB,1909-09-07T00:00:00+0000,https://assets.laliga.com/assets/2019/06/07/medium/real-sociedad.png,2.0,Defender,https://assets.laliga.com/squad/2021/t3567/p477406/512x556/p477406_t3567_2021_1_001_000.png,Zubieta,,23.0,15.0,8.0,16.0,1.0,1.0,1.0,84.0,4.0,1.0,,1.0,,,14.0,,,194.0,84.0,110.0,23.0,122.0,8.0,,16.0,,,1.0,,2.0,17.0,17.0,,1.0,1.0,171.0,69.0,102.0,2.0,,1.0,1.0,10.0,14.0,8.0,,1.0,174.0,1.0,376.0,,,,,,,,,2.0,,24.0,9.0,78.0,1.0,1.0,14.0,,,,,,,,,7.0,10.0,12.0,,5.0,4.0,,11.0,11.0,30.0,11.0,3.0,,15.0,277.0,161.0,145.0,280.0,15.0,23.0,42.0,2.0,13.0,94.0,1077.0,37.0,9.0,16.0,34.0,232.0,394.0,1.0,17.0,295.0,38.0,32.0,99.0,815.0,,39.0,39.0,28.0,6.0,,12.0,101.0,37.0,87.0,1.0,4.0
LaLiga Santander,https://www.laliga.com/en-ES/player/alvaro-aguirre,24970,alvaro-aguirre,Álvaro Aguirre,Aguirre,Álvaro,Aguirre,male,2000-02-03T00:00:00+00:00,,,,False,,,ES,Rayo Vallecano,RAY,1924-05-20T00:00:00+0000,https://assets.laliga.com/assets/2019/06/07/medium/rayo.png,28.0,Midfielder,,Estadio de Vallecas,https://assets.laliga.com/assets/2019/08/12/medium/b86a37d70be8931c079066cc8c48817f.png,,,,1.0,,,0.0,2.0,,,,,,,,,,,,,,,,,1.0,,,,,,,,,,,,,,,,,0.0,3.0,,,,,,,2.0,,,,,,,,,,,,,2.0,,,,,,,,,,,,,,,,,1.0,,,,,,,,,2.0,,2.0,2.0,,,38.0,,,1.0,8.0,,,,,1.0,2.0,,,2.0,,,,4.0,,,,,,,,,,,0.0,
LaLiga Santander,https://www.laliga.com/en-ES/player/alvaro-bastida,19110,alvaro-bastida,Álvaro Bastida,Álvaro Bastida,Álvaro,Bastida,male,2004-05-12T00:00:00+00:00,Chiclana de la Frontera,,170.0,False,,,ES,,,,,,,,,,,,,,,,,,,,,,,,,,,,,,,,,,,,,,,,,,,,,,,,,,,,,,,,,,,,,,,,,,,,,,,,,,,,,,,,,,,,,,,,,,,,,,,,,,,,,,,,,,,,,,,,,,,,,,,,,,,,,,,,,,,,,
LaLiga Santander,https://www.laliga.com/en-ES/player/alvaro-1,429,alvaro-1,Álvaro García Rivera,Álvaro,Álvaro,García Rivera,male,1992-10-27T00:00:00+00:00,Sevilla,61.0,167.0,False,https://twitter.com/alvarogar11,,ES,Rayo Vallecano,RAY,1924-05-20T00:00:00+0000,https://assets.laliga.com/assets/2019/06/07/medium/rayo.png,18.0,Midfielder,https://assets.laliga.com/squad/2021/t184/p165682/512x556/p165682_t184_2021_1_001_000.png,Estadio de Vallecas,https://assets.laliga.com/assets/2019/08/12/medium/b86a37d70be8931c079066cc8c48817f.png,28.0,23.0,5.0,36.0,4.0,,3.0,178.0,12.0,3.0,,4.0,,7.0,39.0,,,206.0,112.0,94.0,75.0,261.0,14.0,,36.0,,,4.0,,7.0,44.0,38.0,6.0,7.0,,178.0,89.0,89.0,2.0,,4.0,4.0,48.0,42.0,39.0,,3.0,105.0,11.0,819.0,,,,,,,,,6.0,,66.0,24.0,187.0,,4.0,281.0,,,,,,,,,32.0,24.0,34.0,,10.0,2.0,2.0,42.0,39.0,22.0,31.0,7.0,13.0,28.0,573.0,426.0,195.0,551.0,19.0,23.0,38.0,2.0,,19.0,3005.0,41.0,15.0,23.0,25.0,520.0,825.0,,56.0,579.0,42.0,156.0,246.0,1465.0,1.0,152.0,149.0,28.0,28.0,,51.0,348.0,50.0,195.0,3.0,6.0
LaLiga Santander,https://www.laliga.com/en-ES/player/alvaro-g,7592,alvaro-g,Álvaro García,Alvaro G.,Álvaro,García,male,2000-06-01T00:00:00+00:00,El Herrumblar,,184.0,False,,,ES,RCD Espanyol de Barcelona,ESP,1900-10-23T00:00:00+0000,https://assets.laliga.com/assets/2019/06/07/medium/espanyol.png,33.0,Midfielder,,RCDE Stadium,https://assets.laliga.com/assets/2019/06/17/medium/306cc02af120e092849ddf38954bcb3e.png,,,,,,,,,,,,,,,,,,,,,,,,,,,,,,,,,,,,,,,,,,,,,,,,,,,,,,,,,,,,,,,,,,,,,,,,,,,,,,,,,,,,,,,,,,,,,,,38.0,,,,,,,,,,,,,,,,,,,,,,,,,,,,,
LaLiga Santander,https://www.laliga.com/en-ES/player/alvaro-j-g,4574,alvaro-j-g,Álvaro José Jiménez Guerrero,Alvaro J.g.,Álvaro José,Jiménez Guerrero,male,1995-05-19T00:00:00+00:00,Córdoba,71.0,175.0,False,https://twitter.com/alvaro1jimenez,https://instagram.com/alvaro1jimenez/,ES,UD Ibiza,IBI,2015-07-31T00:00:00+0000,https://assets.laliga.com/assets/2021/06/24/medium/d7bc0d2c9bf06afd6b5ace9d62771713.png,19.0,Forward,,Estadio Can Misses – Power Electronics,https://assets.laliga.com/assets/2021/06/25/medium/c105c45151ab6a28f3a97726868df36d.png,3.0,2.0,1.0,8.0,,,0.0,13.0,1.0,,,,,3.0,5.0,,,48.0,30.0,18.0,11.0,27.0,2.0,,8.0,,,,,1.0,4.0,3.0,1.0,1.0,,45.0,28.0,17.0,,,,1.0,10.0,1.0,7.0,,,6.0,3.0,78.0,,,,,,,,,1.0,,7.0,3.0,18.0,,1.0,35.0,,,,,,,,,2.0,1.0,2.0,,2.0,6.0,3.0,7.0,3.0,7.0,5.0,1.0,2.0,5.0,50.0,36.0,23.0,47.0,2.0,,42.0,1.0,,2.0,268.0,12.0,2.0,7.0,8.0,65.0,81.0,,3.0,52.0,2.0,11.0,29.0,159.0,,7.0,7.0,6.0,2.0,,6.0,28.0,8.0,23.0,0.0,2.0
LaLiga Santander,https://www.laliga.com/en-ES/player/a-negredo,1651,a-negredo,Álvaro Negredo,A. Negredo,Álvaro,Negredo,male,1985-08-20T00:00:00+00:00,Madrid,71.0,186.0,False,https://twitter.com/_AlvaroNegredo_,https://instagram.com/alvaronegredo_10/,ES,Cádiz CF,CAD,1910-09-10T00:00:00+0000,https://assets.laliga.com/assets/2019/06/07/medium/cadiz.png,18.0,Forward,https://assets.laliga.com/squad/2021/t1737/p42892/512x556/p42892_t1737_2021_1_001_000.png,Estadio Nuevo Mirandilla,https://assets.laliga.com/assets/2019/08/12/medium/ec810605f774c1a9a3ed75de01826124.png,229.0,114.0,115.0,34.0,2.0,1.0,3.0,138.0,10.0,5.0,,5.0,1.0,,13.0,,,332.0,158.0,174.0,54.0,145.0,8.0,1.0,34.0,,,2.0,,7.0,30.0,27.0,3.0,7.0,,103.0,44.0,59.0,2.0,3.0,,4.0,55.0,2.0,21.0,,4.0,150.0,11.0,494.0,,,1.0,,,,3.0,2.0,7.0,,23.0,6.0,40.0,,,90.0,,,,,,,,,28.0,29.0,24.0,,9.0,10.0,,5.0,5.0,21.0,23.0,2.0,22.0,34.0,286.0,188.0,131.0,280.0,2.0,3.0,38.0,4.0,1.0,2.0,2157.0,30.0,23.0,16.0,34.0,306.0,523.0,,57.0,314.0,5.0,123.0,209.0,831.0,,10.0,10.0,13.0,5.0,6.0,20.0,187.0,32.0,189.0,2.0,3.0
LaLiga Santander,https://www.laliga.com/en-ES/player/odriozola,4481,odriozola,Álvaro Odriozola,Odriozola,Álvaro,Odriozola,male,1995-12-14T00:00:00+00:00,San Sebastián,66.0,176.0,False,https://twitter.com/alvaroodriozola,https://instagram.com/alvaroodriozola/,ES,Fiorentina,FIO,,https://assets.laliga.com/assets/2021/03/11/medium/ac40b8a0a7db0aee0a118e68608c2ba8.png,29.0,Defender,,Artemio Franchi,,19.0,18.0,1.0,25.0,1.0,,0.0,201.0,1.0,6.0,,3.0,,2.0,17.0,,,124.0,74.0,50.0,43.0,230.0,7.0,1.0,25.0,,,1.0,,1.0,28.0,25.0,3.0,1.0,,105.0,56.0,49.0,1.0,,,1.0,48.0,8.0,25.0,,1.0,343.0,1.0,826.0,,,1.0,,,,,,1.0,,39.0,11.0,88.0,,,64.0,,,,,,,,,1.0,2.0,18.0,1.0,5.0,7.0,,13.0,13.0,12.0,20.0,5.0,1.0,29.0,733.0,357.0,401.0,716.0,10.0,15.0,38.0,,12.0,127.0,1728.0,25.0,21.0,15.0,12.0,200.0,838.0,1.0,3.0,745.0,25.0,57.0,93.0,1236.0,1.0,39.0,38.0,13.0,10.0,,16.0,94.0,38.0,77.0,1.0,4.0
LaLiga Santander,https://www.laliga.com/en-ES/player/alvaro-sanz-1,24213,alvaro-sanz-1,Álvaro Sanz,Alvaro Sanz,Álvaro,Sanz,male,2001-02-14T00:00:00+00:00,Caspe,,,False,,,ES,FC Barcelona,BAR,1899-11-29T00:00:00+0000,https://assets.laliga.com/assets/2019/06/07/medium/barcelona.png,34.0,Midfielder,,Camp Nou,https://assets.laliga.com/assets/2019/06/17/medium/0623ce55ec3ee4e439ed6d24fe2ba77b.png,,,,2.0,,,0.0,4.0,,,,,,,,,,3.0,2.0,1.0,,2.0,,,2.0,,,,,,1.0,1.0,,,,3.0,2.0,1.0,,,,0.0,34.0,,1.0,,,5.0,,12.0,,,,,,,,,,,,,2.0,,,1.0,,,,,,,,,,,,,,2.0,,,,,,,,,10.0,8.0,2.0,10.0,,,38.0,,,1.0,27.0,1.0,,,1.0,3.0,12.0,,,10.0,,,2.0,15.0,,,,1.0,1.0,,1.0,2.0,,1.0,0.0,
LaLiga Santander,https://www.laliga.com/en-ES/player/vadillo,923,vadillo,Álvaro Vadillo,Vadillo,Álvaro,Vadillo,male,1994-09-12T00:00:00+00:00,Puerto Real,69.0,180.0,False,https://twitter.com/Alvaro_Vadillo,https://instagram.com/alvaro_vadillo/,ES,Málaga CF,MGA,1994-06-29T00:00:00+0000,https://assets.laliga.com/assets/2019/06/07/medium/malaga.png,18.0,Forward,,La Rosaleda,https://assets.laliga.com/assets/2019/08/12/medium/b1cf44da3b0fe0511b42a6ab3ef10862.png,24.0,16.0,8.0,17.0,2.0,4.0,2.0,72.0,3.0,2.0,,,,29.0,12.0,,,110.0,66.0,44.0,18.0,83.0,3.0,,17.0,,,2.0,,3.0,10.0,10.0,,2.0,1.0,86.0,50.0,36.0,,1.0,,1.0,10.0,2.0,18.0,,,53.0,10.0,315.0,,,,,,,1.0,1.0,2.0,,16.0,8.0,39.0,,2.0,120.0,,,,,,,,,7.0,11.0,11.0,,11.0,6.0,9.0,14.0,2.0,9.0,8.0,,4.0,13.0,247.0,209.0,63.0,245.0,7.0,6.0,42.0,1.0,2.0,8.0,911.0,34.0,3.0,5.0,14.0,183.0,328.0,,18.0,258.0,13.0,23.0,70.0,564.0,16.0,47.0,19.0,22.0,2.0,1.0,11.0,103.0,14.0,59.0,2.0,3.0
LaLiga Santander,https://www.laliga.com/en-ES/player/algobia,9519,algobia,Ángel Algobia,Algobia,Ángel,Algobia,male,1999-06-23T00:00:00+00:00,Velilla de San Antonio,78.0,180.0,False,,,ES,Getafe CF,GET,1983-03-30T00:00:00+0000,https://assets.laliga.com/assets/2019/06/07/medium/getafe.png,29.0,Midfielder,https://assets.laliga.com/squad/2021/t1450/p471840/512x556/p471840_t1450_2021_0_001_000.png,Coliseum Alfonso Pérez,https://assets.laliga.com/assets/2019/06/17/medium/b881ba5a6846e7ccdbc3a6a75a2c5e69.png,,,,,,,,,,,,,,,,,,,,,,,,,,,,,,,,,,,,,,,,,,,,,,,,,,,,,,,,,,,,,,,,,,,,,,,,,,,,,,,,,,,,,,,,,,,,,,,38.0,,,,,,,,,,,,,,,,,,,,,,,,,,,,,
LaLiga Santander,https://www.laliga.com/en-ES/player/correa,1328,correa,Ángel Correa,Correa,Ángel,Correa,male,1995-03-09T00:00:00+00:00,Rosario,70.0,171.0,True,https://twitter.com/AngelCorrea32,https://instagram.com/angelcorrea32/,AR,Atlético de Madrid,ATM,1903-04-26T00:00:00+0000,https://assets.laliga.com/assets/2019/06/07/medium/atletico.png,10.0,Forward,https://assets.laliga.com/squad/2021/t175/p156223/512x556/p156223_t175_2021_1_001_000.png,Wanda Metropolitano,https://assets.laliga.com/assets/2019/06/17/medium/935f92c15c4d3442ef3f6d843beba0e1.png,22.0,16.0,6.0,36.0,3.0,,6.0,195.0,17.0,2.0,,1.0,,15.0,18.0,,,213.0,133.0,80.0,59.0,151.0,14.0,,36.0,,,5.0,,12.0,21.0,18.0,3.0,10.0,2.0,191.0,117.0,74.0,,1.0,2.0,6.0,55.0,10.0,20.0,,2.0,147.0,10.0,584.0,,,,,,,,,5.0,,44.0,23.0,78.0,,9.0,106.0,,,,,,,,,10.0,23.0,21.0,1.0,16.0,15.0,2.0,5.0,3.0,32.0,22.0,1.0,14.0,12.0,444.0,324.0,139.0,446.0,8.0,8.0,38.0,6.0,,2.0,1856.0,71.0,3.0,24.0,27.0,327.0,599.0,1.0,33.0,458.0,16.0,148.0,141.0,1005.0,8.0,29.0,21.0,23.0,7.0,2.0,15.0,149.0,21.0,126.0,4.0,3.0
LaLiga Santander,https://www.laliga.com/en-ES/player/angel-4,15765,angel-4,Ángel Jiménez,Angel,Ángel,Jiménez,male,2002-06-22T00:00:00+00:00,Granada,,,False,,,ES,Granada CF,GRA,1931-01-01T00:00:00+0000,https://assets.laliga.com/assets/2019/06/07/medium/granada.png,30.0,Goalkeeper,https://assets.laliga.com/squad/2021/t5683/p519839/512x556/p519839_t5683_2021_1_001_000.png,Nuevo Los Cármenes,https://assets.laliga.com/assets/2019/08/07/medium/4de53714b029bf44d86c53bd0d6835d3.png,,,,,,,,,,,,,,,,,,,,,,,,,,,,,,,,,,,,,,,,,,,,,,,,,,,,,,,,,,,,,,,,,,,,,,,,,,,,,,,,,,,,,,,,,,,,,,,38.0,,,,,,,,,,,,,,,,,,,,,,,,,,,,,
LaLiga Santander,https://www.laliga.com/en-ES/player/montoro-j-m,261,montoro-j-m,Ángel Montoro,Montoro J.m.,Ángel,Montoro,male,1988-06-25T00:00:00+00:00,Valencia,72.0,181.0,False,,,ES,Granada CF,GRA,1931-01-01T00:00:00+0000,https://assets.laliga.com/assets/2019/06/07/medium/granada.png,19.0,Midfielder,https://assets.laliga.com/squad/2021/t5683/p76597/512x556/p76597_t5683_2021_1_001_000.png,Nuevo Los Cármenes,https://assets.laliga.com/assets/2019/08/07/medium/4de53714b029bf44d86c53bd0d6835d3.png,26.0,18.0,8.0,24.0,,,1.0,92.0,5.0,1.0,,,,27.0,11.0,,,124.0,72.0,52.0,38.0,232.0,16.0,,24.0,,1.0,1.0,,1.0,30.0,29.0,1.0,,1.0,98.0,54.0,44.0,1.0,,,0.0,73.0,11.0,22.0,,,138.0,2.0,564.0,,,,,,,,,4.0,,20.0,10.0,83.0,,1.0,155.0,,,,,,,,,11.0,5.0,13.0,,9.0,11.0,9.0,13.0,2.0,,22.0,5.0,4.0,53.0,441.0,255.0,237.0,426.0,13.0,13.0,38.0,1.0,,1.0,1329.0,16.0,26.0,29.0,18.0,206.0,617.0,,16.0,479.0,26.0,19.0,138.0,840.0,15.0,32.0,8.0,3.0,14.0,,51.0,144.0,26.0,87.0,0.0,5.0
LaLiga Santander,https://www.laliga.com/en-ES/player/angel,881,angel,Ángel Rodríguez,Ángel,Ángel,Rodríguez,male,1987-04-26T00:00:00+00:00,Santa Cruz de Tenerife,68.0,172.0,False,,,ES,RCD Mallorca,MLL,1916-03-06T00:00:00+0000,https://assets.laliga.com/assets/2019/06/07/medium/mallorca.png,22.0,Forward,https://assets.laliga.com/squad/2021/t181/p56419/512x556/p56419_t181_2021_1_001_000.png,Visit Mallorca Estadi,https://assets.laliga.com/assets/2019/08/07/medium/6f67f604b5025b10ef0dc14d700586ae.png,49.0,30.0,19.0,29.0,2.0,,2.0,79.0,4.0,1.0,,,,,4.0,,,181.0,111.0,70.0,49.0,56.0,20.0,1.0,29.0,,,2.0,,4.0,26.0,22.0,4.0,4.0,,132.0,81.0,51.0,4.0,1.0,2.0,2.0,24.0,3.0,11.0,,,58.0,17.0,241.0,,,,,,,,,4.0,,27.0,14.0,47.0,,3.0,58.0,,,,,,,,,14.0,11.0,19.0,,18.0,10.0,,2.0,2.0,13.0,22.0,,17.0,9.0,174.0,116.0,70.0,175.0,6.0,9.0,38.0,2.0,,1.0,1549.0,31.0,11.0,37.0,23.0,153.0,251.0,,25.0,184.0,15.0,67.0,67.0,495.0,,8.0,8.0,10.0,3.0,1.0,7.0,63.0,12.0,60.0,2.0,4.0
LaLiga Santander,https://www.laliga.com/en-ES/player/i-lekue,1888,i-lekue,Íñigo Lekue,I. Lekue,Íñigo,Lekue,male,1993-05-04T00:00:00+00:00,Bilbao,70.0,180.0,False,https://twitter.com/ilekue93,,ES,Athletic Club,ATH,1898-12-31T00:00:00+0000,https://assets.laliga.com/assets/2019/06/07/medium/athletic.png,15.0,Defender,https://assets.laliga.com/squad/2021/t174/p197314/512x556/p197314_t174_2021_1_001_000.png,Estadio San Mamés,https://assets.laliga.com/assets/2019/06/17/medium/f020571f7c260516dfab3b9dc5df6348.png,35.0,17.0,18.0,25.0,2.0,,0.0,81.0,5.0,12.0,,7.0,,,16.0,,,155.0,83.0,72.0,33.0,395.0,8.0,,25.0,,,2.0,,,23.0,22.0,1.0,,,120.0,66.0,54.0,1.0,,,0.0,78.0,23.0,11.0,,,262.0,,851.0,,,,,,,,,3.0,,55.0,25.0,144.0,,,138.0,,,,,,,,,1.0,1.0,22.0,,4.0,3.0,,17.0,17.0,13.0,21.0,13.0,,58.0,616.0,337.0,315.0,577.0,9.0,23.0,38.0,,36.0,222.0,1927.0,26.0,51.0,19.0,9.0,389.0,876.0,,2.0,635.0,32.0,12.0,241.0,1485.0,,49.0,49.0,16.0,44.0,,88.0,209.0,81.0,153.0,0.0,3.0
LaLiga Santander,https://www.laliga.com/en-ES/player/i-martinez,687,i-martinez,Íñigo Martínez,I. Martinez,Íñigo,Martínez,male,1991-05-17T00:00:00+00:00,Bilbao,76.0,182.0,True,https://twitter.com/InigoMartinez91,,ES,Athletic Club,ATH,1898-12-31T00:00:00+0000,https://assets.laliga.com/assets/2019/06/07/medium/athletic.png,4.0,Defender,https://assets.laliga.com/squad/2021/t174/p90318/512x556/p90318_t174_2021_1_001_000.png,Estadio San Mamés,https://assets.laliga.com/assets/2019/06/17/medium/f020571f7c260516dfab3b9dc5df6348.png,121.0,49.0,72.0,27.0,,3.0,1.0,68.0,8.0,10.0,,13.0,,,3.0,,,215.0,89.0,126.0,62.0,518.0,14.0,,27.0,,,,,3.0,18.0,17.0,1.0,3.0,,94.0,40.0,54.0,2.0,3.0,,2.0,60.0,39.0,4.0,,,237.0,2.0,1112.0,,,1.0,,,,,,1.0,,24.0,12.0,175.0,1.0,,370.0,,,,,,,,,10.0,9.0,26.0,1.0,1.0,1.0,,3.0,3.0,2.0,39.0,23.0,,121.0,873.0,340.0,608.0,824.0,15.0,13.0,38.0,,,4.0,2343.0,3.0,137.0,33.0,27.0,271.0,1193.0,2.0,19.0,945.0,28.0,34.0,248.0,1550.0,,8.0,8.0,,72.0,1.0,146.0,177.0,79.0,102.0,1.0,7.0
LaLiga Santander,https://www.laliga.com/en-ES/player/oliver-t,1034,oliver-t,Óliver Torres,Oliver T.,Óliver,Torres,male,1994-11-10T00:00:00+00:00,Madrid,70.0,178.0,False,https://twitter.com/olitorres10,,ES,Sevilla FC,SEV,1905-10-14T00:00:00+0000,https://assets.laliga.com/assets/2019/06/07/medium/sevilla.png,21.0,Midfielder,https://assets.laliga.com/squad/2021/t179/p115860/512x556/p115860_t179_2021_1_001_000.png,Ramón Sánchez-Pizjuán,https://assets.laliga.com/assets/2021/01/20/medium/5a52ab192cd4e4b1cc3e3a752d99c4e8.png,24.0,19.0,5.0,26.0,2.0,,0.0,125.0,4.0,1.0,,,,5.0,4.0,,,143.0,84.0,59.0,24.0,188.0,15.0,,26.0,,,3.0,,2.0,16.0,14.0,2.0,2.0,,119.0,65.0,54.0,1.0,,1.0,2.0,47.0,6.0,9.0,,,139.0,2.0,603.0,,,,,,,,,1.0,,20.0,9.0,89.0,,2.0,164.0,,,,,,,1.0,,5.0,5.0,11.0,,10.0,15.0,1.0,5.0,4.0,15.0,11.0,,10.0,58.0,493.0,300.0,211.0,448.0,10.0,12.0,38.0,3.0,,12.0,1006.0,32.0,4.0,17.0,17.0,182.0,616.0,,10.0,506.0,22.0,25.0,110.0,822.0,3.0,20.0,17.0,11.0,4.0,,36.0,106.0,24.0,74.0,0.0,2.0
LaLiga Santander,https://www.laliga.com/en-ES/player/de-marcos,401,de-marcos,Óscar De Marcos,De Marcos,Óscar,De Marcos,male,1989-04-14T00:00:00+00:00,Laguardia,77.0,182.0,False,,,ES,Athletic Club,ATH,1898-12-31T00:00:00+0000,https://assets.laliga.com/assets/2019/06/07/medium/athletic.png,18.0,Defender,https://assets.laliga.com/squad/2021/t174/p59062/512x556/p59062_t174_2021_1_001_000.png,Estadio San Mamés,https://assets.laliga.com/assets/2019/06/17/medium/f020571f7c260516dfab3b9dc5df6348.png,39.0,16.0,23.0,22.0,1.0,,0.0,88.0,,3.0,,3.0,,,14.0,,,151.0,67.0,84.0,36.0,375.0,11.0,,22.0,,,2.0,,1.0,13.0,13.0,,,1.0,112.0,51.0,61.0,5.0,,,1.0,64.0,19.0,16.0,,,359.0,3.0,842.0,,,,,,,,,2.0,,50.0,17.0,120.0,,1.0,45.0,,,,,,,,,,3.0,19.0,,10.0,3.0,,9.0,9.0,4.0,22.0,8.0,,35.0,619.0,358.0,294.0,608.0,13.0,37.0,38.0,,12.0,215.0,1683.0,16.0,26.0,25.0,8.0,305.0,867.0,,3.0,643.0,50.0,20.0,224.0,1328.0,,39.0,39.0,9.0,28.0,,56.0,196.0,67.0,168.0,1.0,4.0
LaLiga Santander,https://www.laliga.com/en-ES/player/o-duarte,3182,o-duarte,Óscar Duarte,O. Duarte,Óscar,Duarte,male,1989-06-03T00:00:00+00:00,Masaya,81.0,186.0,True,https://twitter.com/ODuarte04,https://instagram.com/oduarte06/,CR,Levante UD,LEV,1909-09-07T00:00:00+0000,https://assets.laliga.com/assets/2019/06/07/medium/levante.png,6.0,Defender,https://assets.laliga.com/squad/2021/t855/p99128/512x556/p99128_t855_2021_1_001_000.png,Estadio Ciutat de València,https://assets.laliga.com/assets/2021/07/21/medium/ae79ef9d1c26baf8602706ba1acef94b.png,105.0,37.0,68.0,23.0,,,1.0,44.0,2.0,9.0,,2.0,,,,,,168.0,78.0,90.0,33.0,363.0,10.0,,23.0,3.0,1.0,,,2.0,36.0,29.0,7.0,2.0,,63.0,41.0,22.0,,2.0,,1.0,38.0,24.0,3.0,1.0,,299.0,2.0,918.0,,,,,,,,,3.0,,13.0,9.0,98.0,,,259.0,,,,,,,,,12.0,5.0,20.0,,5.0,3.0,,,,1.0,21.0,14.0,,98.0,769.0,212.0,595.0,709.0,10.0,8.0,38.0,,,,1774.0,2.0,98.0,26.0,4.0,170.0,965.0,,17.0,807.0,18.0,25.0,158.0,1187.0,,,,1.0,29.0,,68.0,96.0,62.0,90.0,0.0,5.0
LaLiga Santander,https://www.laliga.com/en-ES/player/oscar-gil-2,9299,oscar-gil-2,Óscar Gil,Oscar Gil,Óscar,Gil,male,1998-04-26T00:00:00+00:00,Elche,,173.0,False,,,ES,RCD Espanyol de Barcelona,ESP,1900-10-23T00:00:00+0000,https://assets.laliga.com/assets/2019/06/07/medium/espanyol.png,12.0,Defender,https://assets.laliga.com/squad/2021/t177/p468115/512x556/p468115_t177_2021_1_001_000.png,RCDE Stadium,https://assets.laliga.com/assets/2019/06/17/medium/306cc02af120e092849ddf38954bcb3e.png,30.0,24.0,6.0,22.0,2.0,,0.0,161.0,1.0,9.0,,4.0,,,7.0,,,200.0,105.0,95.0,51.0,162.0,23.0,,22.0,,,2.0,,,21.0,20.0,1.0,,,170.0,81.0,89.0,2.0,,,0.0,34.0,19.0,14.0,,,212.0,2.0,543.0,,,,,,,,,1.0,,43.0,24.0,72.0,,,22.0,,,,,,,,,4.0,1.0,20.0,,12.0,2.0,,8.0,8.0,13.0,29.0,4.0,1.0,20.0,461.0,242.0,241.0,455.0,17.0,35.0,38.0,,15.0,127.0,1696.0,26.0,22.0,36.0,24.0,195.0,557.0,,5.0,475.0,52.0,14.0,82.0,1032.0,,30.0,30.0,14.0,16.0,,26.0,75.0,37.0,56.0,0.0,7.0
LaLiga Santander,https://www.laliga.com/en-ES/player/melendo,5610,melendo,Óscar Melendo,Melendo,Óscar,Melendo,male,1997-08-23T00:00:00+00:00,Barcelona,63.0,167.0,False,,,ES,RCD Espanyol de Barcelona,ESP,1900-10-23T00:00:00+0000,https://assets.laliga.com/assets/2019/06/07/medium/espanyol.png,14.0,Midfielder,https://assets.laliga.com/squad/2021/t177/p243718/512x556/p243718_t177_2021_1_001_000.png,RCDE Stadium,https://assets.laliga.com/assets/2019/06/17/medium/306cc02af120e092849ddf38954bcb3e.png,22.0,15.0,7.0,21.0,,,0.0,100.0,3.0,1.0,,,,1.0,,,,118.0,49.0,69.0,22.0,95.0,2.0,,21.0,,,,,,20.0,19.0,1.0,,,96.0,34.0,62.0,1.0,,,0.0,33.0,1.0,18.0,,,146.0,,417.0,,,,,,,,,3.0,,9.0,3.0,56.0,,,85.0,,,,,,,,,5.0,,14.0,,14.0,7.0,,1.0,1.0,15.0,12.0,,7.0,13.0,379.0,257.0,132.0,375.0,6.0,5.0,38.0,3.0,,3.0,996.0,16.0,9.0,9.0,37.0,75.0,426.0,,5.0,388.0,11.0,11.0,38.0,571.0,,3.0,3.0,3.0,2.0,1.0,8.0,28.0,13.0,30.0,0.0,
LaLiga Santander,https://www.laliga.com/en-ES/player/mingueza,14734,mingueza,Óscar Mingueza,Mingueza,Óscar,Mingueza,male,1999-05-13T00:00:00+00:00,Santa Perpetua de Moguda,75.0,184.0,False,,,ES,FC Barcelona,BAR,1899-11-29T00:00:00+0000,https://assets.laliga.com/assets/2019/06/07/medium/barcelona.png,22.0,Defender,https://assets.laliga.com/squad/2021/t178/p242313/512x556/p242313_t178_2021_1_001_000.png,Camp Nou,https://assets.laliga.com/assets/2019/06/17/medium/0623ce55ec3ee4e439ed6d24fe2ba77b.png,15.0,6.0,9.0,19.0,1.0,,0.0,97.0,,,,2.0,,,4.0,,,75.0,31.0,44.0,14.0,200.0,8.0,,19.0,1.0,,1.0,,,10.0,8.0,2.0,,,60.0,25.0,35.0,,,1.0,0.0,100.0,9.0,8.0,,,282.0,1.0,646.0,,,,,,,,,,,11.0,5.0,45.0,,,75.0,,,,,,,,,1.0,1.0,9.0,,6.0,10.0,,9.0,9.0,6.0,6.0,,,24.0,576.0,300.0,293.0,560.0,14.0,11.0,38.0,2.0,9.0,59.0,891.0,6.0,18.0,12.0,4.0,117.0,654.0,,2.0,584.0,25.0,8.0,70.0,862.0,,23.0,23.0,1.0,11.0,,25.0,72.0,21.0,45.0,0.0,2.0
LaLiga Santander,https://www.laliga.com/en-ES/player/oscar-4,7257,oscar-4,Óscar Rodríguez,Óscar,Óscar,Rodríguez,male,1998-06-28T00:00:00+00:00,Talavera de la Reina,67.0,174.0,False,,,ES,Getafe CF,GET,1983-03-30T00:00:00+0000,https://assets.laliga.com/assets/2019/06/07/medium/getafe.png,24.0,Midfielder,https://assets.laliga.com/squad/2021/t1450/p223757/512x556/p223757_t1450_2021_1_001_000.png,Coliseum Alfonso Pérez,https://assets.laliga.com/assets/2019/06/17/medium/b881ba5a6846e7ccdbc3a6a75a2c5e69.png,24.0,15.0,9.0,18.0,1.0,9.0,,61.0,7.0,1.0,,,,14.0,11.0,,,98.0,52.0,46.0,30.0,149.0,5.0,,18.0,,,1.0,,,9.0,9.0,,,,74.0,37.0,37.0,,,1.0,,10.0,11.0,10.0,,,75.0,1.0,369.0,,,,,,,,,,,15.0,6.0,53.0,,,96.0,,,,,,,,,11.0,8.0,9.0,,8.0,9.0,4.0,12.0,3.0,10.0,13.0,,5.0,29.0,293.0,172.0,141.0,272.0,5.0,11.0,38.0,2.0,1.0,3.0,943.0,21.0,5.0,8.0,11.0,157.0,381.0,,19.0,301.0,16.0,12.0,80.0,582.0,9.0,31.0,13.0,9.0,9.0,1.0,24.0,90.0,21.0,56.0,,3.0
LaLiga Santander,https://www.laliga.com/en-ES/player/oscar-trejo,6175,oscar-trejo,Óscar Trejo,Oscar Trejo,Óscar,Trejo,male,1988-04-26T00:00:00+00:00,Santiago del Estero,79.0,180.0,False,,,AR,Rayo Vallecano,RAY,1924-05-20T00:00:00+0000,https://assets.laliga.com/assets/2019/06/07/medium/rayo.png,8.0,Forward,https://assets.laliga.com/squad/2021/t184/p40721/512x556/p40721_t184_2021_1_001_000.png,Estadio de Vallecas,https://assets.laliga.com/assets/2019/08/12/medium/b86a37d70be8931c079066cc8c48817f.png,55.0,30.0,25.0,32.0,5.0,,0.0,204.0,8.0,1.0,,,,66.0,11.0,,,446.0,229.0,217.0,73.0,297.0,40.0,,32.0,,,9.0,,3.0,21.0,19.0,2.0,3.0,,391.0,199.0,192.0,5.0,,,3.0,98.0,13.0,51.0,,,187.0,4.0,855.0,,,,,,,3.0,3.0,3.0,,42.0,25.0,151.0,,3.0,228.0,,,,,,,,,6.0,9.0,24.0,,22.0,8.0,24.0,37.0,6.0,82.0,41.0,,17.0,36.0,697.0,554.0,236.0,717.0,18.0,24.0,38.0,5.0,1.0,5.0,2023.0,111.0,11.0,59.0,68.0,449.0,916.0,,15.0,753.0,42.0,58.0,163.0,1564.0,35.0,81.0,20.0,45.0,1.0,3.0,22.0,221.0,23.0,141.0,1.0,13.0
LaLiga Santander,https://www.laliga.com/en-ES/player/oscar-5,8554,oscar-5,Óscar Valentín,Óscar,Óscar,Valentín,male,1994-08-20T00:00:00+00:00,Ajofrín,72.0,177.0,False,,,ES,Rayo Vallecano,RAY,1924-05-20T00:00:00+0000,https://assets.laliga.com/assets/2019/06/07/medium/rayo.png,23.0,Midfielder,https://assets.laliga.com/squad/2021/t184/p433161/512x556/p433161_t184_2021_1_001_000.png,Estadio de Vallecas,https://assets.laliga.com/assets/2019/08/12/medium/b86a37d70be8931c079066cc8c48817f.png,85.0,48.0,37.0,35.0,,,0.0,151.0,3.0,10.0,,2.0,1.0,,1.0,,,381.0,173.0,208.0,77.0,445.0,33.0,,35.0,,,,,,38.0,34.0,4.0,,,296.0,125.0,171.0,1.0,,,0.0,47.0,39.0,15.0,,,393.0,,1277.0,,,1.0,,,,,,4.0,,68.0,46.0,218.0,,,325.0,,,,,,,,,6.0,2.0,29.0,,16.0,6.0,,1.0,1.0,16.0,41.0,7.0,5.0,91.0,1064.0,570.0,532.0,1010.0,49.0,53.0,38.0,,,,2575.0,15.0,43.0,50.0,55.0,272.0,1314.0,,8.0,1101.0,102.0,10.0,213.0,1762.0,,2.0,2.0,4.0,35.0,,69.0,153.0,62.0,144.0,0.0,8.0
